FID,X,Y,Id,Calle_1,Calle_2,Calle_3,Tipo,Control,Cab_Vehicu,Cab_Peaton,Cab_Repeti,Cuadrantes
0,-98.194905,19.047391,1,10 ORIENTE,2 NORTE,0,PEDESTAL,C-26,1,0,0,NOR-ORIENTE
1,-98.194817,19.047477,2,10 ORIENTE,2 NORTE,0,LATIGO,C-26,1,0,0,NOR-ORIENTE
2,-98.193418,19.04679,3,10 ORIENTE,4 NORTE,0,PEDESTAL,C-26,1,0,0,NOR-ORIENTE
3,-98.193301,19.046703,4,10 ORIENTE,4 NORTE,0,PEDESTAL,C-26,1,0,0,NOR-ORIENTE
4,-98.206729,19.053455,5,10 PONIENTE,15 NORTE,0,PEDESTAL,C-26,1,0,0,NOR-PONIENTE
5,-98.20666,19.053555,6,10 PONIENTE,15 NORTE,0,PEDESTAL,C-26,1,0,0,NOR-PONIENTE
6,-98.208064,19.054321,7,10 PONIENTE,17 NORTE,0,LATIGO,C-26,1,0,0,NOR-PONIENTE
7,-98.208056,19.054277,8,10 PONIENTE,17 NORTE,0,PEDESTAL,C-26,1,0,0,NOR-PONIENTE
8,-98.209907,19.055097,9,10 PONIENTE,19 NORTE,0,PEDESTAL,C-26,1,0,0,NOR-PONIENTE
9,-98.209747,19.055144,10,10 PONIENTE,19 NORTE,0,PEDESTAL,C-26,1,0,0,NOR-PONIENTE
10,-98.21447,19.057564,11,10 PONIENTE,25 NORTE,0,P-300,C-208,1,0,0,NOR-PONIENTE
11,-98.214355,19.057476,12,10 PONIENTE,25 NORTE,0,P-300,C-208,1,0,0,NOR-PONIENTE
12,-98.215575,19.057969,13,10 PONIENTE,27 NORTE,0,MG-10,C-216,2,0,0,NOR-PONIENTE
13,-98.215478,19.058147,14,10 PONIENTE,27 NORTE,0,MG-10,C-216,1,0,0,NOR-PONIENTE
14,-98.215191,19.057709,15,10 PONIENTE,27 NORTE,0,MG-10,C-216,3,0,1,NOR-PONIENTE
15,-98.215077,19.057729,16,10 PONIENTE,27 NORTE,0,PEDESTAL,C-216,1,0,0,NOR-PONIENTE
16,-98.215026,19.057697,17,10 PONIENTE,27 NORTE,0,LATIGO,C-216,1,0,1,NOR-PONIENTE
17,-98.215008,19.05791,18,10 PONIENTE,27 NORTE,0,MG-10,C-216,3,0,0,NOR-PONIENTE
18,-98.21702,19.058834,19,10 PONIENTE,29 NORTE,0,MG-10,C-208,4,0,0,NOR-PONIENTE
19,-98.216971,19.058671,20,10 PONIENTE,29 NORTE,0,MG-10,C-208,1,0,0,NOR-PONIENTE
20,-98.216833,19.058726,21,10 PONIENTE,29 NORTE,0,MG-10,C-208,4,0,0,NOR-PONIENTE
21,-98.216776,19.058827,22,10 PONIENTE,29 NORTE,0,MG-10,C-208,1,0,0,NOR-PONIENTE
22,-98.196405,19.04829,23,10 PONIENTE,5 DE MAYO,0,PEDESTAL,C-26,0,1,0,NOR-PONIENTE
23,-98.196324,19.048224,24,10 PONIENTE,5 DE MAYO,0,PEDESTAL,C-26,1,0,0,NOR-ORIENTE
24,-98.199377,19.049864,25,10 PONIENTE,5 NORTE,0,PEDESTAL,C-26,1,0,0,NOR-PONIENTE
25,-98.199295,19.049778,26,10 PONIENTE,5 NORTE,0,PEDESTAL,C-26,1,0,0,NOR-PONIENTE
26,-98.200997,19.050548,27,10 PONIENTE,7 NORTE,0,PEDESTAL,C-26,0,2,0,NOR-PONIENTE
27,-98.200955,19.050611,28,10 PONIENTE,7 NORTE,0,PEDESTAL,C-26,0,2,0,NOR-PONIENTE
28,-98.200879,19.05048,29,10 PONIENTE,7 NORTE,0,PEDESTAL,C-26,1,2,0,NOR-PONIENTE
29,-98.200807,19.050534,30,10 PONIENTE,7 NORTE,0,PEDESTAL,C-26,1,2,0,NOR-PONIENTE
30,-98.202449,19.051401,31,10 PONIENTE,9 NORTE,0,PEDESTAL,C-26,1,0,0,NOR-PONIENTE
31,-98.202359,19.05133,32,10 PONIENTE,9 NORTE,0,PEDESTAL,C-26,1,0,0,NOR-PONIENTE
32,-98.216204,19.058296,33,10 PONIENTE,ENTRADA SAN ALEJANDRO,0,PEDESTAL,C-216,0,1,0,NOR-PONIENTE
33,-98.216176,19.058391,34,10 PONIENTE,ENTRADA SAN ALEJANDRO,0,MG-10,C-216,4,0,0,NOR-PONIENTE
34,-98.216097,19.05846,35,10 PONIENTE,ENTRADA SAN ALEJANDRO,0,PEDESTAL,C-216,0,1,0,NOR-PONIENTE
35,-98.23064,18.992644,36,105 PONIENTE,5 SUR,0,LATIGO,C-26,1,0,0,SUR-PONIENTE
36,-98.230605,18.992457,37,105 PONIENTE,5 SUR,0,PEDESTAL,C-26,1,0,0,SUR-PONIENTE
37,-98.230589,18.992661,38,105 PONIENTE,5 SUR,0,PEDESTAL,C-26,1,0,0,SUR-PONIENTE
38,-98.230569,18.992464,39,105 PONIENTE,5 SUR,0,LATIGO,C-26,1,0,0,SUR-PONIENTE
39,-98.204084,19.052074,40,11 NORTE,10 PONIENTE,0,LATIGO,C-26,1,0,0,NOR-PONIENTE
40,-98.204071,19.052091,41,11 NORTE,10 PONIENTE,0,PEDESTAL,C-26,0,2,0,NOR-PONIENTE
41,-98.204006,19.052226,42,11 NORTE,10 PONIENTE,0,LATIGO,C-26,1,0,1,NOR-PONIENTE
42,-98.203851,19.052122,43,11 NORTE,10 PONIENTE,0,PEDESTAL,C-26,1,0,0,NOR-PONIENTE
43,-98.203625,19.052874,44,11 NORTE,12 PONIENTE,0,DOBLE LATIGO,C-26,2,0,0,NOR-PONIENTE
44,-98.20354,19.053004,45,11 NORTE,12 PONIENTE,0,LATIGO,C-26,1,0,1,NOR-PONIENTE
45,-98.20318,19.053621,46,11 NORTE,14 PONIENTE,0,LATIGO,C-26,1,0,1,NOR-PONIENTE
46,-98.203109,19.053739,47,11 NORTE,14 PONIENTE,0,LATIGO,C-26,1,0,1,NOR-PONIENTE
47,-98.202464,19.055162,48,11 NORTE,18 PONIENTE,0,PEDESTAL,C-216,0,1,0,NOR-PONIENTE
48,-98.202391,19.055334,49,11 NORTE,18 PONIENTE,0,PEDESTAL,C-216,1,0,0,NOR-PONIENTE
49,-98.202289,19.055155,50,11 NORTE,18 PONIENTE,0,LATIGO,C-216,1,0,1,NOR-PONIENTE
50,-98.202178,19.055334,51,11 NORTE,18 PONIENTE,0,LATIGO,C-216,1,0,0,NOR-PONIENTE
51,-98.202162,19.05511,52,11 NORTE,18 PONIENTE,0,PEDESTAL,C-216,0,1,0,NOR-PONIENTE
52,-98.205909,19.049169,53,11 NORTE,2 PONIENTE,0,PEDESTAL,C-216,1,0,0,NOR-PONIENTE
53,-98.205805,19.049064,54,11 NORTE,2 PONIENTE,0,LATIGO,C-216,2,0,1,NOR-PONIENTE
54,-98.205784,19.04907,55,11 NORTE,2 PONIENTE,0,PEDESTAL,C-216,0,2,0,NOR-PONIENTE
55,-98.205715,19.049209,56,11 NORTE,2 PONIENTE,0,LATIGO,C-216,2,0,1,NOR-PONIENTE
56,-98.201397,19.05664,57,11 NORTE,22 PONIENTE,0,LATIGO,C-208,1,0,1,NOR-PONIENTE
57,-98.201364,19.056718,58,11 NORTE,22 PONIENTE,0,PEDESTAL,C-208,1,0,0,NOR-PONIENTE
58,-98.199835,19.059232,59,11 NORTE,28 PONIENTE,0,PEDESTAL,C-216,1,0,0,NOR-PONIENTE
59,-98.199784,19.059353,60,11 NORTE,28 PONIENTE,0,PEDESTAL,C-216,0,1,0,NOR-PONIENTE
60,-98.199778,19.059149,61,11 NORTE,28 PONIENTE,0,PEDESTAL,C-216,1,0,0,NOR-PONIENTE
61,-98.199689,19.059273,62,11 NORTE,28 PONIENTE,0,PEDESTAL,C-216,1,0,0,NOR-PONIENTE
62,-98.199679,19.059264,63,11 NORTE,28 PONIENTE,0,PEDESTAL,C-216,0,1,0,NOR-PONIENTE
63,-98.19926,19.060227,64,11 NORTE,30 PONIENTE,0,PEDESTAL,C-26,1,0,0,NOR-PONIENTE
64,-98.199223,19.060062,65,11 NORTE,30 PONIENTE,0,LATIGO,C-26,1,0,0,NOR-PONIENTE
65,-98.198785,19.06084,66,11 NORTE,32 PONIENTE,0,PEDESTAL,C-216,1,0,0,NOR-PONIENTE
66,-98.198701,19.060909,67,11 NORTE,32 PONIENTE,0,PEDESTAL,C-216,1,0,0,NOR-PONIENTE
67,-98.19837,19.061746,68,11 NORTE,34 PONIENTE,0,P-300,C-216,1,0,0,NOR-PONIENTE
68,-98.198322,19.061588,69,11 NORTE,34 PONIENTE,0,P-300,C-216,1,0,0,NOR-PONIENTE
69,-98.197884,19.062356,70,11 NORTE,36 PONIENTE,0,LATIGO,C-208,1,0,0,NOR-PONIENTE
70,-98.197848,19.06236,71,11 NORTE,36 PONIENTE,0,LATIGO,C-208,1,0,0,NOR-PONIENTE
71,-98.205435,19.050023,72,11 NORTE,4 PONIENTE,0,PEDESTAL,C-216,0,1,0,NOR-PONIENTE
72,-98.205351,19.049813,73,11 NORTE,4 PONIENTE,0,LATIGO,C-216,1,0,0,NOR-PONIENTE
73,-98.205289,19.049949,74,11 NORTE,4 PONIENTE,0,P-300,C-216,1,2,1,NOR-PONIENTE
74,-98.205169,19.04987,75,11 NORTE,4 PONIENTE,0,PEDESTAL,C-216,0,1,0,NOR-PONIENTE
75,-98.205165,19.049848,76,11 NORTE,4 PONIENTE,0,PEDESTAL,C-216,1,0,0,NOR-PONIENTE
76,-98.197101,19.063921,77,11 NORTE,40 PONIENTE,0,LATIGO,C-216,1,0,1,NOR-PONIENTE
77,-98.19687,19.06394,78,11 NORTE,40 PONIENTE,0,LATIGO,C-216,1,0,0,NOR-PONIENTE
78,-98.196667,19.064714,79,11 NORTE,42 PONIENTE,0,PEDESTAL,C-208,1,0,0,NOR-PONIENTE
79,-98.196652,19.064674,80,11 NORTE,42 PONIENTE,0,LATIGO,C-208,1,0,0,NOR-PONIENTE
80,-98.196581,19.06461,81,11 NORTE,42 PONIENTE,0,PEDESTAL,C-208,1,0,0,NOR-PONIENTE
81,-98.196484,19.064741,82,11 NORTE,42 PONIENTE,0,PEDESTAL,C-208,1,0,0,NOR-PONIENTE
82,-98.196412,19.064682,83,11 NORTE,42 PONIENTE,0,LATIGO,C-208,1,0,0,NOR-PONIENTE
83,-98.196188,19.06542,84,11 NORTE,44 PONIENTE,0,LATIGO,C-208,1,0,0,NOR-PONIENTE
84,-98.196152,19.065528,85,11 NORTE,44 PONIENTE,0,LATIGO,C-208,1,0,0,NOR-PONIENTE
85,-98.196123,19.065354,86,11 NORTE,44 PONIENTE,0,PEDESTAL,C-208,1,0,0,NOR-PONIENTE
86,-98.196027,19.065508,87,11 NORTE,44 PONIENTE,0,PEDESTAL,C-208,1,0,0,NOR-PONIENTE
87,-98.195946,19.065455,88,11 NORTE,44 PONIENTE,0,LATIGO,C-208,1,0,0,NOR-PONIENTE
88,-98.19571,19.0663,89,11 NORTE,46 PONIENTE,0,P-300,C-208,1,0,0,NOR-PONIENTE
89,-98.195682,19.066088,90,11 NORTE,46 PONIENTE,0,P-300,C-208,2,0,0,NOR-PONIENTE
90,-98.194579,19.067859,91,11 NORTE,52 PONIENTE,0,LATIGO,C-26,1,0,0,NOR-PONIENTE
91,-98.194561,19.067865,92,11 NORTE,52 PONIENTE,0,LATIGO,C-26,1,0,0,NOR-PONIENTE
92,-98.205039,19.050727,93,11 NORTE,6 PONIENTE,0,PEDESTAL,C-216,1,1,0,NOR-PONIENTE
93,-98.204901,19.050636,94,11 NORTE,6 PONIENTE,0,P-300,C-216,1,2,1,NOR-PONIENTE
94,-98.204841,19.050748,95,11 NORTE,6 PONIENTE,0,LATIGO,C-216,1,0,1,NOR-PONIENTE
95,-98.204792,19.050578,96,11 NORTE,6 PONIENTE,0,PEDESTAL,C-216,0,1,0,NOR-PONIENTE
96,-98.192062,19.072036,97,11 NORTE,64 PONIENTE,0,P-300,C-208,1,0,1,NOR-ORIENTE
97,-98.192035,19.072043,98,11 NORTE,64 PONIENTE,0,P-300,C-208,1,0,1,NOR-ORIENTE
98,-98.191724,19.072832,99,11 NORTE,66 PONIENTE,0,P-300,C-208,1,0,1,NOR-PONIENTE
99,-98.191628,19.072758,100,11 NORTE,66 PONIENTE,0,P-300,C-208,1,0,1,NOR-ORIENTE
100,-98.191302,19.073533,101,11 NORTE,68 PONIENTE,0,P-300,C-208,1,0,1,NOR-PONIENTE
101,-98.191192,19.073492,102,11 NORTE,68 PONIENTE,0,P-300,C-208,1,0,1,NOR-ORIENTE
102,-98.204509,19.051346,103,11 NORTE,8 PONIENTE,0,LATIGO,C-216,1,0,1,NOR-PONIENTE
103,-98.204495,19.051363,104,11 NORTE,8 PONIENTE,0,PEDESTAL,C-216,0,2,0,NOR-PONIENTE
104,-98.204428,19.051464,105,11 NORTE,8 PONIENTE,0,PEDESTAL,C-216,0,2,0,NOR-PONIENTE
105,-98.204422,19.051482,106,11 NORTE,8 PONIENTE,0,LATIGO,C-216,1,0,0,NOR-PONIENTE
106,-98.204274,19.051383,107,11 NORTE,8 PONIENTE,0,PEDESTAL,C-216,1,0,0,NOR-PONIENTE
107,-98.20194,19.055986,108,11 NORTE,HEROES DE NACOZARI,0,PEDESTAL,C-216,0,1,0,NOR-PONIENTE
108,-98.20185,19.055897,109,11 NORTE,HEROES DE NACOZARI,0,PEDESTAL,C-216,0,2,0,NOR-PONIENTE
109,-98.201738,19.055833,110,11 NORTE,HEROES DE NACOZARI,0,PEDESTAL,C-216,0,1,0,NOR-PONIENTE
110,-98.20165,19.056019,111,11 NORTE,HEROES DE NACOZARI,0,MG-10,C-216,3,0,1,NOR-PONIENTE
111,-98.201611,19.056026,112,11 NORTE,HEROES DE NACOZARI,0,PEDESTAL,C-216,0,1,0,NOR-PONIENTE
112,-98.201519,19.056202,113,11 NORTE,HEROES DE NACOZARI,0,LATIGO,C-216,1,0,2,NOR-PONIENTE
113,-98.195384,19.066768,114,11 NORTE,HEROES DE NACOZARI,0,LATIGO,C-216,1,0,0,NOR-PONIENTE
114,-98.19532,19.06692,115,11 NORTE,HEROES DE NACOZARI,0,PEDESTAL,C-216,1,0,0,NOR-PONIENTE
115,-98.195216,19.067024,116,11 NORTE,HEROES DE NACOZARI,0,LATIGO,C-216,1,0,0,NOR-PONIENTE
116,-98.195206,19.066991,117,11 NORTE,HEROES DE NACOZARI,0,PEDESTAL,C-216,1,0,0,NOR-PONIENTE
117,-98.195148,19.066892,118,11 NORTE,HEROES DE NACOZARI,0,LATIGO,C-216,1,0,1,NOR-PONIENTE
118,-98.192454,19.036295,119,11 ORIENTE,14 SUR,0,PEDESTAL,C-26,1,0,0,SUR-ORIENTE
119,-98.19239,19.036408,120,11 ORIENTE,14 SUR,0,PEDESTAL,C-26,1,0,0,SUR-ORIENTE
120,-98.200905,19.040607,121,11 ORIENTE,16 DE SEPTIEMBRE,0,PEDESTAL,C-26,1,0,0,SUR-PONIENTE
121,-98.200822,19.040708,122,11 ORIENTE,16 DE SEPTIEMBRE,0,PEDESTAL,C-26,1,0,0,SUR-PONIENTE
122,-98.199383,19.03983,123,11 ORIENTE,2 SUR,0,PEDESTAL,C-26,1,2,0,SUR-ORIENTE
123,-98.199331,19.03992,124,11 ORIENTE,2 SUR,0,PEDESTAL,C-26,0,2,0,SUR-ORIENTE
124,-98.19925,19.039756,125,11 ORIENTE,2 SUR,0,PEDESTAL,C-26,1,2,0,SUR-ORIENTE
125,-98.199176,19.039844,126,11 ORIENTE,2 SUR,0,PEDESTAL,C-26,0,2,0,SUR-ORIENTE
126,-98.187848,19.033845,127,11 ORIENTE,20 SUR,0,LATIGO,C-26,1,2,0,SUR-ORIENTE
127,-98.187818,19.033888,128,11 ORIENTE,20 SUR,0,PEDESTAL,C-26,1,2,0,SUR-ORIENTE
128,-98.187744,19.033794,129,11 ORIENTE,20 SUR,0,PEDESTAL,C-26,0,2,0,SUR-ORIENTE
129,-98.187718,19.033835,130,11 ORIENTE,20 SUR,0,PEDESTAL,C-26,0,2,0,SUR-ORIENTE
130,-98.185507,19.032686,131,11 ORIENTE,26 SUR,0,PEDESTAL,C-26,0,1,0,SUR-ORIENTE
131,-98.185459,19.032663,132,11 ORIENTE,26 SUR,0,PEDESTAL,C-26,0,1,0,SUR-ORIENTE
132,-98.185382,19.032756,133,11 ORIENTE,26 SUR,0,LATIGO,C-26,1,1,1,SUR-ORIENTE
133,-98.209622,19.045053,134,11 PONIENTE,13 SUR,0,PEDESTAL,C-26,1,0,0,SUR-PONIENTE
134,-98.209474,19.045103,135,11 PONIENTE,13 SUR,0,PEDESTAL,C-26,1,0,0,SUR-PONIENTE
135,-98.212661,19.046564,136,11 PONIENTE,17 SUR,0,PEDESTAL,C-26,1,0,0,SUR-PONIENTE
136,-98.212608,19.046673,137,11 PONIENTE,17 SUR,0,LATIGO,C-26,1,0,0,SUR-PONIENTE
137,-98.212565,19.046683,138,11 PONIENTE,17 SUR,0,PEDESTAL,C-26,1,0,0,SUR-PONIENTE
138,-98.202447,19.041411,139,11 PONIENTE,3 SUR,0,PEDESTAL,C-26,1,0,0,SUR-PONIENTE
139,-98.202338,19.041342,140,11 PONIENTE,3 SUR,0,PEDESTAL,C-26,1,0,0,SUR-PONIENTE
140,-98.203966,19.042192,141,11 PONIENTE,5 SUR,0,PEDESTAL,C-26,1,0,0,SUR-PONIENTE
141,-98.203872,19.042284,142,11 PONIENTE,5 SUR,0,PEDESTAL,C-26,1,0,0,SUR-PONIENTE
142,-98.205463,19.04295,143,11 PONIENTE,7 SUR,0,PEDESTAL,C-26,1,0,0,SUR-PONIENTE
143,-98.20535,19.04287,144,11 PONIENTE,7 SUR,0,PEDESTAL,C-26,1,0,0,SUR-PONIENTE
144,-98.206994,19.043726,145,11 PONIENTE,9 SUR,0,PEDESTAL,C-26,1,0,0,SUR-PONIENTE
145,-98.206889,19.043824,146,11 PONIENTE,9 SUR,0,PEDESTAL,C-26,1,0,0,SUR-PONIENTE
146,-98.240684,18.997962,147,11 SUR,105 PONIENTE,0,PEDESTAL,C-216,1,1,0,SUR-PONIENTE
147,-98.240563,18.997903,148,11 SUR,105 PONIENTE,0,MG-10,C-216,1,2,1,SUR-PONIENTE
148,-98.240466,18.997819,149,11 SUR,105 PONIENTE,0,PEDESTAL,C-216,0,1,0,SUR-PONIENTE
149,-98.240455,18.998052,150,11 SUR,105 PONIENTE,0,LATIGO,C-216,1,0,1,SUR-PONIENTE
150,-98.243235,18.994574,151,11 SUR,109 PONIENTE,0,PEDESTAL,C-216,0,1,0,SUR-PONIENTE
151,-98.243131,18.99469,152,11 SUR,109 PONIENTE,0,PEDESTAL,C-216,1,0,0,SUR-PONIENTE
152,-98.243128,18.994529,153,11 SUR,109 PONIENTE,0,P-300,C-216,1,1,1,SUR-PONIENTE
153,-98.242968,18.994724,154,11 SUR,109 PONIENTE,0,LATIGO,C-216,1,0,1,SUR-PONIENTE
154,-98.242902,18.994467,155,11 SUR,109 PONIENTE,0,P-300,C-216,1,1,0,SUR-PONIENTE
155,-98.208643,19.044565,156,11 SUR,11 PONIENTE,0,PEDESTAL,C-216,1,0,0,SUR-PONIENTE
156,-98.208538,19.044447,157,11 SUR,11 PONIENTE,0,LATIGO,C-216,1,0,1,SUR-PONIENTE
157,-98.208336,19.044821,158,11 SUR,11 PONIENTE,0,LATIGO,C-216,1,0,1,SUR-PONIENTE
158,-98.208278,19.044683,159,11 SUR,11 PONIENTE,0,PEDESTAL,C-216,1,0,1,SUR-PONIENTE
159,-98.244115,18.993531,160,11 SUR,111 PONIENTE,0,P-300,C-216,1,1,0,SUR-PONIENTE
160,-98.244013,18.993347,161,11 SUR,111 PONIENTE,0,MG-10,C-216,4,0,1,SUR-PONIENTE
161,-98.243763,18.993496,162,11 SUR,111 PONIENTE,0,MG-10,C-216,2,0,0,SUR-PONIENTE
162,-98.24376,18.993484,163,11 SUR,111 PONIENTE,0,P-300,C-216,2,0,0,SUR-PONIENTE
163,-98.246116,18.990787,164,11 SUR,117 PONIENTE,0,PEDESTAL,C-216,0,1,0,SUR-PONIENTE
164,-98.245998,18.99074,165,11 SUR,117 PONIENTE,0,MG-10,C-216,4,2,0,SUR-PONIENTE
165,-98.245919,18.990503,166,11 SUR,117 PONIENTE,0,P-300,C-216,1,1,0,SUR-PONIENTE
166,-98.245786,18.991026,167,11 SUR,117 PONIENTE,0,MG-10,C-216,4,0,2,SUR-PONIENTE
167,-98.245763,18.991266,168,11 SUR,117 PONIENTE,0,P-300,C-216,1,1,0,SUR-PONIENTE
168,-98.245701,18.99079,169,11 SUR,117 PONIENTE,0,P-300,C-216,2,1,0,SUR-PONIENTE
169,-98.245627,18.991235,170,11 SUR,117 PONIENTE,0,P-300,C-216,2,1,0,SUR-PONIENTE
170,-98.245568,18.990995,171,11 SUR,117 PONIENTE,0,P-300,C-216,2,1,0,SUR-PONIENTE
171,-98.208976,19.043878,172,11 SUR,13 PONIENTE,0,PEDESTAL,C-216,0,1,0,SUR-PONIENTE
172,-98.208929,19.043695,173,11 SUR,13 PONIENTE,0,LATIGO,C-216,1,0,1,SUR-PONIENTE
173,-98.20885,19.043851,174,11 SUR,13 PONIENTE,0,LATIGO,C-216,1,0,1,SUR-PONIENTE
174,-98.208797,19.043651,175,11 SUR,13 PONIENTE,0,PEDESTAL,C-216,1,0,0,SUR-PONIENTE
175,-98.208728,19.043786,176,11 SUR,13 PONIENTE,0,PEDESTAL,C-216,0,1,0,SUR-PONIENTE
176,-98.208728,19.04377,177,11 SUR,13 PONIENTE,0,PEDESTAL,C-216,1,0,0,SUR-PONIENTE
177,-98.261014,18.973359,178,11 SUR,141 PONIENTE,0,PEDESTAL,C-216,0,1,0,SUR-PONIENTE
178,-98.260893,18.973284,179,11 SUR,141 PONIENTE,0,P-300,C-216,1,2,1,SUR-PONIENTE
179,-98.26085,18.973162,180,11 SUR,141 PONIENTE,0,PEDESTAL,C-216,0,1,0,SUR-PONIENTE
180,-98.260767,18.973545,181,11 SUR,141 PONIENTE,0,LATIGO,C-216,1,1,0,SUR-PONIENTE
181,-98.260678,18.973283,182,11 SUR,141 PONIENTE,0,LATIGO,C-216,1,1,0,SUR-PONIENTE
182,-98.260494,18.973543,183,11 SUR,141 PONIENTE,0,P-300,C-216,1,1,0,SUR-PONIENTE
183,-98.209471,19.043031,184,11 SUR,15 PONIENTE,0,PEDESTAL,C-26,1,0,0,SUR-PONIENTE
184,-98.209462,19.043007,185,11 SUR,15 PONIENTE,0,LATIGO,C-26,1,0,1,SUR-PONIENTE
185,-98.209418,19.043122,186,11 SUR,15 PONIENTE,0,PEDESTAL,C-26,1,0,0,SUR-PONIENTE
186,-98.209391,19.042949,187,11 SUR,15 PONIENTE,0,PEDESTAL,C-26,1,0,0,SUR-PONIENTE
187,-98.209283,19.04308,188,11 SUR,15 PONIENTE,0,PEDESTAL,C-26,1,0,0,SUR-PONIENTE
188,-98.209175,19.043039,189,11 SUR,15 PONIENTE,0,LATIGO,C-26,1,0,0,SUR-PONIENTE
189,-98.209913,19.042216,190,11 SUR,17 PONIENTE,0,LATIGO,C-26,1,0,0,SUR-PONIENTE
190,-98.209824,19.042142,191,11 SUR,17 PONIENTE,0,PEDESTAL,C-26,1,0,0,SUR-PONIENTE
191,-98.209618,19.042262,192,11 SUR,17 PONIENTE,0,LATIGO,C-26,1,0,0,SUR-PONIENTE
192,-98.209601,19.042212,193,11 SUR,17 PONIENTE,0,PEDESTAL,C-26,1,0,0,SUR-PONIENTE
193,-98.210346,19.041515,194,11 SUR,19 PONIENTE,0,PEDESTAL,C-216,1,0,0,SUR-PONIENTE
194,-98.210323,19.04147,195,11 SUR,19 PONIENTE,0,LATIGO,C-216,1,0,0,SUR-PONIENTE
195,-98.210303,19.041592,196,11 SUR,19 PONIENTE,0,PEDESTAL,C-216,1,0,0,SUR-PONIENTE
196,-98.210226,19.041416,197,11 SUR,19 PONIENTE,0,PEDESTAL,C-216,1,0,0,SUR-PONIENTE
197,-98.210138,19.041573,198,11 SUR,19 PONIENTE,0,PEDESTAL,C-216,1,0,0,SUR-PONIENTE
198,-98.210057,19.041484,199,11 SUR,19 PONIENTE,0,LATIGO,C-216,1,0,0,SUR-PONIENTE
199,-98.210705,19.040832,200,11 SUR,21 PONIENTE,0,PEDESTAL,C-216,1,0,0,SUR-PONIENTE
200,-98.210654,19.040663,201,11 SUR,21 PONIENTE,0,PEDESTAL,C-216,1,0,0,SUR-PONIENTE
201,-98.210588,19.040782,202,11 SUR,21 PONIENTE,0,LATIGO,C-216,1,0,1,SUR-PONIENTE
202,-98.210498,19.040727,203,11 SUR,21 PONIENTE,0,LATIGO,C-216,1,0,1,SUR-PONIENTE
203,-98.210481,19.04069,204,11 SUR,21 PONIENTE,0,PEDESTAL,C-216,1,0,0,SUR-PONIENTE
204,-98.21115,19.039985,205,11 SUR,23 PONIENTE,0,PEDESTAL,C-216,1,0,0,SUR-PONIENTE
205,-98.211139,19.039956,206,11 SUR,23 PONIENTE,0,LATIGO,C-216,1,0,0,SUR-PONIENTE
206,-98.211106,19.04006,207,11 SUR,23 PONIENTE,0,PEDESTAL,C-216,1,0,0,SUR-PONIENTE
207,-98.211045,19.039902,208,11 SUR,23 PONIENTE,0,PEDESTAL,C-216,1,0,0,SUR-PONIENTE
208,-98.210965,19.040042,209,11 SUR,23 PONIENTE,0,PEDESTAL,C-216,1,0,0,SUR-PONIENTE
209,-98.210867,19.039969,210,11 SUR,23 PONIENTE,0,LATIGO,C-216,1,0,1,SUR-PONIENTE
210,-98.211631,19.039011,211,11 SUR,25 PONIENTE,0,PEDESTAL,C-216,0,1,0,SUR-PONIENTE
211,-98.21155,19.038983,212,11 SUR,25 PONIENTE,0,LATIGO,C-216,1,0,1,SUR-PONIENTE
212,-98.211453,19.03915,213,11 SUR,25 PONIENTE,0,LATIGO,C-216,1,0,1,SUR-PONIENTE
213,-98.211448,19.038927,214,11 SUR,25 PONIENTE,0,PEDESTAL,C-216,0,1,0,SUR-PONIENTE
214,-98.211436,19.038934,215,11 SUR,25 PONIENTE,0,PEDESTAL,C-216,1,0,0,SUR-PONIENTE
215,-98.211358,19.039091,216,11 SUR,25 PONIENTE,0,PEDESTAL,C-216,1,0,0,SUR-PONIENTE
216,-98.212083,19.03816,217,11 SUR,27 PONIENTE,0,PEDESTAL,C-216,1,0,0,SUR-PONIENTE
217,-98.212011,19.038261,218,11 SUR,27 PONIENTE,0,PEDESTAL,C-216,1,0,0,SUR-PONIENTE
218,-98.211982,19.038268,219,11 SUR,27 PONIENTE,0,PEDESTAL,C-216,0,1,0,SUR-PONIENTE
219,-98.211962,19.038081,220,11 SUR,27 PONIENTE,0,LATIGO,C-216,1,0,1,SUR-PONIENTE
220,-98.211885,19.038232,221,11 SUR,27 PONIENTE,0,LATIGO,C-216,1,2,1,SUR-PONIENTE
221,-98.211776,19.038182,222,11 SUR,27 PONIENTE,0,PEDESTAL,C-216,0,1,0,SUR-PONIENTE
222,-98.206824,19.04754,223,11 SUR,3 PONIENTE,0,PEDESTAL,C-216,0,1,0,SUR-PONIENTE
223,-98.206725,19.047494,224,11 SUR,3 PONIENTE,0,SRP,C-216,2,2,1,SUR-PONIENTE
224,-98.20668,19.047581,225,11 SUR,3 PONIENTE,0,PEDESTAL,C-216,0,2,0,SUR-PONIENTE
225,-98.206663,19.04759,226,11 SUR,3 PONIENTE,0,LATIGO,C-216,1,0,1,SUR-PONIENTE
226,-98.206634,19.047427,227,11 SUR,3 PONIENTE,0,PEDESTAL,C-216,0,1,0,SUR-PONIENTE
227,-98.213166,19.036457,228,11 SUR,31 PONIENTE,0,PEDESTAL,C-208,0,1,0,SUR-PONIENTE
228,-98.213077,19.036418,229,11 SUR,31 PONIENTE,0,MG-10,C-208,4,0,2,SUR-PONIENTE
229,-98.213048,19.036641,230,11 SUR,31 PONIENTE,0,MP-01,C-208,1,0,1,SUR-PONIENTE
230,-98.212985,19.036353,231,11 SUR,31 PONIENTE,0,PEDESTAL,C-208,0,1,0,SUR-PONIENTE
231,-98.212947,19.036359,232,11 SUR,31 PONIENTE,0,LATIGO,C-208,1,0,1,SUR-PONIENTE
232,-98.21292,19.03661,233,11 SUR,31 PONIENTE,0,MG-10,C-208,4,0,0,SUR-PONIENTE
233,-98.2138,19.035744,234,11 SUR,33 PONIENTE,0,LATIGO,C-208,1,0,0,SUR-PONIENTE
234,-98.213676,19.035704,235,11 SUR,33 PONIENTE,0,PEDESTAL,C-208,1,0,0,SUR-PONIENTE
235,-98.213549,19.035868,236,11 SUR,33 PONIENTE,0,PEDESTAL,C-26,1,0,0,SUR-PONIENTE
236,-98.213456,19.035686,237,11 SUR,33 PONIENTE,0,PEDESTAL,C-208,1,0,0,SUR-PONIENTE
237,-98.213453,19.035844,238,11 SUR,33 PONIENTE,0,LATIGO,C-208,1,0,0,SUR-PONIENTE
238,-98.214367,19.035112,239,11 SUR,35 PONIENTE,0,LATIGO,C-216,1,0,1,SUR-PONIENTE
239,-98.214356,19.035144,240,11 SUR,35 PONIENTE,0,LATIGO,C-216,1,0,0,SUR-PONIENTE
240,-98.214263,19.035071,241,11 SUR,35 PONIENTE,0,PEDESTAL,C-216,1,0,0,SUR-PONIENTE
241,-98.214074,19.035111,242,11 SUR,35 PONIENTE,0,LATIGO,C-216,1,0,0,SUR-PONIENTE
242,-98.214539,19.034815,243,11 SUR,37 PONIENTE,0,PEDESTAL,C-216,1,0,0,SUR-PONIENTE
243,-98.214421,19.034792,244,11 SUR,37 PONIENTE,0,MG-10,C-216,4,2,0,SUR-PONIENTE
244,-98.214343,19.034966,245,11 SUR,37 PONIENTE,0,PEDESTAL,C-216,1,0,0,SUR-PONIENTE
245,-98.214294,19.034846,246,11 SUR,37 PONIENTE,0,P-300,C-216,2,0,0,SUR-PONIENTE
246,-98.214288,19.034734,247,11 SUR,37 PONIENTE,0,PEDESTAL,C-216,0,1,0,SUR-PONIENTE
247,-98.215153,19.033952,248,11 SUR,39 PONIENTE,0,PEDESTAL,C-216,0,1,0,SUR-PONIENTE
248,-98.215056,19.033836,249,11 SUR,39 PONIENTE,0,MG-10,C-216,4,2,0,SUR-PONIENTE
249,-98.214883,19.033812,250,11 SUR,39 PONIENTE,0,PEDESTAL,C-216,0,1,0,SUR-PONIENTE
250,-98.217911,19.030091,251,11 SUR,47 PONIENTE,0,PEDESTAL,C-216,0,1,0,SUR-PONIENTE
251,-98.217908,19.029938,252,11 SUR,47 PONIENTE,0,P-300,C-216,1,0,1,SUR-PONIENTE
252,-98.217804,19.030047,253,11 SUR,47 PONIENTE,0,P-300,C-216,1,1,1,SUR-PONIENTE
253,-98.217779,19.029903,254,11 SUR,47 PONIENTE,0,PEDESTAL,C-216,1,0,0,SUR-PONIENTE
254,-98.217723,19.02997,255,11 SUR,47 PONIENTE,0,PEDESTAL,C-216,1,1,0,SUR-PONIENTE
255,-98.219346,19.028643,257,11 SUR,49 PONIENTE,0,MP-01,C-208,1,0,1,SUR-PONIENTE
256,-98.219252,19.028771,258,11 SUR,49 PONIENTE,0,PEDESTAL,C-208,1,0,0,SUR-PONIENTE
257,-98.218978,19.028639,259,11 SUR,49 PONIENTE,0,LATIGO,C-208,1,0,1,SUR-PONIENTE
258,-98.221889,19.026096,260,11 SUR,53 PONIENTE,0,P-300,C-216,1,1,0,SUR-PONIENTE
259,-98.221787,19.026033,261,11 SUR,53 PONIENTE,0,P-300,C-216,1,1,1,SUR-PONIENTE
260,-98.221724,19.025932,262,11 SUR,53 PONIENTE,0,PEDESTAL,C-216,0,1,0,SUR-PONIENTE
261,-98.221639,19.026187,263,11 SUR,53 PONIENTE,0,P-300,C-216,1,0,1,SUR-PONIENTE
262,-98.221634,19.026009,264,11 SUR,53 PONIENTE,0,P-300,C-216,1,0,0,SUR-PONIENTE
263,-98.207639,19.046177,265,11 SUR,7 PONIENTE,0,PEDESTAL,C-216,0,1,0,SUR-PONIENTE
264,-98.207621,19.046024,266,11 SUR,7 PONIENTE,0,PEDESTAL,C-216,0,2,0,SUR-PONIENTE
265,-98.207617,19.046031,267,11 SUR,7 PONIENTE,0,LATIGO,C-216,1,0,2,SUR-PONIENTE
266,-98.207554,19.046137,268,11 SUR,7 PONIENTE,0,SRP,C-216,1,2,1,SUR-PONIENTE
267,-98.207441,19.046085,269,11 SUR,7 PONIENTE,0,PEDESTAL,C-216,0,1,0,SUR-PONIENTE
268,-98.232821,19.013872,270,11 SUR,73 PONIENTE,0,MG-10,C-216,4,0,1,SUR-PONIENTE
269,-98.23373,19.01268,271,11 SUR,75 PONIENTE,0,PEDESTAL,C-216,0,1,0,SUR-PONIENTE
270,-98.233636,19.012614,272,11 SUR,75 PONIENTE,0,MG-10,C-216,4,1,0,SUR-PONIENTE
271,-98.233512,19.012563,273,11 SUR,75 PONIENTE,0,PEDESTAL,C-216,0,1,0,SUR-PONIENTE
272,-98.235632,19.00971,274,11 SUR,79 PONIENTE,0,PEDESTAL,C-216,0,1,0,SUR-PONIENTE
273,-98.235535,19.00965,275,11 SUR,79 PONIENTE,0,MG-10,C-216,4,2,0,SUR-PONIENTE
274,-98.235419,19.00959,276,11 SUR,79 PONIENTE,0,PEDESTAL,C-216,0,1,0,SUR-PONIENTE
275,-98.237264,19.007272,277,11 SUR,83 PONIENTE,0,LATIGO,C-216,1,0,1,SUR-PONIENTE
276,-98.237262,19.006942,278,11 SUR,83 PONIENTE,0,LATIGO,C-216,1,0,1,SUR-PONIENTE
277,-98.237089,19.006931,279,11 SUR,83 PONIENTE,0,LATIGO,C-216,1,0,1,SUR-PONIENTE
278,-98.237084,19.007209,280,11 SUR,83 PONIENTE,0,PEDESTAL,C-216,1,0,1,SUR-PONIENTE
279,-98.236987,19.007142,281,11 SUR,83 PONIENTE,0,LATIGO,C-216,1,0,0,SUR-PONIENTE
280,-98.20811,19.045216,282,11 SUR,9 PONIENTE,0,LATIGO,C-216,1,0,0,SUR-PONIENTE
281,-98.208103,19.045226,283,11 SUR,9 PONIENTE,0,PEDESTAL,C-216,0,2,0,SUR-PONIENTE
282,-98.208041,19.045328,284,11 SUR,9 PONIENTE,0,LATIGO,C-216,1,0,1,SUR-PONIENTE
283,-98.238964,19.003374,285,11 SUR,95 PONIENTE,0,PEDESTAL,C-216,0,1,0,SUR-PONIENTE
284,-98.23893,19.003148,286,11 SUR,95 PONIENTE,0,P-300,C-216,1,0,1,SUR-PONIENTE
285,-98.238868,19.003303,287,11 SUR,95 PONIENTE,0,MG-10,C-216,4,2,0,SUR-PONIENTE
286,-98.238834,19.003067,288,11 SUR,95 PONIENTE,0,LATIGO,C-216,1,0,0,SUR-PONIENTE
287,-98.238795,19.003181,289,11 SUR,95 PONIENTE,0,PEDESTAL,C-216,1,0,0,SUR-PONIENTE
288,-98.23876,19.003294,290,11 SUR,95 PONIENTE,0,PEDESTAL,C-216,0,1,0,SUR-PONIENTE
289,-98.258229,18.975521,291,11 SUR,AZALEAS,0,PEDESTAL,C-216,0,1,0,SUR-PONIENTE
290,-98.258151,18.975431,292,11 SUR,AZALEAS,0,MP-01,C-216,4,2,0,SUR-PONIENTE
291,-98.258072,18.975324,293,11 SUR,AZALEAS,0,PEDESTAL,C-216,0,1,0,SUR-PONIENTE
292,-98.216149,19.032332,294,11 SUR,CARLOS CAMACHO ESPIRITU,0,MG-10,C-3000,2,0,1,SUR-PONIENTE
293,-98.216058,19.032678,295,11 SUR,CARLOS CAMACHO ESPIRITU,0,P-300,C-3000,1,0,0,SUR-PONIENTE
294,-98.215944,19.03261,296,11 SUR,CARLOS CAMACHO ESPIRITU,0,MG-10,C-3000,2,0,1,SUR-PONIENTE
295,-98.215777,19.032607,297,11 SUR,CARLOS CAMACHO ESPIRITU,0,PEDESTAL,C-3000,1,0,0,SUR-PONIENTE
296,-98.220733,19.02732,298,11 SUR,JUAN PABLO II,0,PEDESTAL,C-208,0,1,0,SUR-PONIENTE
297,-98.220728,19.027289,299,11 SUR,JUAN PABLO II,0,MG-10,C-208,0,2,0,SUR-PONIENTE
298,-98.220559,19.027459,300,11 SUR,JUAN PABLO II,0,PEDESTAL,C-208,0,2,0,SUR-PONIENTE
299,-98.220526,19.02714,301,11 SUR,JUAN PABLO II,0,PEDESTAL,C-208,0,1,0,SUR-PONIENTE
300,-98.220405,19.027194,302,11 SUR,JUAN PABLO II,0,LATIGO,C-208,1,1,1,SUR-PONIENTE
301,-98.220399,19.027391,303,11 SUR,JUAN PABLO II,0,P-300,C-208,1,2,1,SUR-PONIENTE
302,-98.22021,19.027323,304,11 SUR,JUAN PABLO II,0,PEDESTAL,C-208,0,2,0,SUR-PONIENTE
303,-98.251777,18.98336,305,11 SUR,CUAUHTEMOC,0,PEDESTAL,C-216,1,0,0,SUR-PONIENTE
304,-98.25174,18.9832,306,11 SUR,CUAUHTEMOC,0,LATIGO,C-26,1,0,0,SUR-PONIENTE
305,-98.251585,18.983404,307,11 SUR,CUAUHTEMOC,0,LATIGO,C-216,1,0,0,SUR-PONIENTE
306,-98.230984,19.017368,308,11 SUR,CUMULO DE VIRGO,0,PEDESTAL,C-216,0,1,0,SUR-PONIENTE
307,-98.23083,19.017365,309,11 SUR,CUMULO DE VIRGO,0,MG-10,C-216,4,2,0,SUR-PONIENTE
308,-98.230683,19.017317,310,11 SUR,CUMULO DE VIRGO,0,MP-01,C-216,1,0,1,SUR-PONIENTE
309,-98.230671,19.017297,311,11 SUR,CUMULO DE VIRGO,0,PEDESTAL,C-216,0,1,0,SUR-PONIENTE
310,-98.230568,19.017614,312,11 SUR,CUMULO DE VIRGO,0,LATIGO,C-216,1,0,1,SUR-PONIENTE
311,-98.230451,19.017706,313,11 SUR,CUMULO DE VIRGO,0,MP-01,C-216,1,0,1,SUR-PONIENTE
312,-98.2304,19.017898,314,11 SUR,CUMULO DE VIRGO,0,MP-01,C-216,1,0,1,SUR-PONIENTE
313,-98.230184,19.017919,315,11 SUR,CUMULO DE VIRGO,0,PEDESTAL,C-216,1,0,0,SUR-PONIENTE
314,-98.238459,19.004661,316,11 SUR,DE LAS TORRES,0,LATIGO,C-216,1,0,0,SUR-PONIENTE
315,-98.238354,19.00502,317,11 SUR,DE LAS TORRES,0,MP-01,C-216,1,0,0,SUR-PONIENTE
316,-98.238135,19.004694,318,11 SUR,DE LAS TORRES,0,LATIGO,C-216,1,0,0,SUR-PONIENTE
317,-98.238057,19.004991,319,11 SUR,DE LAS TORRES,0,LATIGO,C-216,1,0,0,SUR-PONIENTE
318,-98.238044,19.004774,320,11 SUR,DE LAS TORRES,0,PEDESTAL,C-216,1,0,0,SUR-PONIENTE
319,-98.23782,19.006192,321,11 SUR,ENTRADA A AURRERA,0,PEDESTAL,C-216,0,1,0,SUR-PONIENTE
320,-98.2377,19.006179,322,11 SUR,ENTRADA A AURRERA,0,MG-10,C-216,4,2,0,SUR-PONIENTE
321,-98.237598,19.006121,323,11 SUR,ENTRADA A AURRERA,0,PEDESTAL,C-216,0,1,0,SUR-PONIENTE
322,-98.247674,18.98875,324,11 SUR,ENTRADA A CENTRO SUR,0,PEDESTAL,C-208,0,1,0,SUR-PONIENTE
323,-98.247572,18.988703,325,11 SUR,ENTRADA A CENTRO SUR,0,MG-10,C-208,4,2,0,SUR-PONIENTE
324,-98.247471,18.988581,326,11 SUR,ENTRADA A CENTRO SUR,0,PEDESTAL,C-208,0,1,0,SUR-PONIENTE
325,-98.266114,18.969618,327,11 SUR,ENTRADA TERMINAL MARGARITAS,0,PEDESTAL,C-216,0,1,0,SUR-PONIENTE
326,-98.266001,18.969563,328,11 SUR,ENTRADA TERMINAL MARGARITAS,0,MG-10,C-216,2,1,1,SUR-PONIENTE
327,-98.265847,18.969531,329,11 SUR,ENTRADA TERMINAL MARGARITAS,0,PEDESTAL,C-216,0,1,0,SUR-PONIENTE
328,-98.265775,18.969787,330,11 SUR,ENTRADA TERMINAL MARGARITAS,0,P-300,C-216,1,0,1,SUR-PONIENTE
329,-98.233218,19.013252,331,11 SUR,ENTREDA DE CLUB DE GOLF,0,MG-10,C-216,2,0,1,SUR-PONIENTE
330,-98.233168,19.013329,332,11 SUR,ENTREDA DE CLUB DE GOLF,0,MG-10,C-216,2,0,0,SUR-PONIENTE
331,-98.228645,19.019011,333,11 SUR,FRANCISCO JAVIER MINA,0,PEDESTAL,C-216,1,0,0,SUR-PONIENTE
332,-98.228597,19.018977,334,11 SUR,FRANCISCO JAVIER MINA,0,MG-10,C-216,2,1,1,SUR-PONIENTE
333,-98.228515,19.018823,335,11 SUR,FRANCISCO JAVIER MINA,0,PEDESTAL,C-216,1,0,0,SUR-PONIENTE
334,-98.256394,18.977362,336,11 SUR,GUADALUPE,0,LATIGO,C-216,1,0,1,SUR-PONIENTE
335,-98.256286,18.97725,337,11 SUR,GUADALUPE,0,PEDESTAL,C-216,2,0,0,SUR-PONIENTE
336,-98.256159,18.977428,338,11 SUR,GUADALUPE,0,PEDESTAL,C-216,1,0,0,SUR-PONIENTE
337,-98.256087,18.977307,339,11 SUR,GUADALUPE,0,LATIGO,C-216,1,0,0,SUR-PONIENTE
338,-98.227349,19.020783,340,11 SUR,GUADALUPE VICTORIA,0,LATIGO,C-26,1,0,1,SUR-PONIENTE
339,-98.227874,19.020492,341,11 SUR,GENERAL IGNACIO ZARAGOZA,0,PEDESTAL,C-216,0,1,0,SUR-PONIENTE
340,-98.227812,19.020406,342,11 SUR,GENERAL IGNACIO ZARAGOZA,0,P-300,C-216,1,1,1,SUR-PONIENTE
341,-98.227719,19.020476,343,11 SUR,GENERAL IGNACIO ZARAGOZA,0,PEDESTAL,C-216,1,0,0,SUR-PONIENTE
342,-98.227428,19.020219,344,11 SUR,GENERAL IGNACIO ZARAGOZA,0,PEDESTAL,C-26,1,0,0,SUR-PONIENTE
343,-98.227403,19.020238,345,11 SUR,GENERAL IGNACIO ZARAGOZA,0,LATIGO,C-26,1,0,0,SUR-PONIENTE
344,-98.2273,19.020115,346,11 SUR,GENERAL IGNACIO ZARAGOZA,0,PEDESTAL,C-3000,1,0,0,SUR-PONIENTE
345,-98.253538,18.98103,347,11 SUR,INDEPENDECIA,0,PEDESTAL,C-216,0,1,0,SUR-PONIENTE
346,-98.253418,18.980991,348,11 SUR,INDEPENDECIA,0,P-300,C-216,1,1,1,SUR-PONIENTE
347,-98.253413,18.981238,349,11 SUR,INDEPENDECIA,0,P-300,C-216,1,0,0,SUR-PONIENTE
348,-98.253266,18.981176,350,11 SUR,INDEPENDECIA,0,P-300,C-216,1,0,1,SUR-PONIENTE
349,-98.268126,18.964621,351,11 SUR,LIMONES,0,P-300,C-216,1,0,1,SUR-PONIENTE
350,-98.26798,18.964665,352,11 SUR,LIMONES,0,P-300,C-216,1,0,0,SUR-PONIENTE
351,-98.267817,18.964929,353,11 SUR,LIMONES,0,MG-10,C-216,2,0,1,SUR-PONIENTE
352,-98.267778,18.964461,354,11 SUR,LIMONES,0,MG-10,C-216,2,0,0,SUR-PONIENTE
353,-98.267579,18.964598,355,11 SUR,LIMONES,0,MG-10,C-216,2,0,0,SUR-PONIENTE
354,-98.267566,18.964555,356,11 SUR,LIMONES,0,MG-10,C-216,2,0,1,SUR-PONIENTE
355,-98.267173,18.967273,357,11 SUR,LAS MARGARITAS,0,P-300,C-216,1,0,0,SUR-PONIENTE
356,-98.267027,18.967142,358,11 SUR,LAS MARGARITAS,0,P-300,C-216,1,0,0,SUR-PONIENTE
357,-98.26695,18.967327,359,11 SUR,LAS MARGARITAS,0,P-300,C-216,1,0,1,SUR-PONIENTE
358,-98.266872,18.967106,360,11 SUR,LAS MARGARITAS,0,P-300,C-216,1,0,1,SUR-PONIENTE
359,-98.223054,19.024805,361,11 SUR,NIÑO POBLANO,0,LATIGO,C-216,1,0,0,SUR-PONIENTE
360,-98.223009,19.024941,362,11 SUR,NIÑO POBLANO,0,LATIGO,C-216,1,0,0,SUR-PONIENTE
361,-98.222846,19.024718,363,11 SUR,NIÑO POBLANO,0,PEDESTAL,C-216,1,0,0,SUR-PONIENTE
362,-98.222705,19.024861,364,11 SUR,NIÑO POBLANO,0,LATIGO,C-216,1,0,0,SUR-PONIENTE
363,-98.250798,18.984635,365,11 SUR,OLIVOS,0,PEDESTAL,C-216,1,1,0,SUR-PONIENTE
364,-98.250699,18.984587,366,11 SUR,OLIVOS,0,MG-10,C-216,4,2,0,SUR-PONIENTE
365,-98.250594,18.984734,367,11 SUR,OLIVOS,0,P-300,C-216,1,0,1,SUR-PONIENTE
366,-98.250593,18.984513,368,11 SUR,OLIVOS,0,PEDESTAL,C-216,1,1,0,SUR-PONIENTE
367,-98.245295,18.99192,369,11 SUR,PERIFERICO ECOLOGICO,0,PEDESTAL,C-216,0,1,0,SUR-PONIENTE
368,-98.245279,18.992029,370,11 SUR,PERIFERICO ECOLOGICO,0,PUENTE,C-216,0,1,0,SUR-PONIENTE
369,-98.245186,18.99181,371,11 SUR,PERIFERICO ECOLOGICO,0,MG-10,C-216,4,1,0,SUR-PONIENTE
370,-98.245181,18.991818,372,11 SUR,PERIFERICO ECOLOGICO,0,MG-10,C-216,1,2,1,SUR-PONIENTE
371,-98.245091,18.992359,373,11 SUR,PERIFERICO ECOLOGICO,0,P-300,C-216,1,0,0,SUR-PONIENTE
372,-98.245085,18.99192,374,11 SUR,PERIFERICO ECOLOGICO,0,PUENTE,C-216,1,0,0,SUR-PONIENTE
373,-98.244971,18.992358,375,11 SUR,PERIFERICO ECOLOGICO,0,P-300,C-216,2,2,0,SUR-PONIENTE
374,-98.244937,18.991753,376,11 SUR,PERIFERICO ECOLOGICO,0,PEDESTAL,C-216,0,1,0,SUR-PONIENTE
375,-98.244932,18.991763,377,11 SUR,PERIFERICO ECOLOGICO,0,P-300,C-216,2,0,1,SUR-PONIENTE
376,-98.244915,18.992159,378,11 SUR,PERIFERICO ECOLOGICO,0,PUENTE,C-216,1,0,0,SUR-PONIENTE
377,-98.244883,18.991827,379,11 SUR,PERIFERICO ECOLOGICO,0,PUENTE,C-216,0,1,0,SUR-PONIENTE
378,-98.244838,18.992252,380,11 SUR,PERIFERICO ECOLOGICO,0,P-300,C-216,1,0,0,SUR-PONIENTE
379,-98.244833,18.992259,381,11 SUR,PERIFERICO ECOLOGICO,0,PEDESTAL,C-216,0,1,0,SUR-PONIENTE
380,-98.244828,18.992267,382,11 SUR,PERIFERICO ECOLOGICO,0,MG-10,C-216,4,0,0,SUR-PONIENTE
381,-98.244677,18.992219,383,11 SUR,PERIFERICO ECOLOGICO,0,P-300,C-216,1,0,0,SUR-PONIENTE
382,-98.244663,18.992111,384,11 SUR,PERIFERICO ECOLOGICO,0,PEDESTAL,C-216,0,1,0,SUR-PONIENTE
383,-98.255753,18.978148,385,11 SUR,PINO SUAREZ,0,PEDESTAL,C-216,0,1,0,SUR-PONIENTE
384,-98.255631,18.978128,386,11 SUR,PINO SUAREZ,0,MG-10,C-216,4,2,0,SUR-PONIENTE
385,-98.255542,18.978035,387,11 SUR,PINO SUAREZ,0,PEDESTAL,C-216,0,1,0,SUR-PONIENTE
386,-98.239667,19.067482,388,11 SUR,REFORMA,0,LATIGO,C-208,1,0,0,SUR-PONIENTE
387,-98.239586,19.067601,389,11 SUR,REFORMA,0,LATIGO,C-208,2,0,0,SUR-PONIENTE
388,-98.239461,19.067522,390,11 SUR,REFORMA,0,LATIGO,C-208,2,0,0,SUR-PONIENTE
389,-98.264379,18.971024,391,11 SUR,ROSALES,0,LATIGO,C-216,1,0,0,SUR-PONIENTE
390,-98.264281,18.970945,392,11 SUR,ROSALES,0,PEDESTAL,C-216,0,2,0,SUR-PONIENTE
391,-98.264149,18.970902,393,11 SUR,ROSALES,0,DOBLE LATIGO,C-216,2,1,0,SUR-PONIENTE
392,-98.264101,18.971231,394,11 SUR,ROSALES,0,PEDESTAL,C-216,1,0,0,SUR-PONIENTE
393,-98.264037,18.971288,395,11 SUR,ROSALES,0,LATIGO,C-216,1,0,0,SUR-PONIENTE
394,-98.263787,18.971154,396,11 SUR,ROSALES,0,LATIGO,C-216,1,0,0,SUR-PONIENTE
395,-98.26461,18.970696,397,11 SUR,SALIDA TERMINAL MARGARITAS,0,MG-10,C-216,2,1,0,SUR-PONIENTE
396,-98.22426,19.023485,398,11 SUR,UNIDAD MEDICO FAMILIAR 13,0,LATIGO,C-216,1,0,1,SUR-PONIENTE
397,-98.224095,19.023513,399,11 SUR,UNIDAD MEDICO FAMILIAR 13,0,PEDESTAL,C-216,1,0,0,SUR-PONIENTE
398,-98.224065,19.023666,400,11 SUR,UNIDAD MEDICO FAMILIAR 13,0,LATIGO,C-216,1,0,1,SUR-PONIENTE
399,-98.226451,19.021451,401,11 SUR,VICENTE GUERRERO,0,P-300,C-216,1,1,0,SUR-PONIENTE
400,-98.22635,19.021687,402,11 SUR,VICENTE GUERRERO,0,PEDESTAL,C-216,0,1,0,SUR-PONIENTE
401,-98.226259,19.021567,403,11 SUR,VICENTE GUERRERO,0,MG-10,C-216,2,1,0,SUR-PONIENTE
402,-98.226144,19.021465,404,11 SUR,VICENTE GUERRERO,0,PEDESTAL,C-216,0,1,0,SUR-PONIENTE
403,-98.18741,19.047638,405,12 NORTE,20 ORIENTE,0,DOBLE LATIGO,C-26,2,0,0,NOR-ORIENTE
404,-98.194555,19.048211,406,12 ORIENTE,2 NORTE,0,PEDESTAL,C-26,1,0,0,NOR-ORIENTE
405,-98.19446,19.048152,407,12 ORIENTE,2 NORTE,0,PEDESTAL,C-26,1,0,0,NOR-ORIENTE
406,-98.174704,19.04177,408,12 ORIENTE,30 NORTE,0,PEDESTAL,C-26,1,0,0,NOR-ORIENTE
407,-98.174621,19.041778,409,12 ORIENTE,30 NORTE,0,PEDESTAL,C-26,1,0,0,NOR-ORIENTE
408,-98.193052,19.047429,410,12 ORIENTE,4 NORTE,0,PEDESTAL,C-26,1,0,0,NOR-ORIENTE
409,-98.192988,19.047522,411,12 ORIENTE,4 NORTE,0,LATIGO,C-26,1,0,0,NOR-ORIENTE
410,-98.197505,19.049746,412,12 PONIENTE,3 NORTE,0,PEDESTAL,C-26,1,2,0,NOR-PONIENTE
411,-98.197456,19.049826,413,12 PONIENTE,3 NORTE,0,PEDESTAL,C-26,0,2,0,NOR-PONIENTE
412,-98.197418,19.049696,414,12 PONIENTE,3 NORTE,0,PEDESTAL,C-26,1,2,0,NOR-PONIENTE
413,-98.197357,19.049785,415,12 PONIENTE,3 NORTE,0,PEDESTAL,C-26,0,2,0,NOR-PONIENTE
414,-98.196066,19.048971,416,12 PONIENTE,5 DE MAYO,0,PEDESTAL,C-26,1,0,0,NOR-PONIENTE
415,-98.195986,19.049056,417,12 PONIENTE,5 DE MAYO,0,PEDESTAL,C-26,0,1,0,NOR-PONIENTE
416,-98.200551,19.051323,418,12 PONIENTE,7 NORTE,0,PEDESTAL,C-26,1,2,0,NOR-PONIENTE
417,-98.200496,19.051393,419,12 PONIENTE,7 NORTE,0,PEDESTAL,C-26,0,2,0,NOR-PONIENTE
418,-98.200445,19.051262,420,12 PONIENTE,7 NORTE,0,PEDESTAL,C-26,1,2,0,NOR-PONIENTE
419,-98.200372,19.051332,421,12 PONIENTE,7 NORTE,0,PEDESTAL,C-26,0,1,0,NOR-PONIENTE
420,-98.193426,19.036766,422,12 SUR,11 ORIENTE,0,PEDESTAL,C-26,1,0,0,SUR-ORIENTE
421,-98.193409,19.036927,423,12 SUR,11 ORIENTE,0,PEDESTAL,C-26,1,0,0,SUR-ORIENTE
422,-98.199808,19.039025,424,13 ORIENTE,2 SUR,0,PEDESTAL,C-26,0,2,0,SUR-ORIENTE
423,-98.199723,19.039176,425,13 ORIENTE,2 SUR,0,PEDESTAL,C-26,0,2,0,SUR-ORIENTE
424,-98.199697,19.039006,426,13 ORIENTE,2 SUR,0,PEDESTAL,C-26,1,2,0,SUR-ORIENTE
425,-98.199607,19.039079,427,13 ORIENTE,2 SUR,0,PEDESTAL,C-26,1,2,0,SUR-ORIENTE
426,-98.198302,19.038422,428,13 ORIENTE,4 SUR,0,PEDESTAL,C-26,1,0,0,SUR-ORIENTE
427,-98.198181,19.038361,429,13 ORIENTE,4 SUR,0,PEDESTAL,C-26,1,0,0,SUR-ORIENTE
428,-98.214573,19.046525,430,13 PONIENTE,19 SUR,0,PEDESTAL,C-26,1,0,0,SUR-PONIENTE
429,-98.214481,19.04662,431,13 PONIENTE,19 SUR,0,PEDESTAL,C-26,1,0,0,SUR-PONIENTE
430,-98.216274,19.04755,432,13 PONIENTE,21 SUR,0,PEDESTAL,C-26,1,0,0,SUR-PONIENTE
431,-98.216148,19.047473,433,13 PONIENTE,21 SUR,0,PEDESTAL,C-26,1,0,0,SUR-PONIENTE
432,-98.202792,19.040577,434,13 PONIENTE,3 SUR,0,PEDESTAL,C-26,1,0,0,SUR-PONIENTE
433,-98.202734,19.040676,435,13 PONIENTE,3 SUR,0,PEDESTAL,C-26,1,0,0,SUR-PONIENTE
434,-98.204317,19.041532,436,13 PONIENTE,5 SUR,0,PEDESTAL,C-26,1,0,0,SUR-PONIENTE
435,-98.204208,19.041447,437,13 PONIENTE,5 SUR,0,PEDESTAL,C-26,1,0,0,SUR-PONIENTE
436,-98.205789,19.042088,438,13 PONIENTE,7 SUR,0,PEDESTAL,C-26,1,0,0,SUR-PONIENTE
437,-98.205707,19.042227,439,13 PONIENTE,7 SUR,0,PEDESTAL,C-26,1,0,0,SUR-PONIENTE
438,-98.20998,19.04444,440,13 SUR,13 PONIENTE,0,PEDESTAL,C-26,1,0,0,SUR-PONIENTE
439,-98.209841,19.044345,441,13 SUR,13 PONIENTE,0,PEDESTAL,C-26,1,0,0,SUR-PONIENTE
440,-98.210503,19.043587,442,13 SUR,15 PONIENTE,0,PEDESTAL,C-26,1,0,0,SUR-PONIENTE
441,-98.210415,19.043685,443,13 SUR,15 PONIENTE,0,PEDESTAL,C-26,1,0,0,SUR-PONIENTE
442,-98.211798,19.04143,444,13 SUR,21 PONIENTE,0,PEDESTAL,C-26,1,0,0,SUR-PONIENTE
443,-98.211636,19.041326,445,13 SUR,21 PONIENTE,0,PEDESTAL,C-26,1,0,0,SUR-PONIENTE
444,-98.212387,19.040506,446,13 SUR,23 PONIENTE,0,PEDESTAL,C-26,1,0,0,SUR-PONIENTE
445,-98.212227,19.040691,447,13 SUR,23 PONIENTE,0,PEDESTAL,C-26,1,0,0,SUR-PONIENTE
446,-98.213335,19.038868,448,13 SUR,27 PONIENTE,0,PEDESTAL,C-26,1,0,0,SUR-PONIENTE
447,-98.213247,19.038988,449,13 SUR,27 PONIENTE,0,PEDESTAL,C-26,1,0,0,SUR-PONIENTE
448,-98.214364,19.037105,450,13 SUR,31 PONIENTE,0,PEDESTAL,C-208,0,2,0,SUR-PONIENTE
449,-98.214286,19.037262,451,13 SUR,31 PONIENTE,0,LATIGO,C-208,1,0,0,SUR-PONIENTE
450,-98.214251,19.03727,452,13 SUR,31 PONIENTE,0,PEDESTAL,C-208,1,2,0,SUR-PONIENTE
451,-98.214205,19.037001,453,13 SUR,31 PONIENTE,0,LATIGO,C-208,1,2,0,SUR-PONIENTE
452,-98.214118,19.03722,454,13 SUR,31 PONIENTE,0,PEDESTAL,C-208,1,2,0,SUR-PONIENTE
453,-98.20856,19.046754,455,13 SUR,BENITO JUAREZ,0,LATIGO,C-210,1,0,0,SUR-PONIENTE
454,-98.208516,19.046604,456,13 SUR,BENITO JUAREZ,0,DOBLE LATIGO,C-210,2,0,0,SUR-PONIENTE
455,-98.188086,19.045009,457,14 ORIENTE,14 NORTE,0,PEDESTAL,C-208,0,2,0,NOR-ORIENTE
456,-98.187882,19.045142,458,14 ORIENTE,14 NORTE,0,LATIGO,C-208,1,2,0,NOR-ORIENTE
457,-98.187859,19.044951,459,14 ORIENTE,14 NORTE,0,PEDESTAL,C-208,0,2,0,NOR-ORIENTE
458,-98.187741,19.045081,460,14 ORIENTE,14 NORTE,0,LATIGO,C-208,1,1,0,NOR-ORIENTE
459,-98.180788,19.042928,461,14 ORIENTE,14 ORIENTE,24 NORTE,PEDESTAL,C-26,1,0,0,NOR-ORIENTE
460,-98.17257,19.043373,462,14 ORIENTE,14 ORIENTE,32 NORTE,PEDESTAL,C-26,1,0,0,NOR-ORIENTE
461,-98.186409,19.044403,463,14 ORIENTE,16 NORTE,0,LATIGO,C-26,1,0,0,NOR-ORIENTE
462,-98.186301,19.044631,464,14 ORIENTE,16 NORTE,0,MP-01,C-26,1,0,0,NOR-ORIENTE
463,-98.180069,19.042975,465,14 ORIENTE,26 NORTE,26 NORTE,PEDESTAL,C-26,1,0,0,NOR-ORIENTE
464,-98.179928,19.043108,466,14 ORIENTE,26 NORTE,0,PEDESTAL,C-26,1,0,0,NOR-ORIENTE
465,-98.179906,19.042978,467,14 ORIENTE,26 NORTE,0,LATIGO,C-26,1,0,0,NOR-ORIENTE
466,-98.178557,19.042884,468,14 ORIENTE,28 NORTE,0,PEDESTAL,C-26,1,0,0,NOR-ORIENTE
467,-98.174594,19.043209,469,14 ORIENTE,30 NORTE,0,PEDESTAL,C-26,1,0,0,NOR-ORIENTE
468,-98.172415,19.043371,470,14 ORIENTE,32 NORTE,0,PEDESTAL,C-26,1,0,0,NOR-ORIENTE
469,-98.168115,19.043684,471,14 ORIENTE,38 NORTE,0,LATIGO,C-26,1,0,0,NOR-ORIENTE
470,-98.1681,19.043682,472,14 ORIENTE,38 NORTE,38 NORTE,LATIGO,C-26,1,0,0,NOR-ORIENTE
471,-98.168028,19.043689,473,14 ORIENTE,38 NORTE,38 NORTE,PEDESTAL,C-26,1,0,0,NOR-ORIENTE
472,-98.168006,19.043674,474,14 ORIENTE,38 NORTE,0,LATIGO,C-26,1,0,0,NOR-ORIENTE
473,-98.192616,19.048198,475,14 ORIENTE,4 NORTE,0,PEDESTAL,C-26,1,0,0,NOR-ORIENTE
474,-98.192552,19.048288,476,14 ORIENTE,4 NORTE,0,PEDESTAL,C-26,1,0,0,NOR-ORIENTE
475,-98.156795,19.042938,477,14 ORIENTE,DEL MAESTRO,CAMPO DE TIRO,PEDESTAL,C-26,1,0,1,NOR-ORIENTE
476,-98.156756,19.043082,478,14 ORIENTE,DEL MAESTRO,0,PEDESTAL,C-26,1,0,0,NOR-ORIENTE
477,-98.156739,19.043066,479,14 ORIENTE,DEL MAESTRO,0,LATIGO,C-26,1,0,0,NOR-ORIENTE
478,-98.162843,19.043881,480,14 ORIENTE,VICENTE SUAREZ,0,PEDESTAL,C-26,1,0,0,NOR-ORIENTE
479,-98.16272,19.043996,481,14 ORIENTE,VICENTE SUAREZ,0,PEDESTAL,C-26,1,0,0,NOR-ORIENTE
480,-98.162704,19.043996,482,14 ORIENTE,VICENTE SUAREZ,0,LATIGO,C-26,1,0,0,NOR-ORIENTE
481,-98.205998,19.055096,483,14 PONIENTE,15 NORTE,0,PEDESTAL,C-26,1,0,0,NOR-PONIENTE
482,-98.205904,19.055021,484,14 PONIENTE,15 NORTE,0,PEDESTAL,C-26,1,0,0,NOR-PONIENTE
483,-98.197066,19.050498,485,14 PONIENTE,3 NORTE,0,PEDESTAL,C-26,1,2,0,NOR-PONIENTE
484,-98.197031,19.050592,486,14 PONIENTE,3 NORTE,0,PEDESTAL,C-26,0,2,0,NOR-PONIENTE
485,-98.196988,19.050454,487,14 PONIENTE,3 NORTE,0,PEDESTAL,C-26,1,2,0,NOR-PONIENTE
486,-98.19691,19.050529,488,14 PONIENTE,3 NORTE,0,PEDESTAL,C-26,0,2,0,NOR-PONIENTE
487,-98.200099,19.052073,489,14 PONIENTE,7 NORTE,0,PEDESTAL,C-26,1,1,0,NOR-PONIENTE
488,-98.20001,19.05202,490,14 PONIENTE,7 NORTE,0,PEDESTAL,C-26,1,1,0,NOR-PONIENTE
489,-98.199952,19.052092,491,14 PONIENTE,7 NORTE,0,PEDESTAL,C-26,0,1,0,NOR-PONIENTE
490,-98.201625,19.052869,492,14 PONIENTE,9 NORTE,0,PEDESTAL,C-26,1,0,0,NOR-PONIENTE
491,-98.201549,19.052963,493,14 PONIENTE,9 NORTE,0,LATIGO,C-26,1,0,0,NOR-PONIENTE
492,-98.2173,18.984118,494,14 SUR,111 B ORIENTE,0,LATIGO,C-26,1,0,1,SUR-ORIENTE
493,-98.217258,18.984307,495,14 SUR,111 B ORIENTE,0,LATIGO,C-26,1,0,1,SUR-ORIENTE
494,-98.21709,18.984173,496,14 SUR,111 B ORIENTE,0,LATIGO,C-26,1,0,0,SUR-ORIENTE
495,-98.218066,18.981922,497,14 SUR,111 D ORIENTE,0,MP-01,C-26,1,0,0,SUR-ORIENTE
496,-98.217908,18.982122,498,14 SUR,111 D ORIENTE,0,LATIGO,C-26,1,0,1,SUR-ORIENTE
497,-98.217786,18.982238,499,14 SUR,111 D ORIENTE,0,MP-01,C-26,1,0,1,SUR-ORIENTE
498,-98.21762,18.982243,500,14 SUR,111 D ORIENTE,0,MP-01,C-26,1,0,0,SUR-ORIENTE
499,-98.217616,18.982226,501,14 SUR,111 D ORIENTE,0,PEDESTAL,C-26,1,0,0,SUR-ORIENTE
500,-98.196321,19.029184,502,14 SUR,29 ORIENTE,0,PEDESTAL,C-26,1,0,0,SUR-ORIENTE
501,-98.196287,19.028967,503,14 SUR,29 ORIENTE,0,PEDESTAL,C-26,1,0,0,SUR-ORIENTE
502,-98.196237,19.02911,504,14 SUR,29 ORIENTE,0,PEDESTAL,C-26,1,0,0,SUR-ORIENTE
503,-98.19822,19.024102,505,14 SUR,39 ORIENTE,0,LATIGO,C-26,1,0,0,SUR-ORIENTE
504,-98.198216,19.024252,506,14 SUR,39 ORIENTE,0,LATIGO,C-26,1,0,1,SUR-ORIENTE
505,-98.197956,19.024114,507,14 SUR,39 ORIENTE,0,LATIGO,C-26,1,0,1,SUR-ORIENTE
506,-98.197845,19.024304,508,14 SUR,39 ORIENTE,0,LATIGO,C-26,1,0,0,SUR-ORIENTE
507,-98.207172,19.004343,509,14 SUR,63 A ORIENTE,0,PEDESTAL,C-26,1,0,0,SUR-ORIENTE
508,-98.206959,19.004452,510,14 SUR,63 A ORIENTE,0,LATIGO,C-26,1,0,0,SUR-ORIENTE
509,-98.206946,19.004441,511,14 SUR,63 A ORIENTE,0,PEDESTAL,C-26,1,0,0,SUR-ORIENTE
510,-98.20692,19.004321,512,14 SUR,63 A ORIENTE,0,PEDESTAL,C-26,1,0,0,SUR-ORIENTE
511,-98.191872,19.037175,513,14 SUR,9 ORIENTE,0,LATIGO,C-26,1,0,1,SUR-ORIENTE
512,-98.204259,19.00777,514,14 SUR,CIRCUNVALACION,0,PEDESTAL,C-26,1,0,0,SUR-ORIENTE
513,-98.204177,19.007556,515,14 SUR,CIRCUNVALACION,0,PEDESTAL,C-26,1,0,0,SUR-ORIENTE
514,-98.20407,19.007827,516,14 SUR,CIRCUNVALACION,0,PEDESTAL,C-26,1,0,0,SUR-ORIENTE
515,-98.203983,19.007618,517,14 SUR,CIRCUNVALACION,0,PEDESTAL,C-26,1,0,0,SUR-ORIENTE
516,-98.20282,19.012293,518,14 SUR,SAN FRANCISCO,0,PEDESTAL,C-210,1,0,0,SUR-ORIENTE
517,-98.202704,19.012184,519,14 SUR,SAN FRANCISCO,0,LATIGO,C-210,1,0,1,SUR-ORIENTE
518,-98.202613,19.012399,520,14 SUR,SAN FRANCISCO,0,LATIGO,C-210,1,0,1,SUR-ORIENTE
519,-98.202513,19.012326,521,14 SUR,SAN FRANCISCO,0,PEDESTAL,C-210,1,0,0,SUR-ORIENTE
520,-98.202105,19.014546,522,14 SUR,SAN MANUEL,0,LATIGO,C-216,1,0,0,SUR-ORIENTE
521,-98.201988,19.014458,523,14 SUR,SAN MANUEL,0,LATIGO,C-216,1,0,0,SUR-ORIENTE
522,-98.201926,19.014618,524,14 SUR,SAN MANUEL,0,LATIGO,C-216,1,0,0,SUR-ORIENTE
523,-98.216671,19.066913,525,15 DE MAYO,35 NORTE,0,LATIGO,C-26,1,0,1,NOR-PONIENTE
524,-98.216621,19.066695,526,15 DE MAYO,35 NORTE,0,PEDESTAL,C-26,1,0,0,NOR-PONIENTE
525,-98.216533,19.066785,527,15 DE MAYO,35 NORTE,0,LATIGO,C-26,1,0,1,NOR-PONIENTE
526,-98.212698,19.063566,528,15 DE MAYO,ITALIA,0,LATIGO,C-26,1,0,0,NOR-PONIENTE
527,-98.212697,19.063389,529,15 DE MAYO,ITALIA,0,PEDESTAL,C-26,1,0,0,NOR-PONIENTE
528,-98.212551,19.063437,530,15 DE MAYO,ITALIA,0,LATIGO,C-26,1,0,0,NOR-PONIENTE
529,-98.204322,19.058194,531,15 NORTE,22 PONIENTE,0,LATIGO,C-26,1,0,1,NOR-PONIENTE
530,-98.201408,19.063664,532,15 NORTE,34 PONIENTE,0,P-300,C-26,2,0,0,NOR-PONIENTE
531,-98.198331,19.065937,533,15 NORTE,42 PONIENTE,0,LATIGO,C-26,1,0,0,NOR-PONIENTE
532,-98.198276,19.06593,534,15 NORTE,42 PONIENTE,0,LATIGO,C-26,1,0,0,NOR-PONIENTE
533,-98.200237,19.038281,535,15 ORIENTE,2 SUR,0,PEDESTAL,C-26,1,0,0,SUR-ORIENTE
534,-98.200112,19.038223,536,15 ORIENTE,2 SUR,0,PEDESTAL,C-26,1,0,0,SUR-ORIENTE
535,-98.188721,19.03236,537,15 ORIENTE,20 SUR,0,LATIGO,C-26,1,0,0,SUR-ORIENTE
536,-98.188658,19.032372,538,15 ORIENTE,20 SUR,0,LATIGO,C-26,1,0,0,SUR-ORIENTE
537,-98.198837,19.037599,539,15 ORIENTE,4 SUR,0,PEDESTAL,C-26,1,0,0,SUR-ORIENTE
538,-98.198741,19.03771,540,15 ORIENTE,4 SUR,0,PEDESTAL,C-26,1,0,0,SUR-ORIENTE
539,-98.212064,19.044345,541,15 PONIENTE,15 SUR,0,PEDESTAL,C-26,1,0,0,SUR-PONIENTE
540,-98.211954,19.044271,542,15 PONIENTE,15 SUR,0,PEDESTAL,C-26,1,0,0,SUR-PONIENTE
541,-98.201787,19.039072,543,15 PONIENTE,16 DE SEPTIEMBRE,0,PEDESTAL,C-26,1,0,0,SUR-PONIENTE
542,-98.201781,19.039054,544,15 PONIENTE,16 DE SEPTIEMBRE,0,PEDESTAL,C-26,0,2,0,SUR-PONIENTE
543,-98.201712,19.039175,545,15 PONIENTE,16 DE SEPTIEMBRE,0,PEDESTAL,C-26,1,2,0,SUR-PONIENTE
544,-98.216777,19.046696,546,15 PONIENTE,21 SUR,0,PEDESTAL,C-26,1,0,0,SUR-PONIENTE
545,-98.216664,19.046813,547,15 PONIENTE,21 SUR,0,PEDESTAL,C-26,1,0,0,SUR-PONIENTE
546,-98.218223,19.047434,548,15 PONIENTE,23 SUR,0,PEDESTAL,C-26,1,0,0,SUR-PONIENTE
547,-98.218111,19.047567,549,15 PONIENTE,23 SUR,0,PEDESTAL,C-26,1,0,0,SUR-PONIENTE
548,-98.204874,19.040659,550,15 PONIENTE,5 SUR,0,PEDESTAL,C-26,1,0,0,SUR-PONIENTE
549,-98.204766,19.040777,551,15 PONIENTE,5 SUR,0,PEDESTAL,C-26,1,0,0,SUR-PONIENTE
550,-98.206374,19.04143,552,15 PONIENTE,7 SUR,0,PEDESTAL,C-26,1,0,0,SUR-PONIENTE
551,-98.206237,19.041345,553,15 PONIENTE,7 SUR,0,PEDESTAL,C-26,1,0,0,SUR-PONIENTE
552,-98.211152,19.045826,554,15 SUR,11 PONIENTE,0,PEDESTAL,C-26,1,0,0,SUR-PONIENTE
553,-98.211046,19.045774,555,15 SUR,11 PONIENTE,0,PEDESTAL,C-26,1,0,0,SUR-PONIENTE
554,-98.211502,19.045026,556,15 SUR,13 PONIENTE,0,PEDESTAL,C-26,1,0,0,SUR-PONIENTE
555,-98.211434,19.045095,557,15 SUR,13 PONIENTE,0,PEDESTAL,C-26,1,0,0,SUR-PONIENTE
556,-98.212358,19.043517,558,15 SUR,17 PONIENTE,0,PEDESTAL,C-26,1,0,0,SUR-PONIENTE
557,-98.212312,19.043606,559,15 SUR,17 PONIENTE,0,PEDESTAL,C-26,1,0,0,SUR-PONIENTE
558,-98.212893,19.042821,560,15 SUR,19 PONIENTE,0,PEDESTAL,C-26,1,0,0,SUR-PONIENTE
559,-98.212884,19.042784,561,15 SUR,19 PONIENTE,0,LATIGO,C-26,1,0,0,SUR-PONIENTE
560,-98.21325,19.042005,562,15 SUR,21 PONIENTE,0,LATIGO,C-26,1,0,0,SUR-PONIENTE
561,-98.213189,19.042081,563,15 SUR,21 PONIENTE,0,PEDESTAL,C-26,1,0,0,SUR-PONIENTE
562,-98.21379,19.041248,564,15 SUR,23 PONIENTE,0,LATIGO,C-26,1,0,0,SUR-PONIENTE
563,-98.213714,19.041222,565,15 SUR,23 PONIENTE,0,PEDESTAL,C-26,1,0,0,SUR-PONIENTE
564,-98.209357,19.04884,566,15 SUR,3 PONIENTE,0,PEDESTAL,C-26,1,0,0,SUR-PONIENTE
565,-98.209257,19.04877,567,15 SUR,3 PONIENTE,0,PEDESTAL,C-26,1,0,0,SUR-PONIENTE
566,-98.209675,19.047997,568,15 SUR,5 PONIENTE,0,PEDESTAL,C-26,1,0,0,SUR-PONIENTE
567,-98.209613,19.048085,569,15 SUR,5 PONIENTE,0,PEDESTAL,C-26,1,0,0,SUR-PONIENTE
568,-98.210176,19.047446,570,15 SUR,BENITO JUAREZ,0,PEDESTAL,C-208,1,0,0,SUR-PONIENTE
569,-98.210135,19.047541,571,15 SUR,BENITO JUAREZ,0,LATIGO,C-208,1,0,0,SUR-PONIENTE
570,-98.210109,19.047282,572,15 SUR,BENITO JUAREZ,0,PEDESTAL,C-208,1,0,0,SUR-PONIENTE
571,-98.210081,19.047294,573,15 SUR,BENITO JUAREZ,0,PEDESTAL,C-208,1,0,0,SUR-PONIENTE
572,-98.210043,19.047384,574,15 SUR,BENITO JUAREZ,0,PEDESTAL,C-208,1,0,0,SUR-PONIENTE
573,-98.228095,18.991235,575,16 DE SEPTIEMBRE,105 ORIENTE,0,PEDESTAL,C-26,1,0,0,SUR-PONIENTE
574,-98.228088,18.991207,576,16 DE SEPTIEMBRE,105 ORIENTE,0,LATIGO,C-26,1,0,1,SUR-PONIENTE
575,-98.227887,18.991169,577,16 DE SEPTIEMBRE,105 ORIENTE,0,LATIGO,C-26,1,0,1,SUR-PONIENTE
576,-98.227835,18.991308,578,16 DE SEPTIEMBRE,105 ORIENTE,0,LATIGO,C-26,1,0,0,SUR-PONIENTE
577,-98.229585,18.988492,579,16 DE SEPTIEMBRE,109 PONIENTE,0,LATIGO,C-26,1,0,0,SUR-PONIENTE
578,-98.229571,18.98846,580,16 DE SEPTIEMBRE,109 PONIENTE,0,LATIGO,C-26,1,0,0,SUR-PONIENTE
579,-98.22933,18.988522,581,16 DE SEPTIEMBRE,109 PONIENTE,0,LATIGO,C-26,1,0,0,SUR-PONIENTE
580,-98.229303,18.988474,582,16 DE SEPTIEMBRE,109 PONIENTE,0,LATIGO,C-26,1,0,0,SUR-PONIENTE
581,-98.233313,18.981601,583,16 DE SEPTIEMBRE,117 PONIENTE,0,PEDESTAL,C-26,1,0,0,SUR-PONIENTE
582,-98.233307,18.981552,584,16 DE SEPTIEMBRE,117 PONIENTE,0,LATIGO,C-26,1,0,0,SUR-PONIENTE
583,-98.233167,18.98165,585,16 DE SEPTIEMBRE,117 PONIENTE,0,PEDESTAL,C-26,1,0,0,SUR-PONIENTE
584,-98.233079,18.981622,586,16 DE SEPTIEMBRE,117 PONIENTE,0,LATIGO,C-26,1,0,0,SUR-PONIENTE
585,-98.233896,18.980246,587,16 DE SEPTIEMBRE,119 PONIENTE,0,LATIGO,C-26,1,0,0,SUR-PONIENTE
586,-98.233667,18.980249,588,16 DE SEPTIEMBRE,119 PONIENTE,0,LATIGO,C-26,1,0,0,SUR-ORIENTE
587,-98.233667,18.980225,589,16 DE SEPTIEMBRE,119 PONIENTE,0,LATIGO,C-26,1,0,0,SUR-ORIENTE
588,-98.235591,18.978367,590,16 DE SEPTIEMBRE,121 A PONIENTE,0,LATIGO,C-26,1,0,1,SUR-ORIENTE
589,-98.23549,18.978518,591,16 DE SEPTIEMBRE,121 A PONIENTE,0,LATIGO,C-26,1,0,1,SUR-ORIENTE
590,-98.201269,19.039947,592,16 DE SEPTIEMBRE,13 PONIENTE,0,PEDESTAL,C-26,1,0,0,SUR-PONIENTE
591,-98.201159,19.039873,593,16 DE SEPTIEMBRE,13 PONIENTE,0,PEDESTAL,C-26,1,0,0,SUR-PONIENTE
592,-98.202215,19.038318,594,16 DE SEPTIEMBRE,17 PONIENTE,0,PEDESTAL,C-26,0,2,0,SUR-PONIENTE
593,-98.202162,19.038397,595,16 DE SEPTIEMBRE,17 PONIENTE,0,PEDESTAL,C-26,1,0,0,SUR-PONIENTE
594,-98.202081,19.038347,596,16 DE SEPTIEMBRE,17 PONIENTE,0,PEDESTAL,C-26,1,0,0,SUR-PONIENTE
595,-98.203064,19.036842,597,16 DE SEPTIEMBRE,21 ORIENTE,0,PEDESTAL,C-26,1,0,0,SUR-PONIENTE
596,-98.202931,19.036782,598,16 DE SEPTIEMBRE,21 ORIENTE,0,PEDESTAL,C-26,1,0,0,SUR-PONIENTE
597,-98.203524,19.036067,599,16 DE SEPTIEMBRE,23 ORIENTE,0,PEDESTAL,C-26,1,0,0,SUR-PONIENTE
598,-98.203455,19.036164,600,16 DE SEPTIEMBRE,23 ORIENTE,0,PEDESTAL,C-26,1,0,0,SUR-PONIENTE
599,-98.204953,19.033598,601,16 DE SEPTIEMBRE,29 ORIENTE,0,PEDESTAL,C-26,1,0,0,SUR-PONIENTE
600,-98.204848,19.033532,602,16 DE SEPTIEMBRE,29 ORIENTE,0,PEDESTAL,C-26,1,0,0,SUR-PONIENTE
601,-98.199112,19.043655,603,16 DE SEPTIEMBRE,3 ORIENTE,0,PEDESTAL,C-26,0,1,0,SUR-PONIENTE
602,-98.199006,19.043722,604,16 DE SEPTIEMBRE,3 ORIENTE,0,PEDESTAL,C-26,1,0,0,SUR-PONIENTE
603,-98.241047,18.966442,605,16 DE SEPTIEMBRE,3 SUR,0,LATIGO,C-26,1,0,1,SUR-PONIENTE
604,-98.241017,18.966269,606,16 DE SEPTIEMBRE,3 SUR,0,PEDESTAL,C-26,1,0,0,SUR-ORIENTE
605,-98.240924,18.966651,607,16 DE SEPTIEMBRE,3 SUR,0,LATIGO,C-26,1,0,0,SUR-PONIENTE
606,-98.240882,18.966262,608,16 DE SEPTIEMBRE,3 SUR,0,LATIGO,C-26,1,0,1,SUR-ORIENTE
607,-98.205524,19.03257,609,16 DE SEPTIEMBRE,31 ORIENTE,0,PEDESTAL,C-26,1,0,0,SUR-PONIENTE
608,-98.205519,19.032406,610,16 DE SEPTIEMBRE,31 ORIENTE,0,LATIGO,C-26,1,0,1,SUR-PONIENTE
609,-98.205505,19.032715,611,16 DE SEPTIEMBRE,31 ORIENTE,0,LATIGO,C-26,1,0,0,SUR-PONIENTE
610,-98.205471,19.032725,612,16 DE SEPTIEMBRE,31 ORIENTE,0,PEDESTAL,C-26,1,0,0,SUR-PONIENTE
611,-98.20595,19.03193,613,16 DE SEPTIEMBRE,33 ORIENTE,0,PEDESTAL,C-26,1,0,0,SUR-PONIENTE
612,-98.205852,19.031852,614,16 DE SEPTIEMBRE,33 ORIENTE,0,PEDESTAL,C-26,1,0,0,SUR-PONIENTE
613,-98.206419,19.03119,615,16 DE SEPTIEMBRE,35 PONIENTE,0,LATIGO,C-26,1,0,0,SUR-PONIENTE
614,-98.206387,19.031196,616,16 DE SEPTIEMBRE,35 PONIENTE,0,LATIGO,C-26,1,0,0,SUR-PONIENTE
615,-98.20736,19.029673,617,16 DE SEPTIEMBRE,39 ORIENTE,0,PEDESTAL,C-26,1,0,0,SUR-PONIENTE
616,-98.207232,19.029801,618,16 DE SEPTIEMBRE,39 ORIENTE,0,PEDESTAL,C-26,1,0,0,SUR-PONIENTE
617,-98.207115,19.029766,619,16 DE SEPTIEMBRE,39 ORIENTE,0,PEDESTAL,C-26,1,0,0,SUR-PONIENTE
618,-98.208381,19.027966,620,16 DE SEPTIEMBRE,43 ORIENTE,0,LATIGO,C-26,1,0,1,SUR-PONIENTE
619,-98.208292,19.027984,621,16 DE SEPTIEMBRE,43 ORIENTE,0,PEDESTAL,C-26,1,0,0,SUR-PONIENTE
620,-98.208291,19.027664,622,16 DE SEPTIEMBRE,43 ORIENTE,0,LATIGO,C-26,1,0,0,SUR-PONIENTE
621,-98.20818,19.027936,623,16 DE SEPTIEMBRE,43 ORIENTE,0,PEDESTAL,C-26,1,0,0,SUR-PONIENTE
622,-98.200381,19.041472,624,16 DE SEPTIEMBRE,9 PONIENTE,0,PEDESTAL,C-26,1,0,0,SUR-PONIENTE
623,-98.200266,19.041403,625,16 DE SEPTIEMBRE,9 PONIENTE,0,PEDESTAL,C-26,1,0,0,SUR-ORIENTE
624,-98.226028,18.994961,626,16 DE SEPTIEMBRE,99 ORIENTE,0,LATIGO,C-26,1,0,1,SUR-PONIENTE
625,-98.22583,18.995045,627,16 DE SEPTIEMBRE,99 ORIENTE,0,LATIGO,C-26,1,0,1,SUR-PONIENTE
626,-98.214579,19.016224,628,16 DE SEPTIEMBRE,CAMELIAS,0,LATIGO,C-26,1,0,0,SUR-PONIENTE
627,-98.214518,19.016345,629,16 DE SEPTIEMBRE,CAMELIAS,0,PEDESTAL,C-26,1,0,0,SUR-PONIENTE
628,-98.214407,19.016234,630,16 DE SEPTIEMBRE,CAMELIAS,0,PEDESTAL,C-26,1,0,0,SUR-ORIENTE
629,-98.2144,19.016266,631,16 DE SEPTIEMBRE,CAMELIAS,0,LATIGO,C-26,1,0,1,SUR-ORIENTE
630,-98.211502,19.022405,632,16 DE SEPTIEMBRE,JUAN PABLO II,0,PEDESTAL,C-208,1,0,0,SUR-PONIENTE
631,-98.211274,19.022229,633,16 DE SEPTIEMBRE,JUAN PABLO II,0,LATIGO,C-208,1,0,0,SUR-PONIENTE
632,-98.211241,19.022425,634,16 DE SEPTIEMBRE,JUAN PABLO II,0,LATIGO,C-208,1,0,1,SUR-PONIENTE
633,-98.209847,19.0255,635,16 DE SEPTIEMBRE,DE BURGOS,0,PEDESTAL,C-26,1,0,0,SUR-PONIENTE
634,-98.209697,19.025558,636,16 DE SEPTIEMBRE,DE BURGOS,0,LATIGO,C-26,1,0,0,SUR-PONIENTE
635,-98.209626,19.025395,637,16 DE SEPTIEMBRE,DE BURGOS,0,PEDESTAL,C-26,1,0,0,SUR-PONIENTE
636,-98.2243,18.998146,638,16 DE SEPTIEMBRE,DE LAS TORRES,0,LATIGO,C-26,1,2,0,SUR-PONIENTE
637,-98.224202,18.99838,639,16 DE SEPTIEMBRE,DE LAS TORRES,0,LATIGO,C-26,1,1,2,SUR-PONIENTE
638,-98.224128,18.99811,640,16 DE SEPTIEMBRE,DE LAS TORRES,0,LATIGO,C-26,1,1,0,SUR-ORIENTE
639,-98.224034,18.998345,641,16 DE SEPTIEMBRE,DE LAS TORRES,0,LATIGO,C-26,1,2,0,SUR-PONIENTE
640,-98.219898,19.006375,642,16 DE SEPTIEMBRE,EBANO,0,LATIGO,C-26,1,0,0,SUR-PONIENTE
641,-98.219884,19.006434,643,16 DE SEPTIEMBRE,EBANO,0,PEDESTAL,C-26,1,0,0,SUR-PONIENTE
642,-98.219684,19.006374,644,16 DE SEPTIEMBRE,EBANO,0,PEDESTAL,C-26,1,0,0,SUR-ORIENTE
643,-98.219674,19.006433,645,16 DE SEPTIEMBRE,EBANO,0,LATIGO,C-26,1,0,0,SUR-ORIENTE
644,-98.20951,19.026019,646,16 DE SEPTIEMBRE,HEROES DEL 5 DE MAYO,0,PEDESTAL,C-3000,0,2,0,SUR-PONIENTE
645,-98.209368,19.026239,647,16 DE SEPTIEMBRE,HEROES DEL 5 DE MAYO,0,P-300,C-3000,2,0,0,SUR-PONIENTE
646,-98.209311,19.026038,648,16 DE SEPTIEMBRE,HEROES DEL 5 DE MAYO,0,PEDESTAL,C-3000,0,1,0,SUR-PONIENTE
647,-98.209187,19.026188,649,16 DE SEPTIEMBRE,HEROES DEL 5 DE MAYO,0,P-300,C-3000,2,0,0,SUR-PONIENTE
648,-98.209038,19.026448,650,16 DE SEPTIEMBRE,HEROES DEL 5 DE MAYO,0,P-300,C-3000,1,0,1,SUR-PONIENTE
649,-98.216526,19.012625,651,16 DE SEPTIEMBRE,LAS MARGARITAS,0,LATIGO,C-26,1,0,0,SUR-PONIENTE
650,-98.216514,19.012648,652,16 DE SEPTIEMBRE,LAS MARGARITAS,0,PEDESTAL,C-26,0,2,0,SUR-PONIENTE
651,-98.216435,19.012849,653,16 DE SEPTIEMBRE,LAS MARGARITAS,0,PEDESTAL,C-26,1,0,0,SUR-PONIENTE
652,-98.216398,19.012861,654,16 DE SEPTIEMBRE,LAS MARGARITAS,0,PEDESTAL,C-26,0,2,0,SUR-PONIENTE
653,-98.21633,19.012608,655,16 DE SEPTIEMBRE,LAS MARGARITAS,0,LATIGO,C-26,1,1,1,SUR-ORIENTE
654,-98.21626,19.012806,656,16 DE SEPTIEMBRE,LAS MARGARITAS,0,LATIGO,C-26,1,2,0,SUR-ORIENTE
655,-98.23984,18.968187,657,16 DE SEPTIEMBRE,MIGUEL DE LA MADRID HURTADO,0,LATIGO,C-26,1,0,1,SUR-ORIENTE
656,-98.239744,18.968333,658,16 DE SEPTIEMBRE,MIGUEL DE LA MADRID HURTADO,0,LATIGO,C-26,1,0,1,SUR-ORIENTE
657,-98.217718,19.010422,659,16 DE SEPTIEMBRE,ROSAS,0,LATIGO,C-26,1,0,0,SUR-PONIENTE
658,-98.21763,19.010557,660,16 DE SEPTIEMBRE,ROSAS,0,PEDESTAL,C-26,1,0,0,SUR-PONIENTE
659,-98.217519,19.010471,661,16 DE SEPTIEMBRE,ROSAS,0,LATIGO,C-26,1,0,1,SUR-PONIENTE
660,-98.223405,18.999804,662,16 DE SEPTIEMBRE,TEPEXI,0,LATIGO,C-26,1,0,1,SUR-PONIENTE
661,-98.223234,18.999835,663,16 DE SEPTIEMBRE,TEPEXI,0,LATIGO,C-26,1,0,0,SUR-PONIENTE
662,-98.221701,19.002993,664,16 DE SEPTIEMBRE,TIERRA Y LIBERTAD,0,LATIGO,C-26,1,0,1,SUR-PONIENTE
663,-98.221508,19.003056,665,16 DE SEPTIEMBRE,TIERRA Y LIBERTAD,0,LATIGO,C-26,1,0,0,SUR-PONIENTE
664,-98.221496,19.003007,666,16 DE SEPTIEMBRE,TIERRA Y LIBERTAD,0,PEDESTAL,C-26,1,0,0,SUR-ORIENTE
665,-98.214126,19.017075,667,16 DE SEPTIEMBRE,VIOLETAS,0,LATIGO,C-26,1,0,0,SUR-PONIENTE
666,-98.213944,19.017127,668,16 DE SEPTIEMBRE,VIOLETAS,0,LATIGO,C-26,1,0,0,SUR-ORIENTE
667,-98.213938,19.017095,669,16 DE SEPTIEMBRE,VIOLETAS,0,PEDESTAL,C-26,1,0,0,SUR-ORIENTE
668,-98.184697,19.046831,670,16 NORTE,20 ORIENTE,0,LATIGO,C-26,1,0,1,NOR-ORIENTE
669,-98.172471,19.044326,671,16 ORIENTE,32 NORTE,0,PEDESTAL,C-26,1,0,0,NOR-ORIENTE
670,-98.172298,19.044253,672,16 ORIENTE,32 NORTE,0,PEDESTAL,C-26,1,0,0,NOR-ORIENTE
671,-98.169898,19.04472,673,16 ORIENTE,36 NORTE,0,PEDESTAL,C-26,1,0,0,NOR-ORIENTE
672,-98.169853,19.044759,674,16 ORIENTE,36 NORTE,0,LATIGO,C-26,1,0,0,NOR-ORIENTE
673,-98.160816,19.052224,675,16 ORIENTE,ADOLFO LOPEZ MATEOS,0,LATIGO,C-26,1,0,0,NOR-ORIENTE
674,-98.160605,19.052181,676,16 ORIENTE,ADOLFO LOPEZ MATEOS,0,PEDESTAL,C-26,1,0,0,NOR-ORIENTE
675,-98.160561,19.052253,677,16 ORIENTE,ADOLFO LOPEZ MATEOS,0,LATIGO,C-26,1,0,0,NOR-ORIENTE
676,-98.159539,19.053845,678,16 ORIENTE,PROLONGACION DEFENSORES DE LA REPUBLICA,0,PEDESTAL,C-216,1,0,0,NOR-ORIENTE
677,-98.159506,19.053963,679,16 ORIENTE,PROLONGACION DEFENSORES DE LA REPUBLICA,0,PEDESTAL,C-216,1,0,0,NOR-ORIENTE
678,-98.20111,19.053708,680,16 PONIENTE,9 NORTE,0,PEDESTAL,C-26,1,0,0,NOR-PONIENTE
679,-98.200986,19.053638,681,16 PONIENTE,9 NORTE,0,PEDESTAL,C-26,1,0,0,NOR-PONIENTE
680,-98.190868,19.035532,682,16 SUR,11 ORIENTE,0,LATIGO,C-26,1,0,0,SUR-ORIENTE
681,-98.19079,19.035454,683,16 SUR,11 ORIENTE,0,PEDESTAL,C-26,1,0,0,SUR-ORIENTE
682,-98.191267,19.034518,684,16 SUR,13 ORIENTE,0,LATIGO,C-26,1,0,0,SUR-ORIENTE
683,-98.191258,19.034521,685,16 SUR,13 ORIENTE,0,LATIGO,C-26,1,0,1,SUR-ORIENTE
684,-98.207317,19.055895,686,17 NORTE,14 PONIENTE,0,LATIGO,C-26,1,0,0,NOR-PONIENTE
685,-98.207283,19.055899,687,17 NORTE,14 PONIENTE,0,PEDESTAL,C-26,1,0,0,NOR-PONIENTE
686,-98.206478,19.057357,688,17 NORTE,18 PONIENTE,0,PEDESTAL,C-26,1,0,0,NOR-PONIENTE
687,-98.206445,19.057373,689,17 NORTE,18 PONIENTE,0,PEDESTAL,C-26,1,0,0,NOR-PONIENTE
688,-98.206428,19.057165,690,17 NORTE,18 PONIENTE,0,PEDESTAL,C-26,1,0,0,NOR-PONIENTE
689,-98.208601,19.053599,691,17 NORTE,8 PONIENTE,0,PEDESTAL,C-26,1,0,0,NOR-PONIENTE
690,-98.208506,19.053506,692,17 NORTE,8 PONIENTE,0,PEDESTAL,C-26,1,0,0,NOR-PONIENTE
691,-98.199192,19.036949,693,17 ORIENTE,4 SUR,0,PEDESTAL,C-26,1,0,0,SUR-ORIENTE
692,-98.199076,19.036857,694,17 ORIENTE,4 SUR,0,PEDESTAL,C-26,1,0,0,SUR-ORIENTE
693,-98.210852,19.042904,695,17 PONIENTE,13 SUR,0,LATIGO,C-26,1,0,0,SUR-PONIENTE
694,-98.210735,19.042834,696,17 PONIENTE,13 SUR,0,LATIGO,C-26,1,0,0,SUR-PONIENTE
695,-98.213862,19.04442,697,17 PONIENTE,17 SUR,0,LATIGO,C-26,1,0,0,SUR-PONIENTE
696,-98.213787,19.044371,698,17 PONIENTE,17 SUR,0,PEDESTAL,C-26,1,0,0,SUR-PONIENTE
697,-98.203715,19.039045,699,17 PONIENTE,3 SUR,0,PEDESTAL,C-26,1,0,0,SUR-PONIENTE
698,-98.203648,19.039138,700,17 PONIENTE,3 SUR,0,LATIGO,C-26,1,0,0,SUR-PONIENTE
699,-98.205234,19.040009,701,17 PONIENTE,5 SUR,0,PEDESTAL,C-26,1,0,0,SUR-PONIENTE
700,-98.205155,19.039939,702,17 PONIENTE,5 SUR,0,PEDESTAL,C-26,1,0,0,SUR-PONIENTE
701,-98.213008,19.04592,703,17 SUR,13 PONIENTE,0,PEDESTAL,C-26,1,0,0,SUR-PONIENTE
702,-98.212927,19.045832,704,17 SUR,13 PONIENTE,0,LATIGO,C-26,1,0,0,SUR-PONIENTE
703,-98.21353,19.045046,705,17 SUR,15 PONIENTE,0,PEDESTAL,C-26,1,0,0,SUR-PONIENTE
704,-98.213442,19.04516,706,17 SUR,15 PONIENTE,0,PEDESTAL,C-26,1,0,0,SUR-PONIENTE
705,-98.214384,19.043581,707,17 SUR,19 PONIENTE,0,PEDESTAL,C-26,1,0,0,SUR-PONIENTE
706,-98.214314,19.043665,708,17 SUR,19 PONIENTE,0,LATIGO,C-26,1,0,0,SUR-PONIENTE
707,-98.215307,19.042022,709,17 SUR,23 PONIENTE,0,PEDESTAL,C-26,1,0,0,SUR-PONIENTE
708,-98.21522,19.042128,710,17 SUR,23 PONIENTE,0,PEDESTAL,C-26,1,0,0,SUR-PONIENTE
709,-98.215681,19.041304,711,17 SUR,25 PONIENTE,0,PEDESTAL,C-26,1,0,0,SUR-PONIENTE
710,-98.215625,19.04112,712,17 SUR,25 PONIENTE,0,PEDESTAL,C-26,1,0,0,SUR-PONIENTE
711,-98.215571,19.041241,713,17 SUR,25 PONIENTE,0,PEDESTAL,C-26,1,0,0,SUR-PONIENTE
712,-98.216181,19.040499,714,17 SUR,27 PONIENTE,0,LATIGO,C-26,1,0,0,SUR-PONIENTE
713,-98.216145,19.040517,715,17 SUR,27 PONIENTE,0,PEDESTAL,C-26,1,0,0,SUR-PONIENTE
714,-98.217187,19.038806,716,17 SUR,31 PONIENTE,0,LATIGO,C-208,1,0,0,SUR-PONIENTE
715,-98.217126,19.038805,717,17 SUR,31 PONIENTE,0,PEDESTAL,C-208,1,0,0,SUR-PONIENTE
716,-98.217111,19.038561,718,17 SUR,31 PONIENTE,0,LATIGO,C-208,1,0,0,SUR-PONIENTE
717,-98.217886,19.037534,719,17 SUR,35 PONIENTE,0,LATIGO,C-26,1,0,1,SUR-PONIENTE
718,-98.22157,19.0321,720,17 SUR,47 PONIENTE,0,LATIGO,C-26,1,0,0,SUR-PONIENTE
719,-98.221551,19.03207,721,17 SUR,47 PONIENTE,0,PEDESTAL,C-26,1,0,0,SUR-PONIENTE
720,-98.222496,19.030601,722,17 SUR,JUAN PABLO II,0,PEDESTAL,C-26,1,0,0,SUR-PONIENTE
721,-98.158574,19.05568,723,18 DE NOVIEMBRE,ANTIGUO CAMINO A MANZANILLA,0,PEDESTAL,C-216,1,0,0,NOR-ORIENTE
722,-98.158546,19.055366,724,18 DE NOVIEMBRE,ANTIGUO CAMINO A MANZANILLA,0,PEDESTAL,C-216,2,0,0,NOR-ORIENTE
723,-98.158416,19.0559,725,18 DE NOVIEMBRE,ANTIGUO CAMINO A MANZANILLA,0,PEDESTAL,C-216,2,0,0,NOR-ORIENTE
724,-98.158408,19.055496,726,18 DE NOVIEMBRE,ANTIGUO CAMINO A MANZANILLA,0,MP-01,C-216,1,0,1,NOR-ORIENTE
725,-98.158402,19.05569,727,18 DE NOVIEMBRE,ANTIGUO CAMINO A MANZANILLA,0,PEDESTAL,C-216,2,0,0,NOR-ORIENTE
726,-98.158302,19.055775,728,18 DE NOVIEMBRE,ANTIGUO CAMINO A MANZANILLA,0,MP-01,C-216,1,0,1,NOR-ORIENTE
727,-98.158298,19.055368,729,18 DE NOVIEMBRE,ANTIGUO CAMINO A MANZANILLA,0,LATIGO,C-216,1,0,1,NOR-ORIENTE
728,-98.158246,19.0555,730,18 DE NOVIEMBRE,ANTIGUO CAMINO A MANZANILLA,0,PEDESTAL,C-216,2,0,0,NOR-ORIENTE
729,-98.158189,19.055639,731,18 DE NOVIEMBRE,ANTIGUO CAMINO A MANZANILLA,0,MP-01,C-216,1,0,1,NOR-ORIENTE
730,-98.158169,19.055801,732,18 DE NOVIEMBRE,ANTIGUO CAMINO A MANZANILLA,0,PEDESTAL,C-216,1,0,0,NOR-ORIENTE
731,-98.157976,19.055846,733,18 DE NOVIEMBRE,ANTIGUO CAMINO A MANZANILLA,0,PEDESTAL,C-216,1,0,0,NOR-ORIENTE
732,-98.15787,19.056028,734,18 DE NOVIEMBRE,ANTIGUO CAMINO A MANZANILLA,0,PEDESTAL,C-216,1,0,0,NOR-ORIENTE
733,-98.157824,19.05599,735,18 DE NOVIEMBRE,ANTIGUO CAMINO A MANZANILLA,0,PEDESTAL,C-216,1,0,0,NOR-ORIENTE
734,-98.157427,19.054379,736,18 DE NOVIEMBRE,ANTIGUO CAMINO A MANZANILLA,0,LATIGO,C-26,1,0,1,NOR-ORIENTE
735,-98.157291,19.054173,737,18 DE NOVIEMBRE,ANTIGUO CAMINO A MANZANILLA,0,PEDESTAL,C-216,1,0,0,NOR-ORIENTE
736,-98.161328,19.071445,738,18 DE NOVIEMBRE,CALLE A,0,PEDESTAL,C-216,1,0,0,NOR-ORIENTE
737,-98.161217,19.071343,739,18 DE NOVIEMBRE,CALLE A,0,PEDESTAL,C-216,1,0,0,NOR-ORIENTE
738,-98.16117,19.071651,740,18 DE NOVIEMBRE,CALLE A,0,PEDESTAL,C-216,1,0,0,NOR-ORIENTE
739,-98.161018,19.071476,741,18 DE NOVIEMBRE,CALLE A,0,LATIGO,C-216,1,0,0,NOR-ORIENTE
740,-98.160974,19.071635,742,18 DE NOVIEMBRE,CALLE A,0,LATIGO,C-216,1,0,1,NOR-ORIENTE
741,-98.160958,19.071392,743,18 DE NOVIEMBRE,CALLE A,0,PEDESTAL,C-216,1,0,0,NOR-ORIENTE
742,-98.16075,19.071498,744,18 DE NOVIEMBRE,CALLE A,0,LATIGO,C-216,1,0,1,NOR-ORIENTE
743,-98.155691,19.051894,745,18 DE NOVIEMBRE,CARMEN SERDAN,0,LATIGO,C-210,1,0,0,NOR-ORIENTE
744,-98.155685,19.05196,746,18 DE NOVIEMBRE,CARMEN SERDAN,CARMEN SERDÁN,MG-10,C-210,2,0,1,NOR-ORIENTE
745,-98.15554,19.051701,747,18 DE NOVIEMBRE,CARMEN SERDAN,0,MG-10,C-210,2,0,0,NOR-ORIENTE
746,-98.155524,19.05172,748,18 DE NOVIEMBRE,CARMEN SERDAN,0,LATIGO,C-210,1,0,0,NOR-ORIENTE
747,-98.149885,19.043964,749,18 DE NOVIEMBRE,DE LOS EDUCADORES,EDUCADORES,DOBLE LATIGO,C-208,2,0,0,NOR-ORIENTE
748,-98.149749,19.043749,750,18 DE NOVIEMBRE,DE LOS EDUCADORES,EDUCADORES,DOBLE LATIGO,C-208,2,0,0,NOR-ORIENTE
749,-98.159603,19.059271,751,18 DE NOVIEMBRE,DEFENSORES DE LA REPUBLICA,0,LATIGO,C-208,1,0,1,NOR-ORIENTE
750,-98.159572,19.059282,752,18 DE NOVIEMBRE,DEFENSORES DE LA REPUBLICA,0,LATIGO,C-208,1,0,0,NOR-ORIENTE
751,-98.159567,19.05958,753,18 DE NOVIEMBRE,DEFENSORES DE LA REPUBLICA,0,LATIGO,C-208,1,0,1,NOR-ORIENTE
752,-98.160014,19.061945,754,18 DE NOVIEMBRE,FERROCARRIL,0,DOBLE MG-10,C-208,4,1,0,NOR-ORIENTE
753,-98.160007,19.061891,755,18 DE NOVIEMBRE,FERROCARRIL,0,PEDESTAL,C-208,0,1,0,NOR-ORIENTE
754,-98.159691,19.061914,756,18 DE NOVIEMBRE,FERROCARRIL,0,DOBLE MG-10,C-208,4,1,0,NOR-ORIENTE
755,-98.159678,19.061814,757,18 DE NOVIEMBRE,FERROCARRIL,0,PEDESTAL,C-208,0,1,0,NOR-ORIENTE
756,-98.159276,19.057374,758,18 DE NOVIEMBRE,HOME DEPOT,0,LATIGO,C-216,1,0,1,NOR-ORIENTE
757,-98.159152,19.057405,759,18 DE NOVIEMBRE,HOME DEPOT,0,PEDESTAL,C-216,1,0,0,NOR-ORIENTE
758,-98.159136,19.057343,760,18 DE NOVIEMBRE,HOME DEPOT,0,PEDESTAL,C-216,1,0,0,NOR-ORIENTE
759,-98.148908,19.041976,761,18 DE NOVIEMBRE,INDEPENDENCIA,0,LATIGO,C-208,1,0,0,NOR-ORIENTE
760,-98.1486,19.041681,762,18 DE NOVIEMBRE,INDEPENDENCIA,0,LATIGO,C-208,1,0,0,NOR-ORIENTE
761,-98.148542,19.041861,763,18 DE NOVIEMBRE,INDEPENDENCIA,0,PEDESTAL,C-208,1,0,0,NOR-ORIENTE
762,-98.148528,19.041687,764,18 DE NOVIEMBRE,INDEPENDENCIA,0,LATIGO,C-208,1,0,0,NOR-ORIENTE
763,-98.156936,19.053669,765,18 DE NOVIEMBRE,SAUL COLOMBRES,0,LATIGO,C-210,1,0,0,NOR-ORIENTE
764,-98.156796,19.053432,766,18 DE NOVIEMBRE,SAUL COLOMBRES,SAUL COLOMBRES,LATIGO,C-210,1,0,1,NOR-ORIENTE
765,-98.156606,19.053489,767,18 DE NOVIEMBRE,SAUL COLOMBRES,COLOMBRES,MG-10,C-210,2,0,0,NOR-ORIENTE
766,-98.156455,19.053334,768,18 DE NOVIEMBRE,SAUL COLOMBRES,0,PEDESTAL,C-210,1,0,0,NOR-ORIENTE
767,-98.161142,19.070738,769,18 DE NOVIEMBRE,UNIDAD DEPORTIVA,0,PEDESTAL,C-216,1,0,0,NOR-ORIENTE
768,-98.160871,19.070279,770,18 DE NOVIEMBRE,UNIDAD DEPORTIVA,0,LATIGO,C-216,1,0,1,NOR-ORIENTE
769,-98.160851,19.070472,771,18 DE NOVIEMBRE,UNIDAD DEPORTIVA,0,LATIGO,C-216,1,0,0,NOR-ORIENTE
770,-98.1607,19.070405,772,18 DE NOVIEMBRE,UNIDAD DEPORTIVA,0,PEDESTAL,C-216,2,0,0,NOR-ORIENTE
771,-98.185003,19.043983,773,18 NORTE,18 NORTE,14 ORIENTE,PEDESTAL,C-26,1,0,0,NOR-ORIENTE
772,-98.184937,19.043903,774,18 NORTE,18 NORTE,14 ORIENTE,LATIGO,C-26,1,0,0,NOR-ORIENTE
773,-98.183603,19.046612,775,18 NORTE,20 ORIENTE,0,LATIGO,C-26,2,0,0,NOR-ORIENTE
774,-98.183595,19.04658,776,18 NORTE,20 ORIENTE,0,LATIGO,C-26,2,0,0,NOR-ORIENTE
775,-98.172449,19.045114,777,18 ORIENTE,32 NORTE,0,PEDESTAL,C-26,1,0,0,NOR-ORIENTE
776,-98.172438,19.044986,778,18 ORIENTE,32 NORTE,0,PEDESTAL,C-26,1,0,0,NOR-ORIENTE
777,-98.205124,19.056674,779,18 PONIENTE,15 NORTE,0,LATIGO,C-26,1,0,0,NOR-PONIENTE
778,-98.205102,19.056437,780,18 PONIENTE,15 NORTE,0,PEDESTAL,C-26,1,0,0,NOR-PONIENTE
779,-98.205078,19.056448,781,18 PONIENTE,15 NORTE,0,LATIGO,C-26,1,0,0,NOR-PONIENTE
780,-98.208189,19.058023,782,18 PONIENTE,18 PONIENTE,0,LATIGO,C-26,1,0,1,NOR-PONIENTE
781,-98.208387,19.058303,783,18 PONIENTE,19 NORTE,0,LATIGO,C-26,1,0,0,NOR-PONIENTE
782,-98.196131,19.05207,784,18 PONIENTE,3 NORTE,0,PEDESTAL,C-26,1,0,0,NOR-PONIENTE
783,-98.196047,19.052015,785,18 PONIENTE,3 NORTE,0,PEDESTAL,C-26,1,0,0,NOR-PONIENTE
784,-98.199185,19.053703,786,18 PONIENTE,7 NORTE,0,PEDESTAL,C-26,1,0,0,NOR-PONIENTE
785,-98.199114,19.053585,787,18 PONIENTE,7 NORTE,0,PEDESTAL,C-26,1,0,0,NOR-PONIENTE
786,-98.199058,19.053652,788,18 PONIENTE,7 NORTE,0,PEDESTAL,C-26,1,0,0,NOR-PONIENTE
787,-98.200636,19.054563,789,18 PONIENTE,9 NORTE,0,LATIGO,C-26,1,0,1,NOR-PONIENTE
788,-98.189353,19.034594,790,18 SUR,11 ORIENTE,0,PEDESTAL,C-26,1,0,0,SUR-ORIENTE
789,-98.189244,19.034615,791,18 SUR,11 ORIENTE,0,LATIGO,C-26,1,0,0,SUR-ORIENTE
790,-98.187668,19.037786,792,18 SUR,3 ORIENTE,0,PEDESTAL,C-26,1,0,0,SUR-ORIENTE
791,-98.18739,19.037999,793,18 SUR,3 ORIENTE,0,LATIGO,C-26,1,0,1,SUR-ORIENTE
792,-98.200102,19.011452,794,18 SUR,SAN FRANCISCO,0,LATIGO,C-26,1,0,0,SUR-ORIENTE
793,-98.200092,19.011245,795,18 SUR,SAN FRANCISCO,0,LATIGO,C-26,1,0,0,SUR-ORIENTE
794,-98.199814,19.011203,796,18 SUR,SAN FRANCISCO,0,LATIGO,C-26,1,0,0,SUR-ORIENTE
795,-98.199804,19.01141,797,18 SUR,SAN FRANCISCO,0,LATIGO,C-26,1,0,0,SUR-ORIENTE
796,-98.199509,19.01361,798,18 SUR,SAN MANUEL,0,LATIGO,C-26,1,0,0,SUR-ORIENTE
797,-98.199397,19.013504,799,18 SUR,SAN MANUEL,0,LATIGO,C-26,1,0,1,SUR-ORIENTE
798,-98.199322,19.013687,800,18 SUR,SAN MANUEL,0,LATIGO,C-26,1,0,0,SUR-ORIENTE
799,-98.209116,19.056599,801,19 NORTE,14 PONIENTE,0,PEDESTAL,C-26,1,0,0,NOR-PONIENTE
800,-98.209104,19.056678,802,19 NORTE,14 PONIENTE,0,LATIGO,C-26,1,0,0,NOR-PONIENTE
801,-98.199725,19.036078,803,19 ORIENTE,4 SUR,0,PEDESTAL,C-26,1,0,0,SUR-ORIENTE
802,-98.199613,19.036203,804,19 ORIENTE,4 SUR,0,PEDESTAL,C-26,1,0,0,SUR-ORIENTE
803,-98.211442,19.042085,805,19 PONIENTE,13 SUR,0,PEDESTAL,C-26,1,0,0,SUR-PONIENTE
804,-98.211289,19.042166,806,19 PONIENTE,13 SUR,0,PEDESTAL,C-26,1,0,0,SUR-PONIENTE
805,-98.202683,19.037546,807,19 PONIENTE,16 DE SEPTIEMBRE,0,PEDESTAL,C-26,1,0,0,SUR-PONIENTE
806,-98.202592,19.037654,808,19 PONIENTE,16 DE SEPTIEMBRE,0,PEDESTAL,C-26,1,0,0,SUR-PONIENTE
807,-98.217592,19.045241,809,19 PONIENTE,21 SUR,0,PEDESTAL,C-26,1,0,0,SUR-PONIENTE
808,-98.217517,19.045339,810,19 PONIENTE,21 SUR,0,PEDESTAL,C-26,1,0,0,SUR-PONIENTE
809,-98.204305,19.038361,811,19 PONIENTE,3 SUR,0,PEDESTAL,C-26,1,0,0,SUR-PONIENTE
810,-98.204169,19.038278,812,19 PONIENTE,3 SUR,0,PEDESTAL,C-26,1,0,0,SUR-PONIENTE
811,-98.20578,19.039105,813,19 PONIENTE,5 SUR,0,PEDESTAL,C-26,1,0,0,SUR-PONIENTE
812,-98.205678,19.039254,814,19 PONIENTE,5 SUR,0,PEDESTAL,C-26,1,0,0,SUR-PONIENTE
813,-98.207279,19.039915,815,19 PONIENTE,7 SUR,0,PEDESTAL,C-26,1,0,0,SUR-PONIENTE
814,-98.207149,19.039801,816,19 PONIENTE,7 SUR,0,PEDESTAL,C-26,1,0,0,SUR-PONIENTE
815,-98.214232,19.047383,817,19 SUR,11 PONIENTE,0,PEDESTAL,C-26,1,0,0,SUR-PONIENTE
816,-98.214134,19.047295,818,19 SUR,11 PONIENTE,0,PEDESTAL,C-26,1,0,0,SUR-PONIENTE
817,-98.215104,19.045838,819,19 SUR,15 PONIENTE,0,PEDESTAL,C-26,1,0,0,SUR-PONIENTE
818,-98.215013,19.045764,820,19 SUR,15 PONIENTE,0,PEDESTAL,C-26,1,0,0,SUR-PONIENTE
819,-98.215381,19.045086,821,19 SUR,17 PONIENTE,0,PEDESTAL,C-26,1,0,0,SUR-PONIENTE
820,-98.215291,19.045153,822,19 SUR,17 PONIENTE,0,PEDESTAL,C-26,1,0,0,SUR-PONIENTE
821,-98.215926,19.04438,823,19 SUR,19 PONIENTE,0,PEDESTAL,C-26,1,0,0,SUR-PONIENTE
822,-98.215834,19.044298,824,19 SUR,19 PONIENTE,0,PEDESTAL,C-26,1,0,0,SUR-PONIENTE
823,-98.212515,19.050427,825,19 SUR,3 PONIENTE,0,PEDESTAL,C-26,1,0,0,SUR-PONIENTE
824,-98.212402,19.05036,826,19 SUR,3 PONIENTE,0,PEDESTAL,C-26,1,0,0,SUR-PONIENTE
825,-98.221574,19.034202,827,19 SUR,45 PONIENTE,0,DOBLE LATIGO,EYSSA,2,0,0,SUR-PONIENTE
826,-98.21368,19.048042,828,19 SUR,9 PONIENTE,0,PEDESTAL,C-26,1,0,0,SUR-PONIENTE
827,-98.213596,19.048137,829,19 SUR,9 PONIENTE,0,PEDESTAL,C-26,1,0,0,SUR-PONIENTE
828,-98.200236,19.023045,830,2 DE OCTUBRE DE 1968,12 SUR,0,LATIGO,C-26,1,0,1,SUR-ORIENTE
829,-98.200163,19.022739,831,2 DE OCTUBRE DE 1968,12 SUR,0,LATIGO,C-26,1,0,0,SUR-ORIENTE
830,-98.199688,19.020261,832,2 DE OCTUBRE DE 1968,14 SUR,0,LATIGO,C-208,1,0,0,SUR-ORIENTE
831,-98.199607,19.020517,833,2 DE OCTUBRE DE 1968,14 SUR,0,LATIGO,C-208,1,0,1,SUR-ORIENTE
832,-98.199509,19.020021,834,2 DE OCTUBRE DE 1968,14 SUR,0,LATIGO,C-208,1,0,1,SUR-ORIENTE
833,-98.19942,19.020243,835,2 DE OCTUBRE DE 1968,14 SUR,0,LATIGO,C-208,1,0,0,SUR-ORIENTE
834,-98.200993,19.025785,836,2 DE OCTUBRE DE 1968,39 ORIENTE,0,LATIGO,C-208,1,0,1,SUR-ORIENTE
835,-98.20079,19.025876,837,2 DE OCTUBRE DE 1968,39 ORIENTE,0,LATIGO,C-208,1,0,1,SUR-ORIENTE
836,-98.200676,19.025202,838,2 DE OCTUBRE DE 1968,39 ORIENTE,0,LATIGO,C-208,1,0,1,SUR-ORIENTE
837,-98.20057,19.025693,839,2 DE OCTUBRE DE 1968,39 ORIENTE,0,LATIGO,C-208,1,0,1,SUR-ORIENTE
838,-98.200468,19.025416,840,2 DE OCTUBRE DE 1968,39 ORIENTE,0,PEDESTAL,C-208,1,0,1,SUR-ORIENTE
839,-98.194132,19.048984,841,2 NORTE,14 ORIENTE,0,PEDESTAL,C-26,1,0,0,NOR-ORIENTE
840,-98.194029,19.048923,842,2 NORTE,14 ORIENTE,0,PEDESTAL,C-26,1,0,0,NOR-ORIENTE
841,-98.193567,19.049676,843,2 NORTE,16 ORIENTE,0,PEDESTAL,C-26,1,0,0,NOR-ORIENTE
842,-98.1935,19.049759,844,2 NORTE,16 ORIENTE,0,PEDESTAL,C-26,1,0,0,NOR-ORIENTE
843,-98.193227,19.050513,845,2 NORTE,18 ORIENTE,0,DOBLE LATIGO,C-26,2,0,0,NOR-ORIENTE
844,-98.193188,19.050503,846,2 NORTE,18 ORIENTE,0,DOBLE LATIGO,C-26,2,0,1,NOR-ORIENTE
845,-98.192649,19.051283,847,2 NORTE,20 ORIENTE,0,LATIGO,C-26,1,0,1,NOR-ORIENTE
846,-98.192633,19.051268,848,2 NORTE,20 ORIENTE,0,LATIGO,C-26,1,0,1,NOR-ORIENTE
847,-98.191174,19.053744,849,2 NORTE,28 ORIENTE,0,LATIGO,C-26,1,0,0,NOR-ORIENTE
848,-98.191044,19.053624,850,2 NORTE,28 ORIENTE,0,LATIGO,C-26,1,0,0,NOR-ORIENTE
849,-98.190945,19.053734,851,2 NORTE,28 ORIENTE,0,LATIGO,C-26,1,0,0,NOR-ORIENTE
850,-98.190705,19.054655,852,2 NORTE,30 ORIENTE,0,P-300,C-210,1,0,0,NOR-ORIENTE
851,-98.190692,19.054608,853,2 NORTE,30 ORIENTE,0,P-300,C-210,1,0,0,NOR-ORIENTE
852,-98.190618,19.054745,854,2 NORTE,30 ORIENTE,0,PEDESTAL,C-210,0,1,0,NOR-ORIENTE
853,-98.190433,19.054642,855,2 NORTE,30 ORIENTE,0,P-300,C-210,1,0,0,NOR-ORIENTE
854,-98.190353,19.054613,856,2 NORTE,30 ORIENTE,0,P-300,C-210,1,0,1,NOR-ORIENTE
855,-98.190307,19.054351,857,2 NORTE,30 ORIENTE,0,P-300,C-210,1,0,0,NOR-ORIENTE
856,-98.190228,19.054572,858,2 NORTE,30 ORIENTE,0,PEDESTAL,C-210,0,1,0,NOR-ORIENTE
857,-98.195868,19.045913,859,2 NORTE,6 ORIENTE,0,PEDESTAL,C-26,1,0,0,NOR-ORIENTE
858,-98.195797,19.045871,860,2 NORTE,6 ORIENTE,0,PEDESTAL,C-26,1,0,0,NOR-ORIENTE
859,-98.195342,19.046625,861,2 NORTE,8 ORIENTE,0,PEDESTAL,C-26,1,0,0,NOR-ORIENTE
860,-98.195264,19.046711,862,2 NORTE,8 ORIENTE,0,PEDESTAL,C-26,1,0,0,NOR-ORIENTE
861,-98.190079,19.040942,863,2 ORIENTE,14 NORTE,0,PEDESTAL,C-26,1,0,0,NOR-ORIENTE
862,-98.189962,19.041014,864,2 ORIENTE,14 NORTE,0,PEDESTAL,C-26,1,0,0,NOR-ORIENTE
863,-98.188402,19.0401,865,2 ORIENTE,16 NORTE,0,PEDESTAL,C-26,1,0,0,NOR-ORIENTE
864,-98.188325,19.040037,866,2 ORIENTE,16 NORTE,16 NORTE,PEDESTAL,C-26,1,0,0,NOR-ORIENTE
865,-98.186932,19.039347,867,2 ORIENTE,18 NORTE,18 NORTE,PEDESTAL,C-26,1,0,0,NOR-ORIENTE
866,-98.186842,19.039421,868,2 ORIENTE,18 NORTE,0,PEDESTAL,C-26,1,0,0,NOR-ORIENTE
867,-98.196736,19.044414,869,2 ORIENTE,2 NORTE,0,PEDESTAL,C-26,1,2,0,NOR-ORIENTE
868,-98.196696,19.044486,870,2 ORIENTE,2 NORTE,0,PEDESTAL,C-26,0,2,0,NOR-ORIENTE
869,-98.196656,19.044321,871,2 ORIENTE,2 NORTE,0,PEDESTAL,C-26,1,2,0,NOR-ORIENTE
870,-98.19658,19.044419,872,2 ORIENTE,2 NORTE,0,PEDESTAL,C-26,0,2,0,NOR-ORIENTE
871,-98.185884,19.03885,873,2 ORIENTE,20 NORTE,0,PEDESTAL,C-26,1,0,0,NOR-ORIENTE
872,-98.185817,19.038946,874,2 ORIENTE,20 NORTE,20 NORTE,PEDESTAL,C-26,1,0,0,NOR-ORIENTE
873,-98.184406,19.038097,875,2 ORIENTE,22 NORTE,2 ORIENTE,PEDESTAL,C-26,1,0,0,NOR-ORIENTE
874,-98.184399,19.038071,876,2 ORIENTE,22 NORTE,0,PEDESTAL,C-26,1,0,0,NOR-ORIENTE
875,-98.184375,19.038184,877,2 ORIENTE,22 NORTE,2 ORIENTE,PEDESTAL,C-26,1,0,0,NOR-ORIENTE
876,-98.184263,19.038154,878,2 ORIENTE,22 NORTE,24 NORTE,PEDESTAL,C-26,1,0,0,NOR-ORIENTE
877,-98.183782,19.037747,879,2 ORIENTE,24 NORTE,0,PEDESTAL,C-26,1,0,1,NOR-ORIENTE
878,-98.183637,19.037718,880,2 ORIENTE,24 NORTE,0,PEDESTAL,C-26,1,0,0,NOR-ORIENTE
879,-98.182117,19.036976,881,2 ORIENTE,26 NORTE,2 ORIENTE,PEDESTAL,C-26,1,0,0,NOR-ORIENTE
880,-98.182068,19.037049,882,2 ORIENTE,26 NORTE,0,PEDESTAL,C-26,1,0,0,NOR-ORIENTE
881,-98.179164,19.03549,883,2 ORIENTE,30 NORTE,30 NORTE,PEDESTAL,C-26,1,0,0,NOR-ORIENTE
882,-98.17913,19.035575,884,2 ORIENTE,30 NORTE,30 NORTE,PEDESTAL,C-26,1,0,0,NOR-ORIENTE
883,-98.195234,19.043629,885,2 ORIENTE,4 NORTE,0,LATIGO,C-26,1,0,0,NOR-ORIENTE
884,-98.195171,19.043704,886,2 ORIENTE,4 NORTE,0,PEDESTAL,C-26,1,0,0,NOR-ORIENTE
885,-98.193713,19.042836,887,2 ORIENTE,6 NORTE,0,PEDESTAL,C-26,1,0,0,NOR-ORIENTE
886,-98.193614,19.04278,888,2 ORIENTE,6 NORTE,0,PEDESTAL,C-26,1,0,0,NOR-ORIENTE
887,-98.206917,19.049734,889,2 PONIENTE,13 NORTE,0,PEDESTAL,C-26,1,0,0,NOR-PONIENTE
888,-98.206859,19.049822,890,2 PONIENTE,13 NORTE,0,PEDESTAL,C-26,1,0,0,NOR-PONIENTE
889,-98.208437,19.050499,891,2 PONIENTE,15 NORTE,0,PEDESTAL,C-26,1,0,0,NOR-PONIENTE
890,-98.208325,19.050433,892,2 PONIENTE,15 NORTE,0,PEDESTAL,C-26,1,0,0,NOR-PONIENTE
891,-98.209922,19.051263,893,2 PONIENTE,17 NORTE,0,PEDESTAL,C-26,1,0,0,NOR-PONIENTE
892,-98.209834,19.051374,894,2 PONIENTE,17 NORTE,0,PEDESTAL,C-26,1,0,0,NOR-PONIENTE
893,-98.21146,19.052219,895,2 PONIENTE,19 NORTE,0,PEDESTAL,C-26,1,0,0,NOR-PONIENTE
894,-98.211371,19.052167,896,2 PONIENTE,19 NORTE,0,PEDESTAL,C-26,1,0,0,NOR-PONIENTE
895,-98.212928,19.052851,897,2 PONIENTE,21 NORTE,0,PEDESTAL,C-26,1,0,0,NOR-PONIENTE
896,-98.212843,19.052927,898,2 PONIENTE,21 NORTE,0,PEDESTAL,C-26,1,0,0,NOR-PONIENTE
897,-98.214621,19.05375,899,2 PONIENTE,23 NORTE,0,PEDESTAL,C-26,1,0,0,NOR-PONIENTE
898,-98.214547,19.053827,900,2 PONIENTE,23 NORTE,0,PEDESTAL,C-26,1,0,0,NOR-PONIENTE
899,-98.216169,19.054514,901,2 PONIENTE,25 NORTE,0,PEDESTAL,C-26,1,0,0,NOR-PONIENTE
900,-98.216071,19.054459,902,2 PONIENTE,25 NORTE,0,PEDESTAL,C-26,1,0,0,NOR-PONIENTE
901,-98.219097,19.056377,903,2 PONIENTE,29 NORTE,0,PEDESTAL,C-26,1,0,0,NOR-PONIENTE
902,-98.21904,19.056446,904,2 PONIENTE,29 NORTE,0,PEDESTAL,C-26,1,0,0,NOR-PONIENTE
903,-98.219011,19.056453,905,2 PONIENTE,29 NORTE,0,PEDESTAL,C-26,1,0,0,NOR-PONIENTE
904,-98.199754,19.045962,906,2 PONIENTE,3 NORTE,0,LATIGO,C-26,1,0,0,NOR-PONIENTE
905,-98.199708,19.046019,907,2 PONIENTE,3 NORTE,0,PEDESTAL,C-26,0,2,0,NOR-PONIENTE
906,-98.199636,19.045888,908,2 PONIENTE,3 NORTE,0,PEDESTAL,C-26,1,2,2,NOR-PONIENTE
907,-98.199605,19.045963,909,2 PONIENTE,3 NORTE,0,PEDESTAL,C-26,0,2,0,NOR-PONIENTE
908,-98.221595,19.05822,910,2 PONIENTE,33 NORTE,0,LATIGO,C-26,1,0,0,NOR-PONIENTE
909,-98.221585,19.058177,911,2 PONIENTE,33 NORTE,0,LATIGO,C-26,1,0,0,NOR-PONIENTE
910,-98.22316,19.059344,912,2 PONIENTE,37 NORTE,0,PEDESTAL,C-26,1,0,0,NOR-PONIENTE
911,-98.223084,19.059101,913,2 PONIENTE,37 NORTE,0,PEDESTAL,C-26,1,0,0,NOR-PONIENTE
912,-98.222905,19.059394,914,2 PONIENTE,37 NORTE,0,PEDESTAL,C-26,1,0,0,NOR-PONIENTE
913,-98.222753,19.059219,915,2 PONIENTE,37 NORTE,0,LATIGO,C-26,2,0,1,NOR-PONIENTE
914,-98.198236,19.045168,916,2 PONIENTE,5 DE MAYO,0,PEDESTAL,C-26,1,0,0,NOR-PONIENTE
915,-98.198158,19.045249,917,2 PONIENTE,5 DE MAYO,0,PEDESTAL,C-26,0,1,0,NOR-PONIENTE
916,-98.201249,19.046745,918,2 PONIENTE,5 NORTE,0,PEDESTAL,C-26,1,0,0,NOR-PONIENTE
917,-98.201166,19.046827,919,2 PONIENTE,5 NORTE,0,PEDESTAL,C-26,1,0,0,NOR-PONIENTE
918,-98.202762,19.04753,920,2 PONIENTE,7 NORTE,0,LATIGO,C-26,1,0,0,NOR-PONIENTE
919,-98.202686,19.047449,921,2 PONIENTE,7 NORTE,0,PEDESTAL,C-26,1,0,0,NOR-PONIENTE
920,-98.204265,19.048325,922,2 PONIENTE,9 NORTE,0,PEDESTAL,C-26,1,0,0,NOR-PONIENTE
921,-98.204181,19.048405,923,2 PONIENTE,9 NORTE,0,PEDESTAL,C-26,1,0,0,NOR-PONIENTE
922,-98.226202,18.990744,924,2 SUR,105 ORIENTE,0,PEDESTAL,C-26,1,0,0,SUR-ORIENTE
923,-98.22617,18.990576,925,2 SUR,105 ORIENTE,0,LATIGO,C-26,1,0,1,SUR-ORIENTE
924,-98.226078,18.990718,926,2 SUR,105 ORIENTE,0,LATIGO,C-26,1,0,1,SUR-ORIENTE
925,-98.226058,18.99057,927,2 SUR,105 ORIENTE,0,PEDESTAL,C-26,1,0,0,SUR-ORIENTE
926,-98.201163,19.036791,928,2 SUR,19 ORIENTE,0,PEDESTAL,C-26,1,0,0,SUR-ORIENTE
927,-98.201008,19.036685,929,2 SUR,19 ORIENTE,0,PEDESTAL,C-26,1,0,0,SUR-ORIENTE
928,-98.200566,19.037456,930,2 SUR,19 ORIENTE,0,PEDESTAL,C-26,1,0,0,SUR-ORIENTE
929,-98.200486,19.037566,931,2 SUR,19 ORIENTE,0,PEDESTAL,C-26,1,0,0,SUR-ORIENTE
930,-98.201475,19.035863,932,2 SUR,21 ORIENTE,0,PEDESTAL,C-26,1,0,0,SUR-ORIENTE
931,-98.201349,19.035968,933,2 SUR,21 ORIENTE,0,PEDESTAL,C-26,1,0,0,SUR-ORIENTE
932,-98.202977,19.033498,934,2 SUR,27 ORIENTE,0,PEDESTAL,C-26,1,0,0,SUR-ORIENTE
933,-98.202888,19.033399,935,2 SUR,27 ORIENTE,0,PEDESTAL,C-26,1,0,0,SUR-ORIENTE
934,-98.204057,19.031654,936,2 SUR,31 ORIENTE,0,PEDESTAL,C-26,1,0,0,SUR-ORIENTE
935,-98.203997,19.031768,937,2 SUR,31 ORIENTE,0,PEDESTAL,C-26,1,0,0,SUR-ORIENTE
936,-98.203936,19.031895,938,2 SUR,31 ORIENTE,0,LATIGO,C-26,1,0,1,SUR-ORIENTE
937,-98.2039,19.031685,939,2 SUR,31 ORIENTE,0,PEDESTAL,C-26,1,0,0,SUR-ORIENTE
938,-98.203879,19.031536,940,2 SUR,31 ORIENTE,0,LATIGO,C-26,1,0,0,SUR-ORIENTE
939,-98.204843,19.030222,941,2 SUR,35 ORIENTE,0,PEDESTAL,C-26,1,0,0,SUR-ORIENTE
940,-98.204748,19.030201,942,2 SUR,35 ORIENTE,0,LATIGO,C-26,1,0,0,SUR-ORIENTE
941,-98.206812,19.026981,943,2 SUR,43 ORIENTE,0,PEDESTAL,C-26,1,0,0,SUR-ORIENTE
942,-98.206793,19.026886,944,2 SUR,43 ORIENTE,0,LATIGO,C-26,1,0,0,SUR-ORIENTE
943,-98.206646,19.026892,945,2 SUR,43 ORIENTE,0,PEDESTAL,C-26,1,0,0,SUR-ORIENTE
944,-98.219651,18.996443,946,2 SUR,DE LAS TORRES,0,LATIGO,C-26,1,0,0,SUR-ORIENTE
945,-98.219524,18.996561,947,2 SUR,DE LAS TORRES,0,PEDESTAL,C-26,1,0,0,SUR-ORIENTE
946,-98.219442,18.996644,948,2 SUR,DE LAS TORRES,0,LATIGO,C-26,1,0,1,SUR-ORIENTE
947,-98.219403,18.996379,949,2 SUR,DE LAS TORRES,0,LATIGO,C-26,1,0,0,SUR-ORIENTE
948,-98.219287,18.996449,950,2 SUR,DE LAS TORRES,0,PEDESTAL,C-26,1,0,0,SUR-ORIENTE
949,-98.219198,18.996585,951,2 SUR,DE LAS TORRES,0,LATIGO,C-26,1,0,0,SUR-ORIENTE
950,-98.208332,19.024644,952,2 SUR,EDUARDO CUE MERLO,0,PEDESTAL,C-26,1,0,0,SUR-ORIENTE
951,-98.208329,19.02456,953,2 SUR,EDUARDO CUE MERLO,0,PEDESTAL,C-26,1,0,0,SUR-ORIENTE
952,-98.208226,19.024512,954,2 SUR,EDUARDO CUE MERLO,0,PEDESTAL,C-26,1,0,0,SUR-ORIENTE
953,-98.20819,19.024562,955,2 SUR,EDUARDO CUE MERLO,0,PEDESTAL,C-26,1,0,0,SUR-ORIENTE
954,-98.207231,19.026332,956,2 SUR,HEROES DEL 5 DE MAYO,0,P-300,C-3000,2,0,0,SUR-ORIENTE
955,-98.207155,19.026334,957,2 SUR,HEROES DEL 5 DE MAYO,0,PEDESTAL,C-3000,0,2,0,SUR-ORIENTE
956,-98.207149,19.026504,958,2 SUR,HEROES DEL 5 DE MAYO,0,PEDESTAL,C-3000,0,1,0,SUR-ORIENTE
957,-98.207098,19.02615,959,2 SUR,HEROES DEL 5 DE MAYO,0,P-300,C-3000,1,1,1,SUR-ORIENTE
958,-98.206947,19.026324,960,2 SUR,HEROES DEL 5 DE MAYO,0,P-300,C-3000,2,0,0,SUR-ORIENTE
959,-98.212611,19.016447,961,2 SUR,VIOLETAS,0,PEDESTAL,C-26,1,0,0,SUR-ORIENTE
960,-98.212502,19.016298,962,2 SUR,VIOLETAS,0,LATIGO,C-26,1,0,0,SUR-ORIENTE
961,-98.212492,19.01631,963,2 SUR,VIOLETAS,0,LATIGO,C-26,1,0,0,SUR-ORIENTE
962,-98.182145,19.046166,964,20 NORTE,20 ORIENTE,0,LATIGO,C-26,1,0,1,NOR-ORIENTE
963,-98.186323,19.047416,965,20 ORIENTE,14 NORTE,0,LATIGO,C-26,1,0,0,NOR-ORIENTE
964,-98.1863,19.047375,966,20 ORIENTE,14 NORTE,0,LATIGO,C-26,1,0,0,NOR-ORIENTE
965,-98.184732,19.046817,967,20 ORIENTE,16 NORTE,0,PEDESTAL,C-26,1,0,0,NOR-ORIENTE
966,-98.195606,19.052762,968,20 PONIENTE,3 NORTE,0,PEDESTAL,C-26,1,0,0,NOR-PONIENTE
967,-98.195531,19.052822,969,20 PONIENTE,3 NORTE,0,PEDESTAL,C-26,1,0,0,NOR-PONIENTE
968,-98.187371,19.034722,970,20 SUR,9 ORIENTE,0,LATIGO,C-26,1,0,0,SUR-ORIENTE
969,-98.187249,19.034639,971,20 SUR,9 ORIENTE,0,PEDESTAL,C-26,1,0,0,SUR-ORIENTE
970,-98.211139,19.055912,972,21 NORTE,10 PONIENTE,0,PEDESTAL,C-26,1,0,0,NOR-PONIENTE
971,-98.211052,19.055802,973,21 NORTE,10 PONIENTE,0,PEDESTAL,C-26,1,0,0,NOR-PONIENTE
972,-98.210391,19.057338,974,21 NORTE,14 PONIENTE,0,LATIGO,C-26,1,0,0,NOR-PONIENTE
973,-98.210347,19.057437,975,21 NORTE,14 PONIENTE,0,PEDESTAL,C-26,1,0,0,NOR-PONIENTE
974,-98.210194,19.057413,976,21 NORTE,14 PONIENTE,0,LATIGO,C-26,1,0,0,NOR-PONIENTE
975,-98.200112,19.035355,977,21 ORIENTE,4 SUR,0,LATIGO,C-26,1,0,0,SUR-ORIENTE
976,-98.199999,19.035265,978,21 ORIENTE,4 SUR,0,PEDESTAL,C-26,1,0,0,SUR-ORIENTE
977,-98.214757,19.04289,979,21 PONIENTE,17 SUR,0,PEDESTAL,C-26,1,0,0,SUR-PONIENTE
978,-98.214676,19.042835,980,21 PONIENTE,17 SUR,0,PEDESTAL,C-26,1,0,0,SUR-PONIENTE
979,-98.216274,19.043505,981,21 PONIENTE,19 SUR,0,PEDESTAL,C-26,1,0,0,SUR-PONIENTE
980,-98.216188,19.043585,982,21 PONIENTE,19 SUR,0,PEDESTAL,C-26,1,0,0,SUR-PONIENTE
981,-98.206124,19.038496,983,21 PONIENTE,5 SUR,0,PEDESTAL,C-26,1,0,0,SUR-PONIENTE
982,-98.206025,19.038368,984,21 PONIENTE,5 SUR,0,PEDESTAL,C-26,1,0,0,SUR-PONIENTE
983,-98.215857,19.048254,985,21 SUR,11 PONIENTE,0,PEDESTAL,C-26,1,0,0,SUR-PONIENTE
984,-98.215723,19.048261,986,21 SUR,11 PONIENTE,0,PEDESTAL,C-26,1,0,0,SUR-PONIENTE
985,-98.217982,19.044498,987,21 SUR,21 PONIENTE,0,PEDESTAL,C-26,1,0,0,SUR-PONIENTE
986,-98.217872,19.044435,988,21 SUR,21 PONIENTE,0,PEDESTAL,C-26,1,0,0,SUR-PONIENTE
987,-98.218515,19.043609,989,21 SUR,23 PONIENTE,0,PEDESTAL,C-26,1,0,0,SUR-PONIENTE
988,-98.218416,19.043703,990,21 SUR,23 PONIENTE,0,PEDESTAL,C-26,1,0,0,SUR-PONIENTE
989,-98.214035,19.051213,991,21 SUR,3 PONIENTE,0,PEDESTAL,C-26,1,0,0,SUR-PONIENTE
990,-98.21395,19.051295,992,21 SUR,3 PONIENTE,0,PEDESTAL,C-26,1,0,0,SUR-PONIENTE
991,-98.183179,19.047521,993,22 ORIENTE,18 NORTE,0,PEDESTAL,C-26,2,0,0,NOR-ORIENTE
992,-98.198042,19.005603,994,22 SUR,CIRCUNVALACION,0,LATIGO,C-26,1,0,0,SUR-ORIENTE
993,-98.197893,19.005297,995,22 SUR,CIRCUNVALACION,0,PEDESTAL,C-26,1,0,0,SUR-ORIENTE
994,-98.197838,19.005595,996,22 SUR,CIRCUNVALACION,0,PEDESTAL,C-26,1,0,0,SUR-ORIENTE
995,-98.197737,19.005275,997,22 SUR,CIRCUNVALACION,0,LATIGO,C-26,1,0,0,SUR-ORIENTE
996,-98.195362,19.017741,998,22 SUR,GUADALUPE VICTORIA,0,PEDESTAL,C-26,1,0,0,SUR-ORIENTE
997,-98.195361,19.017466,999,22 SUR,GUADALUPE VICTORIA,0,LATIGO,C-26,1,0,0,SUR-ORIENTE
998,-98.195268,19.017686,1000,22 SUR,GUADALUPE VICTORIA,0,PEDESTAL,C-26,1,0,0,SUR-ORIENTE
999,-98.195193,19.017462,1001,22 SUR,GUADALUPE VICTORIA,0,PEDESTAL,C-26,1,0,0,SUR-ORIENTE
1000,-98.198517,19.00313,1002,22 SUR,SAN CLAUDIO,0,LATIGO,C-26,1,0,0,SUR-ORIENTE
1001,-98.198463,19.002944,1003,22 SUR,SAN CLAUDIO,0,PEDESTAL,C-26,1,0,0,SUR-ORIENTE
1002,-98.198285,19.002864,1004,22 SUR,SAN CLAUDIO,0,LATIGO,C-26,1,0,1,SUR-ORIENTE
1003,-98.19705,19.010338,1005,22 SUR,SAN FRANCISCO,0,LATIGO,C-26,1,0,0,SUR-ORIENTE
1004,-98.196935,19.010086,1006,22 SUR,SAN FRANCISCO,0,PEDESTAL,C-26,1,0,0,SUR-ORIENTE
1005,-98.196866,19.010288,1007,22 SUR,SAN FRANCISCO,0,PEDESTAL,C-26,1,0,0,SUR-ORIENTE
1006,-98.196737,19.010094,1008,22 SUR,SAN FRANCISCO,0,LATIGO,C-26,1,0,0,SUR-ORIENTE
1007,-98.196555,19.012532,1009,22 SUR,SAN MANUEL,0,PEDESTAL,C-26,1,0,0,SUR-ORIENTE
1008,-98.196442,19.012444,1010,22 SUR,SAN MANUEL,0,LATIGO,C-26,1,0,1,SUR-ORIENTE
1009,-98.196374,19.012621,1011,22 SUR,SAN MANUEL,0,LATIGO,C-26,1,0,1,SUR-ORIENTE
1010,-98.201987,19.035263,1012,23 ORIENTE,2 SUR,0,PEDESTAL,C-26,1,0,0,SUR-ORIENTE
1011,-98.201968,19.035206,1013,23 ORIENTE,2 SUR,0,LATIGO,C-26,1,0,0,SUR-ORIENTE
1012,-98.200584,19.034601,1014,23 ORIENTE,4 SUR,0,PEDESTAL,C-26,1,0,0,SUR-ORIENTE
1013,-98.200488,19.034681,1015,23 ORIENTE,4 SUR,0,PEDESTAL,C-26,1,0,0,SUR-ORIENTE
1014,-98.222831,19.045847,1016,23 PONIENTE,19 PONIENTE,0,LATIGO,C-26,1,0,0,SUR-PONIENTE
1015,-98.222818,19.045692,1017,23 PONIENTE,19 PONIENTE,0,LATIGO,C-26,1,0,0,SUR-PONIENTE
1016,-98.216829,19.042758,1018,23 PONIENTE,19 SUR,0,PEDESTAL,C-26,1,0,0,SUR-PONIENTE
1017,-98.216712,19.042685,1019,23 PONIENTE,19 SUR,0,PEDESTAL,C-26,1,0,0,SUR-PONIENTE
1018,-98.223102,19.045821,1020,23 PONIENTE,27 SUR,0,PEDESTAL,C-26,1,0,0,SUR-PONIENTE
1019,-98.222919,19.045885,1021,23 PONIENTE,27 SUR,0,PEDESTAL,C-26,1,0,0,SUR-PONIENTE
1020,-98.205147,19.036916,1022,23 PONIENTE,3 SUR,0,PEDESTAL,C-26,1,0,0,SUR-PONIENTE
1021,-98.205036,19.036841,1023,23 PONIENTE,3 SUR,0,PEDESTAL,C-26,1,0,0,SUR-PONIENTE
1022,-98.22633,19.047439,1024,23 PONIENTE,31 SUR,0,PEDESTAL,C-26,1,0,0,SUR-PONIENTE
1023,-98.226219,19.047369,1025,23 PONIENTE,31 SUR,0,PEDESTAL,C-26,1,0,0,SUR-PONIENTE
1024,-98.206634,19.037684,1026,23 PONIENTE,5 SUR,0,PEDESTAL,C-26,1,0,0,SUR-PONIENTE
1025,-98.206534,19.037801,1027,23 PONIENTE,5 SUR,0,PEDESTAL,C-26,1,0,0,SUR-PONIENTE
1026,-98.208162,19.038433,1028,23 PONIENTE,7 SUR,0,PEDESTAL,C-26,1,0,0,SUR-PONIENTE
1027,-98.208013,19.038355,1029,23 PONIENTE,7 SUR,0,PEDESTAL,C-26,1,0,0,SUR-PONIENTE
1028,-98.209638,19.039195,1030,23 PONIENTE,9 SUR,0,PEDESTAL,C-26,1,0,0,SUR-PONIENTE
1029,-98.209536,19.039325,1031,23 PONIENTE,9 SUR,0,PEDESTAL,C-26,1,0,0,SUR-PONIENTE
1030,-98.217698,19.048301,1032,23 SUR,13 PONIENTE,0,PEDESTAL,C-26,1,0,0,SUR-PONIENTE
1031,-98.21759,19.048202,1033,23 SUR,13 PONIENTE,0,PEDESTAL,C-26,1,0,0,SUR-PONIENTE
1032,-98.219007,19.045975,1034,23 SUR,19 PONIENTE,0,PEDESTAL,C-26,1,0,0,SUR-PONIENTE
1033,-98.218932,19.046075,1035,23 SUR,19 PONIENTE,0,PEDESTAL,C-26,1,0,0,SUR-PONIENTE
1034,-98.219891,19.044412,1036,23 SUR,23 PONIENTE,0,LATIGO,C-26,1,0,1,SUR-PONIENTE
1035,-98.219859,19.044427,1037,23 SUR,23 PONIENTE,0,LATIGO,C-26,1,0,1,SUR-PONIENTE
1036,-98.220766,19.042788,1038,23 SUR,27 PONIENTE,0,LATIGO,C-26,1,0,1,SUR-PONIENTE
1037,-98.222188,19.040298,1039,23 SUR,33 PONIENTE,0,PEDESTAL,C-26,2,0,0,SUR-PONIENTE
1038,-98.222047,19.040221,1040,23 SUR,33 PONIENTE,0,PEDESTAL,C-26,1,0,0,SUR-PONIENTE
1039,-98.215971,19.051316,1041,23 SUR,5 PONIENTE,0,LATIGO,C-26,1,0,1,SUR-PONIENTE
1040,-98.215889,19.051235,1042,23 SUR,5 PONIENTE,0,PEDESTAL,C-26,1,0,0,SUR-PONIENTE
1041,-98.180722,19.043017,1043,24 NORTE,14 ORIENTE,0,PEDESTAL,C-26,1,0,0,NOR-ORIENTE
1042,-98.179309,19.04643,1044,24 NORTE,22 ORIENTE,0,PEDESTAL,C-26,1,0,0,NOR-ORIENTE
1043,-98.179191,19.046471,1045,24 NORTE,22 ORIENTE,0,PEDESTAL,C-26,1,0,0,NOR-ORIENTE
1044,-98.179267,19.046487,1046,24 NORTE,24 NORTE,22 ORIENTE,PEDESTAL,C-26,2,0,0,NOR-ORIENTE
1045,-98.182691,19.039848,1047,24 NORTE,4 ORIENTE,0,PEDESTAL,C-26,1,0,0,NOR-ORIENTE
1046,-98.182648,19.04,1048,24 NORTE,4 ORIENTE,0,PEDESTAL,C-26,1,0,0,NOR-ORIENTE
1047,-98.182508,19.039868,1049,24 NORTE,4 ORIENTE,0,PEDESTAL,C-26,1,0,0,NOR-ORIENTE
1048,-98.197456,18.974449,1050,24 SUR,109 ORIENTE,0,MP-01,C-26,1,0,1,SUR-ORIENTE
1049,-98.197416,18.974658,1051,24 SUR,109 ORIENTE,0,PEDESTAL,C-26,1,0,0,SUR-ORIENTE
1050,-98.19735,18.974571,1052,24 SUR,109 ORIENTE,0,PEDESTAL,C-26,1,0,0,SUR-ORIENTE
1051,-98.186333,19.033095,1053,24 SUR,11 ORIENTE,0,PEDESTAL,C-26,1,0,0,SUR-ORIENTE
1052,-98.186327,19.033082,1054,24 SUR,11 ORIENTE,0,PEDESTAL,C-26,1,0,0,SUR-ORIENTE
1053,-98.186213,19.03305,1055,24 SUR,11 ORIENTE,0,PEDESTAL,C-26,1,0,0,SUR-ORIENTE
1054,-98.189383,19.027555,1056,24 SUR,25 ORIENTE,0,LATIGO,C-26,1,0,0,SUR-ORIENTE
1055,-98.189274,19.027514,1057,24 SUR,25 ORIENTE,0,PEDESTAL,C-26,1,0,0,SUR-ORIENTE
1056,-98.189036,19.027564,1058,24 SUR,25 ORIENTE,0,LATIGO,C-26,1,0,1,SUR-ORIENTE
1057,-98.190986,19.025039,1059,24 SUR,31 ORIENTE,0,LATIGO,C-26,1,0,0,SUR-ORIENTE
1058,-98.190838,19.025004,1060,24 SUR,31 ORIENTE,0,PEDESTAL,C-26,1,0,0,SUR-ORIENTE
1059,-98.190636,19.02519,1061,24 SUR,31 ORIENTE,0,PEDESTAL,C-26,1,0,0,SUR-ORIENTE
1060,-98.190625,19.024998,1062,24 SUR,31 ORIENTE,0,PEDESTAL,C-26,1,0,0,SUR-ORIENTE
1061,-98.190512,19.025141,1063,24 SUR,31 ORIENTE,0,LATIGO,C-26,1,0,0,SUR-ORIENTE
1062,-98.192066,19.02341,1064,24 SUR,35 ORIENTE,0,PEDESTAL,C-26,1,0,0,SUR-ORIENTE
1063,-98.191874,19.023185,1065,24 SUR,35 ORIENTE,0,PEDESTAL,C-26,1,0,1,SUR-ORIENTE
1064,-98.191714,19.023757,1066,24 SUR,35 ORIENTE,0,PEDESTAL,C-26,1,0,0,SUR-ORIENTE
1065,-98.191608,19.023576,1067,24 SUR,35 ORIENTE,0,LATIGO,C-26,1,0,1,SUR-ORIENTE
1066,-98.192164,19.020957,1068,24 SUR,39 ORIENTE,0,LATIGO,C-26,1,0,0,SUR-ORIENTE
1067,-98.192154,19.021134,1069,24 SUR,39 ORIENTE,0,PEDESTAL,C-26,1,0,0,SUR-ORIENTE
1068,-98.191956,19.021016,1070,24 SUR,39 ORIENTE,0,PEDESTAL,C-26,1,0,0,SUR-ORIENTE
1069,-98.191902,19.021169,1071,24 SUR,39 ORIENTE,0,LATIGO,C-26,1,0,0,SUR-ORIENTE
1070,-98.185011,19.03542,1072,24 SUR,5 ORIENTE,0,PEDESTAL,C-26,1,0,0,SUR-ORIENTE
1071,-98.18498,19.03554,1073,24 SUR,5 ORIENTE,0,PEDESTAL,C-26,1,0,0,SUR-ORIENTE
1072,-98.1849,19.035389,1074,24 SUR,5 ORIENTE,0,PEDESTAL,C-26,1,0,0,SUR-ORIENTE
1073,-98.184806,19.035485,1075,24 SUR,5 ORIENTE,0,PEDESTAL,C-26,1,0,0,SUR-ORIENTE
1074,-98.185896,19.033839,1076,24 SUR,9 ORIENTE,0,PEDESTAL,C-26,1,0,0,SUR-ORIENTE
1075,-98.185798,19.033826,1077,24 SUR,9 ORIENTE,0,PEDESTAL,C-26,1,0,0,SUR-ORIENTE
1076,-98.185712,19.033919,1078,24 SUR,9 ORIENTE,0,PEDESTAL,C-26,1,0,0,SUR-ORIENTE
1077,-98.196925,18.977568,1079,24 SUR,BACHILLERES,0,PEDESTAL,C-26,1,0,0,SUR-ORIENTE
1078,-98.196842,18.977514,1080,24 SUR,BACHILLERES,0,MP-01,C-26,1,0,1,SUR-ORIENTE
1079,-98.196795,18.977697,1081,24 SUR,BACHILLERES,0,MP-01,C-26,1,0,1,SUR-ORIENTE
1080,-98.196738,18.97753,1082,24 SUR,BACHILLERES,0,LATIGO,C-26,1,0,0,SUR-ORIENTE
1081,-98.193121,19.013521,1083,24 SUR,JUAN PABLO II,0,LATIGO,C-26,1,0,1,SUR-ORIENTE
1082,-98.193116,19.013514,1084,24 SUR,JUAN PABLO II,0,LATIGO,C-26,1,0,0,SUR-ORIENTE
1083,-98.194167,19.004264,1085,24 SUR,CIRCUNVALACION,0,LATIGO,C-26,1,0,0,SUR-ORIENTE
1084,-98.194037,19.004359,1086,24 SUR,CIRCUNVALACION,0,LATIGO,C-26,1,0,0,SUR-ORIENTE
1085,-98.194018,19.004038,1087,24 SUR,CIRCUNVALACION,0,LATIGO,C-26,1,0,0,SUR-ORIENTE
1086,-98.193933,19.004178,1088,24 SUR,CIRCUNVALACION,0,LATIGO,C-26,1,0,0,SUR-ORIENTE
1087,-98.195724,18.991209,1089,24 SUR,DE LAS FLORES,0,LATIGO,C-26,1,0,1,SUR-ORIENTE
1088,-98.195709,18.991368,1090,24 SUR,DE LAS FLORES,0,LATIGO,C-26,1,0,1,SUR-ORIENTE
1089,-98.195909,18.98852,1091,24 SUR,DEL JARDIN,0,DOBLE LATIGO,C-26,2,0,1,SUR-ORIENTE
1090,-98.195873,18.988741,1092,24 SUR,DEL JARDIN,0,LATIGO,C-26,1,0,1,SUR-ORIENTE
1091,-98.195772,18.988625,1093,24 SUR,DEL JARDIN,0,PEDESTAL,C-26,1,0,0,SUR-ORIENTE
1092,-98.192662,19.01589,1094,24 SUR,GUADALUPE VICTORIA,0,LATIGO,EYSSA,1,0,0,SUR-ORIENTE
1093,-98.192638,19.016088,1095,24 SUR,GUADALUPE VICTORIA,0,LATIGO,EYSSA,1,0,0,SUR-ORIENTE
1094,-98.192481,19.01585,1096,24 SUR,GUADALUPE VICTORIA,0,LATIGO,EYSSA,1,0,0,SUR-ORIENTE
1095,-98.192437,19.015987,1097,24 SUR,GUADALUPE VICTORIA,0,LATIGO,EYSSA,1,0,0,SUR-ORIENTE
1096,-98.192471,19.017713,1098,24 SUR,GUADALUPE NORTE,0,PEDESTAL,C-26,1,0,0,SUR-ORIENTE
1097,-98.192441,19.017636,1099,24 SUR,GUADALUPE NORTE,0,LATIGO,C-26,1,0,0,SUR-ORIENTE
1098,-98.192213,19.017645,1100,24 SUR,GUADALUPE NORTE,0,PEDESTAL,C-26,1,0,0,SUR-ORIENTE
1099,-98.192209,19.017732,1101,24 SUR,GUADALUPE NORTE,0,LATIGO,C-26,1,0,1,SUR-ORIENTE
1100,-98.19697,18.976953,1102,24 SUR,LAS FLORES,0,MP-01,C-26,1,0,1,SUR-ORIENTE
1101,-98.196921,18.977169,1103,24 SUR,LAS FLORES,0,MP-01,C-26,1,0,1,SUR-ORIENTE
1102,-98.196851,18.977044,1104,24 SUR,LAS FLORES,0,LATIGO,C-26,1,0,0,SUR-ORIENTE
1103,-98.196423,18.982549,1105,24 SUR,LOMAS DEL VALLE,0,PEDESTAL,C-26,1,0,0,SUR-ORIENTE
1104,-98.196304,18.982356,1106,24 SUR,LOMAS DEL VALLE,0,LATIGO,C-26,1,0,1,SUR-ORIENTE
1105,-98.196289,18.98264,1107,24 SUR,LOMAS DEL VALLE,0,LATIGO,C-26,1,0,0,SUR-ORIENTE
1106,-98.194187,19.001025,1108,24 SUR,SAN CLAUDIO,0,PEDESTAL,C-26,1,0,0,SUR-ORIENTE
1107,-98.193911,19.000716,1109,24 SUR,SAN CLAUDIO,0,LATIGO,C-26,1,0,0,SUR-ORIENTE
1108,-98.193818,19.001157,1110,24 SUR,SAN CLAUDIO,0,LATIGO,C-26,1,0,1,SUR-ORIENTE
1109,-98.193805,19.000958,1111,24 SUR,SAN CLAUDIO,0,PEDESTAL,C-26,1,0,0,SUR-ORIENTE
1110,-98.193962,19.009201,1112,24 SUR,SAN FRANCISCO,0,PEDESTAL,C-26,1,0,0,SUR-ORIENTE
1111,-98.193923,19.009127,1113,24 SUR,SAN FRANCISCO,0,LATIGO,C-26,1,0,0,SUR-ORIENTE
1112,-98.193716,19.00928,1114,24 SUR,SAN FRANCISCO,0,LATIGO,C-26,1,0,1,SUR-ORIENTE
1113,-98.194273,19.006688,1115,24 SUR,SAN IGNACIO,0,LATIGO,C-26,1,0,1,SUR-ORIENTE
1114,-98.194177,19.006945,1116,24 SUR,SAN IGNACIO,0,LATIGO,C-26,1,0,0,SUR-ORIENTE
1115,-98.194154,19.006676,1117,24 SUR,SAN IGNACIO,0,LATIGO,C-26,1,0,1,SUR-ORIENTE
1116,-98.194057,19.006775,1118,24 SUR,SAN IGNACIO,0,PEDESTAL,C-26,1,0,0,SUR-ORIENTE
1117,-98.193393,19.011486,1119,24 SUR,SAN MANUEL,0,LATIGO,C-26,1,0,1,SUR-ORIENTE
1118,-98.193356,19.011667,1120,24 SUR,SAN MANUEL,0,LATIGO,C-26,1,0,1,SUR-ORIENTE
1119,-98.215365,19.05604,1121,25 NORTE,6 PONIENTE,0,LATIGO,EYSSA,1,0,1,NOR-PONIENTE
1120,-98.21526,19.056158,1122,25 NORTE,6 PONIENTE,0,LATIGO,EYSSA,1,0,1,NOR-PONIENTE
1121,-98.1971,19.03151,1123,25 ORIENTE,10 SUR,0,PEDESTAL,C-26,1,0,0,SUR-ORIENTE
1122,-98.197015,19.031536,1124,25 ORIENTE,10 SUR,0,PEDESTAL,C-26,1,0,0,SUR-ORIENTE
1123,-98.19694,19.031667,1125,25 ORIENTE,10 SUR,0,PEDESTAL,C-26,1,0,0,SUR-ORIENTE
1124,-98.195403,19.030682,1126,25 ORIENTE,14 SUR,0,LATIGO,C-26,1,0,0,SUR-ORIENTE
1125,-98.195393,19.030921,1127,25 ORIENTE,14 SUR,0,PEDESTAL,C-26,1,0,0,SUR-ORIENTE
1126,-98.203939,19.035321,1128,25 ORIENTE,16 DE SEPTIEMBRE,0,PEDESTAL,C-26,1,0,0,SUR-PONIENTE
1127,-98.203906,19.03508,1129,25 ORIENTE,16 DE SEPTIEMBRE,0,PEDESTAL,C-26,1,0,0,SUR-PONIENTE
1128,-98.203849,19.035214,1130,25 ORIENTE,16 DE SEPTIEMBRE,0,PEDESTAL,C-26,1,0,0,SUR-PONIENTE
1129,-98.193963,19.029909,1131,25 ORIENTE,16 SUR,0,PEDESTAL,C-26,1,0,0,SUR-ORIENTE
1130,-98.193884,19.030046,1132,25 ORIENTE,16 SUR,0,LATIGO,C-26,1,0,0,SUR-ORIENTE
1131,-98.19234,19.029212,1133,25 ORIENTE,18 SUR,0,PEDESTAL,C-26,1,0,0,SUR-ORIENTE
1132,-98.192271,19.029085,1134,25 ORIENTE,18 SUR,0,LATIGO,C-26,1,0,0,SUR-ORIENTE
1133,-98.202391,19.034265,1135,25 ORIENTE,2 SUR,0,PEDESTAL,C-26,1,0,0,SUR-ORIENTE
1134,-98.202328,19.034284,1136,25 ORIENTE,2 SUR,0,PEDESTAL,C-26,1,0,0,SUR-ORIENTE
1135,-98.202225,19.034413,1137,25 ORIENTE,2 SUR,0,PEDESTAL,C-26,1,0,0,SUR-ORIENTE
1136,-98.190814,19.028482,1138,25 ORIENTE,20 SUR,0,PEDESTAL,C-26,1,0,0,SUR-ORIENTE
1137,-98.190711,19.028422,1139,25 ORIENTE,20 SUR,0,LATIGO,C-26,1,0,0,SUR-ORIENTE
1138,-98.201004,19.033843,1140,25 ORIENTE,4 SUR,0,PEDESTAL,C-26,1,0,0,SUR-ORIENTE
1139,-98.20096,19.033611,1141,25 ORIENTE,4 SUR,0,PEDESTAL,C-26,1,0,0,SUR-ORIENTE
1140,-98.20089,19.033734,1142,25 ORIENTE,4 SUR,0,PEDESTAL,C-26,1,0,0,SUR-ORIENTE
1141,-98.212741,19.039849,1143,25 PONIENTE,13 SUR,0,PEDESTAL,C-26,1,0,0,SUR-PONIENTE
1142,-98.212665,19.039592,1144,25 PONIENTE,13 SUR,0,PEDESTAL,C-26,1,0,0,SUR-PONIENTE
1143,-98.212602,19.039747,1145,25 PONIENTE,13 SUR,0,PEDESTAL,C-26,1,0,0,SUR-PONIENTE
1144,-98.224031,19.045264,1146,25 PONIENTE,19 PONIENTE,0,LATIGO,C-26,1,0,0,SUR-PONIENTE
1145,-98.22378,19.045299,1147,25 PONIENTE,19 PONIENTE,0,PEDESTAL,C-26,1,0,0,SUR-PONIENTE
1146,-98.22377,19.045341,1148,25 PONIENTE,19 PONIENTE,0,MP-01,C-26,1,0,0,SUR-PONIENTE
1147,-98.217298,19.041899,1149,25 PONIENTE,19 SUR,0,LATIGO,C-26,1,0,0,SUR-PONIENTE
1148,-98.217166,19.041858,1150,25 PONIENTE,19 SUR,0,LATIGO,C-26,1,0,0,SUR-PONIENTE
1149,-98.218904,19.042892,1151,25 PONIENTE,21 SUR,0,PEDESTAL,C-26,1,0,0,SUR-PONIENTE
1150,-98.218848,19.042694,1152,25 PONIENTE,21 SUR,0,PEDESTAL,C-26,1,0,0,SUR-PONIENTE
1151,-98.218789,19.042846,1153,25 PONIENTE,21 SUR,0,PEDESTAL,C-26,1,0,0,SUR-PONIENTE
1152,-98.218776,19.042813,1154,25 PONIENTE,21 SUR,0,MP-01,C-26,1,0,0,SUR-PONIENTE
1153,-98.220297,19.04362,1155,25 PONIENTE,23 SUR,0,PEDESTAL,C-26,1,0,0,SUR-PONIENTE
1154,-98.220284,19.043409,1156,25 PONIENTE,23 SUR,0,PEDESTAL,C-26,1,0,0,SUR-PONIENTE
1155,-98.220183,19.043517,1157,25 PONIENTE,23 SUR,0,PEDESTAL,C-26,1,0,0,SUR-PONIENTE
1156,-98.205557,19.035936,1158,25 PONIENTE,3 SUR,0,PEDESTAL,C-26,1,0,0,SUR-PONIENTE
1157,-98.205547,19.03594,1159,25 PONIENTE,3 SUR,0,PEDESTAL,C-26,1,2,0,SUR-PONIENTE
1158,-98.205502,19.036052,1160,25 PONIENTE,3 SUR,0,PEDESTAL,C-26,1,2,0,SUR-PONIENTE
1159,-98.226801,19.046589,1161,25 PONIENTE,31 SUR,0,PEDESTAL,C-26,1,0,0,SUR-PONIENTE
1160,-98.226695,19.046508,1162,25 PONIENTE,31 SUR,0,PEDESTAL,C-26,1,0,0,SUR-PONIENTE
1161,-98.226639,19.046517,1163,25 PONIENTE,31 SUR,0,LATIGO,C-26,1,0,0,SUR-PONIENTE
1162,-98.228281,19.047519,1164,25 PONIENTE,33 SUR,0,PEDESTAL,C-26,1,0,0,SUR-PONIENTE
1163,-98.228249,19.047314,1165,25 PONIENTE,33 SUR,0,LATIGO,C-26,1,0,0,SUR-PONIENTE
1164,-98.228184,19.047431,1166,25 PONIENTE,33 SUR,0,PEDESTAL,C-26,1,0,0,SUR-PONIENTE
1165,-98.229982,19.048135,1167,25 PONIENTE,35 SUR,0,LATIGO,C-26,1,0,0,SUR-PONIENTE
1166,-98.229794,19.04822,1168,25 PONIENTE,35 SUR,0,LATIGO,C-26,1,0,0,SUR-PONIENTE
1167,-98.207044,19.036937,1169,25 PONIENTE,5 SUR,0,PEDESTAL,C-26,1,0,0,SUR-PONIENTE
1168,-98.207003,19.036686,1170,25 PONIENTE,5 SUR,0,PEDESTAL,C-26,1,0,0,SUR-PONIENTE
1169,-98.206938,19.036814,1171,25 PONIENTE,5 SUR,0,PEDESTAL,C-26,1,0,0,SUR-PONIENTE
1170,-98.208518,19.037465,1172,25 PONIENTE,7 SUR,0,PEDESTAL,C-26,1,0,0,SUR-PONIENTE
1171,-98.208431,19.037603,1173,25 PONIENTE,7 SUR,0,PEDESTAL,C-26,1,0,0,SUR-PONIENTE
1172,-98.232111,19.049161,1174,25 PONIENTE,ATLIXCO,0,PEDESTAL,C-208,0,1,0,SUR-PONIENTE
1173,-98.231897,19.049079,1175,25 PONIENTE,ATLIXCO,0,MG-10,C-208,4,2,0,SUR-PONIENTE
1174,-98.23172,19.049186,1176,25 PONIENTE,ATLIXCO,0,MP-01,C-208,1,0,0,SUR-PONIENTE
1175,-98.23172,19.048982,1177,25 PONIENTE,ATLIXCO,0,PEDESTAL,C-208,0,1,0,SUR-PONIENTE
1176,-98.231711,19.04918,1178,25 PONIENTE,ATLIXCO,0,MP-01,C-208,1,0,0,SUR-PONIENTE
1177,-98.231669,19.048981,1179,25 PONIENTE,ATLIXCO,0,LATIGO,C-208,1,0,1,SUR-PONIENTE
1178,-98.218856,19.049786,1180,25 SUR,11 PONIENTE,0,LATIGO,C-26,1,0,0,SUR-PONIENTE
1179,-98.21884,19.049733,1181,25 SUR,11 PONIENTE,0,LATIGO,C-26,1,0,0,SUR-PONIENTE
1180,-98.219225,19.048839,1182,25 SUR,13 PONIENTE,0,PEDESTAL,C-26,1,0,0,SUR-PONIENTE
1181,-98.21914,19.048973,1183,25 SUR,13 PONIENTE,0,PEDESTAL,C-26,1,0,0,SUR-PONIENTE
1182,-98.221473,19.045184,1184,25 SUR,23 PONIENTE,0,LATIGO,C-26,1,0,1,SUR-PONIENTE
1183,-98.22141,19.044988,1185,25 SUR,23 PONIENTE,0,LATIGO,C-26,1,0,0,SUR-PONIENTE
1184,-98.221895,19.044131,1186,25 SUR,25 PONIENTE,0,MP-01,C-26,1,0,0,SUR-PONIENTE
1185,-98.221815,19.044149,1187,25 SUR,25 PONIENTE,0,MP-01,C-26,1,0,1,SUR-PONIENTE
1186,-98.224291,19.040142,1188,25 SUR,35 PONIENTE,0,LATIGO,C-26,1,0,1,SUR-PONIENTE
1187,-98.22427,19.040119,1189,25 SUR,35 PONIENTE,0,PEDESTAL,C-26,1,0,0,SUR-PONIENTE
1188,-98.224175,19.040075,1190,25 SUR,35 PONIENTE,0,LATIGO,C-26,1,0,0,SUR-PONIENTE
1189,-98.218219,19.051542,1191,25 SUR,BENITO JUAREZ,0,PEDESTAL,C-26,1,0,0,SUR-PONIENTE
1190,-98.218038,19.051449,1192,25 SUR,BENITO JUAREZ,0,PEDESTAL,C-26,2,0,0,SUR-PONIENTE
1191,-98.217723,19.051292,1193,25 SUR,BENITO JUAREZ,0,PEDESTAL,C-26,1,0,0,SUR-PONIENTE
1192,-98.21757,19.051092,1194,25 SUR,BENITO JUAREZ,0,LATIGO,C-26,1,0,0,SUR-PONIENTE
1193,-98.217535,19.051193,1195,25 SUR,BENITO JUAREZ,0,PEDESTAL,C-26,1,0,0,SUR-PONIENTE
1194,-98.22053,19.046804,1196,25 SUR,19 PONIENTE,0,LATIGO,C-26,1,0,1,SUR-PONIENTE
1195,-98.213926,19.069107,1197,26 A PONIENTE,35 NORTE,0,LATIGO,C-26,1,0,0,NOR-PONIENTE
1196,-98.213808,19.069014,1198,26 A PONIENTE,35 NORTE,0,PEDESTAL,C-26,1,0,0,NOR-PONIENTE
1197,-98.180247,19.040392,1199,26 NORTE,12 ORIENTE,0,PEDESTAL,C-26,1,0,0,NOR-ORIENTE
1198,-98.180135,19.040417,1200,26 NORTE,12 ORIENTE,0,LATIGO,C-26,1,0,0,NOR-ORIENTE
1199,-98.184891,19.033409,1201,26 SUR,9 ORIENTE,0,LATIGO,C-26,1,0,0,SUR-ORIENTE
1200,-98.184833,19.033486,1202,26 SUR,9 ORIENTE,0,LATIGO,C-26,2,0,0,SUR-ORIENTE
1201,-98.198952,19.031528,1203,27 ORIENTE,8 SUR,0,LATIGO,C-26,1,0,0,SUR-ORIENTE
1202,-98.198904,19.031541,1204,27 ORIENTE,8 SUR,0,PEDESTAL,C-26,1,0,0,SUR-ORIENTE
1203,-98.204554,19.034322,1205,27 PONIENTE,16 DE SEPTIEMBRE,0,PEDESTAL,C-26,1,0,0,SUR-PONIENTE
1204,-98.204483,19.034416,1206,27 PONIENTE,16 DE SEPTIEMBRE,0,PEDESTAL,C-26,1,0,0,SUR-PONIENTE
1205,-98.22533,19.04502,1207,27 PONIENTE,19 PONIENTE,0,LATIGO,C-26,1,0,0,SUR-PONIENTE
1206,-98.217716,19.041268,1208,27 PONIENTE,19 SUR,0,PEDESTAL,C-26,1,0,0,SUR-PONIENTE
1207,-98.217608,19.041087,1209,27 PONIENTE,19 SUR,0,LATIGO,C-26,1,0,0,SUR-PONIENTE
1208,-98.222436,19.043451,1210,27 PONIENTE,25 SUR,0,PEDESTAL,C-26,1,0,0,SUR-PONIENTE
1209,-98.222424,19.043408,1211,27 PONIENTE,25 SUR,0,LATIGO,C-26,1,0,0,SUR-PONIENTE
1210,-98.206203,19.035165,1212,27 PONIENTE,3 SUR,0,PEDESTAL,C-26,1,0,0,SUR-PONIENTE
1211,-98.20609,19.035082,1213,27 PONIENTE,3 SUR,0,PEDESTAL,C-26,1,0,0,SUR-PONIENTE
1212,-98.227217,19.045773,1214,27 PONIENTE,31 SUR,0,LATIGO,C-26,2,0,0,SUR-PONIENTE
1213,-98.228833,19.046582,1215,27 PONIENTE,33 SUR,0,PEDESTAL,C-26,1,0,0,SUR-PONIENTE
1214,-98.228746,19.046693,1216,27 PONIENTE,33 SUR,0,PEDESTAL,C-26,1,0,0,SUR-PONIENTE
1215,-98.207665,19.035918,1217,27 PONIENTE,5 SUR,0,PEDESTAL,C-26,1,0,0,SUR-PONIENTE
1216,-98.207573,19.036044,1218,27 PONIENTE,5 SUR,0,PEDESTAL,C-26,1,0,0,SUR-PONIENTE
1217,-98.209172,19.0367,1219,27 PONIENTE,7 SUR,0,PEDESTAL,C-26,1,0,0,SUR-PONIENTE
1218,-98.209057,19.036595,1220,27 PONIENTE,7 SUR,0,PEDESTAL,C-26,1,0,0,SUR-PONIENTE
1219,-98.223306,19.045074,1221,27 SUR,25 PONIENTE,0,LATIGO,C-26,1,0,0,SUR-PONIENTE
1220,-98.223306,19.045111,1222,27 SUR,25 PONIENTE,0,PEDESTAL,C-26,1,0,0,SUR-PONIENTE
1221,-98.224022,19.044238,1223,27 SUR,27 PONIENTE,0,PEDESTAL,C-26,1,0,0,SUR-PONIENTE
1222,-98.223909,19.044347,1224,27 SUR,27 PONIENTE,0,PEDESTAL,C-26,1,0,0,SUR-PONIENTE
1223,-98.178528,19.042968,1225,28 NORTE,14 ORIENTE,12 ORIENTE,PEDESTAL,C-26,1,0,0,NOR-ORIENTE
1224,-98.195547,19.056393,1226,28 PONIENTE,5 NORTE,0,LATIGO,C-26,1,0,0,NOR-PONIENTE
1225,-98.195545,19.056177,1227,28 PONIENTE,5 NORTE,0,PEDESTAL,C-26,2,0,0,NOR-PONIENTE
1226,-98.198151,19.029946,1228,29 ORIENTE,10 SUR,0,LATIGO,C-26,1,0,0,SUR-ORIENTE
1227,-98.198049,19.029854,1229,29 ORIENTE,10 SUR,0,PEDESTAL,C-26,1,0,0,SUR-ORIENTE
1228,-98.195037,19.028323,1230,29 ORIENTE,16 SUR,0,PEDESTAL,C-26,1,0,0,SUR-ORIENTE
1229,-98.195027,19.028286,1231,29 ORIENTE,16 SUR,0,LATIGO,C-26,1,0,0,SUR-ORIENTE
1230,-98.193253,19.027412,1232,29 ORIENTE,18 SUR,0,PEDESTAL,C-26,1,0,0,SUR-ORIENTE
1231,-98.193008,19.027437,1233,29 ORIENTE,18 SUR,0,PEDESTAL,C-26,1,0,0,SUR-ORIENTE
1232,-98.191902,19.026735,1234,29 ORIENTE,20 SUR,0,LATIGO,C-26,1,0,0,SUR-ORIENTE
1233,-98.191732,19.026732,1235,29 ORIENTE,20 SUR,0,PEDESTAL,C-26,1,0,0,SUR-ORIENTE
1234,-98.199434,19.030609,1236,29 ORIENTE,8 SUR,0,PEDESTAL,EYSSA,1,0,0,SUR-ORIENTE
1235,-98.199365,19.030757,1237,29 ORIENTE,8 SUR,0,LATIGO,EYSSA,1,0,0,SUR-ORIENTE
1236,-98.19923,19.030673,1238,29 ORIENTE,8 SUR,0,LATIGO,EYSSA,1,0,0,SUR-ORIENTE
1237,-98.206538,19.034311,1239,29 PONIENTE,3 SUR,0,PEDESTAL,C-26,1,0,0,SUR-PONIENTE
1238,-98.206483,19.034397,1240,29 PONIENTE,3 SUR,0,PEDESTAL,C-26,1,0,0,SUR-PONIENTE
1239,-98.230912,19.046488,1241,29 PONIENTE,35 SUR,0,PEDESTAL,C-208,1,0,0,SUR-PONIENTE
1240,-98.230814,19.046442,1242,29 PONIENTE,35 SUR,0,P-300,C-208,1,0,0,SUR-PONIENTE
1241,-98.23078,19.046452,1243,29 PONIENTE,35 SUR,0,PEDESTAL,C-208,1,0,0,SUR-PONIENTE
1242,-98.230732,19.04654,1244,29 PONIENTE,35 SUR,0,P-300,C-208,1,0,0,SUR-PONIENTE
1243,-98.208042,19.035247,1245,29 PONIENTE,5 SUR,0,PEDESTAL,C-26,1,0,0,SUR-PONIENTE
1244,-98.207926,19.03514,1246,29 PONIENTE,5 SUR,0,PEDESTAL,C-26,1,0,0,SUR-PONIENTE
1245,-98.209526,19.035803,1247,29 PONIENTE,7 SUR,0,LATIGO,C-26,1,0,0,SUR-PONIENTE
1246,-98.209499,19.035811,1248,29 PONIENTE,7 SUR,0,LATIGO,C-26,1,0,0,SUR-PONIENTE
1247,-98.222051,19.050288,1249,29 SUR,13 PONIENTE,0,LATIGO,C-26,1,0,0,SUR-PONIENTE
1248,-98.221982,19.050433,1250,29 SUR,13 PONIENTE,0,PEDESTAL,C-26,1,0,0,SUR-PONIENTE
1249,-98.221877,19.050368,1251,29 SUR,13 PONIENTE,0,PEDESTAL,C-26,1,0,0,SUR-PONIENTE
1250,-98.224982,19.045865,1252,29 SUR,25 PONIENTE,0,LATIGO,C-26,1,0,0,SUR-PONIENTE
1251,-98.224973,19.045851,1253,29 SUR,25 PONIENTE,0,LATIGO,C-26,1,0,0,SUR-PONIENTE
1252,-98.225561,19.045101,1254,29 SUR,27 PONIENTE,0,LATIGO,C-26,1,0,0,SUR-PONIENTE
1253,-98.225446,19.045068,1255,29 SUR,27 PONIENTE,0,LATIGO,C-26,1,0,0,SUR-PONIENTE
1254,-98.220221,19.053844,1256,29 SUR,3 PONIENTE,0,LATIGO,C-26,1,0,0,SUR-PONIENTE
1255,-98.220099,19.053734,1257,29 SUR,3 PONIENTE,0,LATIGO,C-26,1,0,0,SUR-PONIENTE
1256,-98.220023,19.053889,1258,29 SUR,3 PONIENTE,0,LATIGO,C-26,1,0,0,SUR-PONIENTE
1257,-98.226958,19.042617,1259,29 SUR,33 PONIENTE,0,PEDESTAL,C-26,1,0,0,SUR-PONIENTE
1258,-98.22684,19.042548,1260,29 SUR,33 PONIENTE,0,LATIGO,C-26,1,0,1,SUR-PONIENTE
1259,-98.220812,19.052666,1261,29 SUR,BENITO JUAREZ,0,LATIGO,C-208,1,0,0,SUR-PONIENTE
1260,-98.22074,19.052938,1262,29 SUR,BENITO JUAREZ,0,LATIGO,C-208,1,0,0,SUR-PONIENTE
1261,-98.220726,19.052616,1263,29 SUR,BENITO JUAREZ,0,PEDESTAL,C-208,1,0,0,SUR-PONIENTE
1262,-98.220583,19.052867,1264,29 SUR,BENITO JUAREZ,0,PEDESTAL,C-208,1,0,0,SUR-PONIENTE
1263,-98.220566,19.052577,1265,29 SUR,BENITO JUAREZ,0,LATIGO,C-208,1,0,0,SUR-PONIENTE
1264,-98.197895,19.048938,1266,3 NORTE,10 PONIENTE,0,PEDESTAL,C-26,1,0,0,NOR-PONIENTE
1265,-98.197811,19.049013,1267,3 NORTE,10 PONIENTE,0,PEDESTAL,C-26,1,0,0,NOR-PONIENTE
1266,-98.196536,19.051204,1268,3 NORTE,16 PONIENTE,0,PEDESTAL,C-26,1,0,0,NOR-PONIENTE
1267,-98.199306,19.046678,1269,3 NORTE,4 PONIENTE,0,PEDESTAL,C-26,0,2,0,NOR-PONIENTE
1268,-98.19926,19.046768,1270,3 NORTE,4 PONIENTE,0,PEDESTAL,C-26,0,2,0,NOR-PONIENTE
1269,-98.199212,19.046637,1271,3 NORTE,4 PONIENTE,0,PEDESTAL,C-26,1,2,0,NOR-PONIENTE
1270,-98.199137,19.046703,1272,3 NORTE,4 PONIENTE,0,PEDESTAL,C-26,1,2,0,NOR-PONIENTE
1271,-98.190814,19.039493,1273,3 ORIENTE,14 SUR,0,PEDESTAL,C-26,1,0,0,SUR-ORIENTE
1272,-98.190747,19.039601,1274,3 ORIENTE,14 SUR,0,PEDESTAL,C-26,1,0,0,SUR-ORIENTE
1273,-98.190677,19.03941,1275,3 ORIENTE,14 SUR,0,PEDESTAL,C-26,1,0,0,SUR-ORIENTE
1274,-98.18915,19.038821,1276,3 ORIENTE,16 SUR,0,LATIGO,EYSSA,1,0,0,SUR-ORIENTE
1275,-98.189113,19.038595,1277,3 ORIENTE,16 SUR,0,PEDESTAL,EYSSA,1,0,0,SUR-ORIENTE
1276,-98.189061,19.038662,1278,3 ORIENTE,16 SUR,0,PEDESTAL,EYSSA,1,0,0,SUR-ORIENTE
1277,-98.197613,19.042876,1279,3 ORIENTE,2 SUR,0,PEDESTAL,C-26,2,0,0,SUR-ORIENTE
1278,-98.207647,19.048126,1280,3 PONIENTE,13 SUR,0,LATIGO,C-26,2,0,0,SUR-PONIENTE
1279,-98.210879,19.04961,1281,3 PONIENTE,17 SUR,0,PEDESTAL,C-26,1,0,0,SUR-PONIENTE
1280,-98.21077,19.049703,1282,3 PONIENTE,17 SUR,0,PEDESTAL,C-26,1,0,0,SUR-PONIENTE
1281,-98.215608,19.052094,1283,3 PONIENTE,23 SUR,0,PEDESTAL,C-26,1,0,0,SUR-PONIENTE
1282,-98.215544,19.05211,1284,3 PONIENTE,23 SUR,0,PEDESTAL,C-26,1,0,0,SUR-PONIENTE
1283,-98.217139,19.052808,1285,3 PONIENTE,25 SUR,0,PEDESTAL,C-26,1,0,0,SUR-PONIENTE
1284,-98.217031,19.05273,1286,3 PONIENTE,25 SUR,0,PEDESTAL,C-26,1,0,0,SUR-PONIENTE
1285,-98.200634,19.044432,1287,3 PONIENTE,3 SUR,0,PEDESTAL,C-26,1,0,0,SUR-PONIENTE
1286,-98.200544,19.044366,1288,3 PONIENTE,3 SUR,0,PEDESTAL,C-26,1,0,0,SUR-PONIENTE
1287,-98.202174,19.045194,1289,3 PONIENTE,5 SUR,0,PEDESTAL,C-26,1,0,0,SUR-PONIENTE
1288,-98.20208,19.0453,1290,3 PONIENTE,5 SUR,0,PEDESTAL,C-26,1,0,0,SUR-PONIENTE
1289,-98.203684,19.045967,1291,3 PONIENTE,7 SUR,0,PEDESTAL,C-26,1,0,0,SUR-PONIENTE
1290,-98.203571,19.045884,1292,3 PONIENTE,7 SUR,0,PEDESTAL,C-26,1,0,0,SUR-PONIENTE
1291,-98.241375,18.968993,1293,3 SUR,135 PONIENTE,0,LATIGO,C-26,1,0,0,SUR-PONIENTE
1292,-98.24134,18.96919,1294,3 SUR,135 PONIENTE,0,PEDESTAL,C-26,1,0,0,SUR-PONIENTE
1293,-98.241208,18.968955,1295,3 SUR,135 PONIENTE,0,PEDESTAL,C-26,1,0,0,SUR-PONIENTE
1294,-98.241207,18.969135,1296,3 SUR,135 PONIENTE,0,LATIGO,C-26,1,0,0,SUR-PONIENTE
1295,-98.203342,19.039878,1297,3 SUR,15 PONIENTE,0,PEDESTAL,C-26,1,0,0,SUR-PONIENTE
1296,-98.203249,19.039812,1298,3 SUR,15 PONIENTE,0,PEDESTAL,C-26,1,0,0,SUR-PONIENTE
1297,-98.204617,19.037561,1299,3 SUR,21 PONIENTE,0,PEDESTAL,C-26,1,0,0,SUR-PONIENTE
1298,-98.204559,19.037622,1300,3 SUR,21 PONIENTE,0,PEDESTAL,C-26,1,0,0,SUR-PONIENTE
1299,-98.210129,19.028728,1301,3 SUR,43 PONIENTE,0,PEDESTAL,C-26,1,0,0,SUR-PONIENTE
1300,-98.210024,19.028553,1302,3 SUR,43 PONIENTE,0,PEDESTAL,C-26,1,0,0,SUR-PONIENTE
1301,-98.210016,19.02856,1303,3 SUR,43 PONIENTE,0,PEDESTAL,C-26,1,0,0,SUR-PONIENTE
1302,-98.209995,19.028832,1304,3 SUR,43 PONIENTE,0,PEDESTAL,C-26,1,0,0,SUR-PONIENTE
1303,-98.209973,19.02865,1305,3 SUR,43 PONIENTE,0,PEDESTAL,C-26,1,0,0,SUR-PONIENTE
1304,-98.174614,19.043114,1306,30 NORTE,14 ORIENTE,0,PEDESTAL,C-26,1,0,0,NOR-ORIENTE
1305,-98.174834,19.043953,1307,30 NORTE,16 ORIENTE,0,PEDESTAL,EYSSA,2,0,0,NOR-ORIENTE
1306,-98.174706,19.044048,1308,30 NORTE,16 ORIENTE,0,PEDESTAL,EYSSA,1,0,0,NOR-ORIENTE
1307,-98.174697,19.043963,1309,30 NORTE,16 ORIENTE,0,PEDESTAL,EYSSA,1,0,0,NOR-ORIENTE
1308,-98.174885,19.044799,1310,30 NORTE,18 ORIENTE,0,PEDESTAL,C-26,1,0,0,NOR-ORIENTE
1309,-98.174779,19.04476,1311,30 NORTE,18 ORIENTE,0,PEDESTAL,C-26,1,0,0,NOR-ORIENTE
1310,-98.202506,19.062223,1312,30 PONIENTE,DEFENSORES DE LA REPUBLICA,0,LATIGO,C-208,1,0,0,NOR-PONIENTE
1311,-98.202404,19.062123,1313,30 PONIENTE,DEFENSORES DE LA REPUBLICA,0,LATIGO,C-208,1,0,0,NOR-PONIENTE
1312,-98.202147,19.06197,1314,30 PONIENTE,DEFENSORES DE LA REPUBLICA,0,PEDESTAL,C-208,1,0,0,NOR-PONIENTE
1313,-98.201963,19.062251,1315,30 PONIENTE,DEFENSORES DE LA REPUBLICA,0,LATIGO,C-208,1,0,0,NOR-PONIENTE
1314,-98.18251,19.030675,1316,30 SUR,13 ORIENTE,0,PEDESTAL,EYSSA,1,0,0,SUR-ORIENTE
1315,-98.182427,19.030571,1317,30 SUR,13 ORIENTE,0,LATIGO,EYSSA,1,0,0,SUR-ORIENTE
1316,-98.182376,19.030641,1318,30 SUR,13 ORIENTE,0,LATIGO,EYSSA,1,0,0,SUR-ORIENTE
1317,-98.189353,19.022977,1319,30 SUR,33 ORIENTE,0,LATIGO,EYSSA,1,0,1,SUR-ORIENTE
1318,-98.189259,19.023034,1320,30 SUR,33 ORIENTE,0,LATIGO,EYSSA,1,0,0,SUR-ORIENTE
1319,-98.190128,19.022179,1321,30 SUR,35 ORIENTE,0,LATIGO,EYSSA,1,0,0,SUR-ORIENTE
1320,-98.189998,19.022135,1322,30 SUR,35 ORIENTE,0,PEDESTAL,EYSSA,1,0,0,SUR-ORIENTE
1321,-98.189898,19.022254,1323,30 SUR,35 ORIENTE,0,LATIGO,EYSSA,1,0,0,SUR-ORIENTE
1322,-98.196787,19.027937,1324,31 ORIENTE,14 SUR,0,LATIGO,C-26,1,0,0,SUR-ORIENTE
1323,-98.19667,19.028212,1325,31 ORIENTE,14 SUR,0,LATIGO,C-26,1,0,0,SUR-ORIENTE
1324,-98.196542,19.027958,1326,31 ORIENTE,14 SUR,0,LATIGO,C-26,1,0,0,SUR-ORIENTE
1325,-98.196442,19.028115,1327,31 ORIENTE,14 SUR,0,LATIGO,C-26,1,0,0,SUR-ORIENTE
1326,-98.193704,19.026456,1328,31 ORIENTE,18 SUR,0,PEDESTAL,C-26,1,0,0,SUR-ORIENTE
1327,-98.193631,19.026773,1329,31 ORIENTE,18 SUR,0,LATIGO,C-26,1,0,0,SUR-ORIENTE
1328,-98.193596,19.026429,1330,31 ORIENTE,18 SUR,0,LATIGO,C-26,1,0,0,SUR-ORIENTE
1329,-98.193545,19.026727,1331,31 ORIENTE,18 SUR,0,PEDESTAL,C-26,1,0,0,SUR-ORIENTE
1330,-98.192379,19.025778,1332,31 ORIENTE,20 SUR,0,PEDESTAL,C-208,1,0,0,SUR-ORIENTE
1331,-98.192292,19.026059,1333,31 ORIENTE,20 SUR,0,LATIGO,C-208,1,0,0,SUR-ORIENTE
1332,-98.192275,19.025772,1334,31 ORIENTE,20 SUR,0,LATIGO,C-208,1,0,0,SUR-ORIENTE
1333,-98.192228,19.026033,1335,31 ORIENTE,20 SUR,0,PEDESTAL,C-208,1,0,0,SUR-ORIENTE
1334,-98.192149,19.025987,1336,31 ORIENTE,20 SUR,0,PEDESTAL,C-208,1,0,0,SUR-ORIENTE
1335,-98.228114,19.044267,1337,31 PONIENTE,19 PONIENTE,0,LATIGO,C-208,1,0,1,SUR-PONIENTE
1336,-98.228093,19.044024,1338,31 PONIENTE,19 PONIENTE,0,PEDESTAL,C-208,1,0,0,SUR-PONIENTE
1337,-98.228042,19.04404,1339,31 PONIENTE,19 PONIENTE,0,LATIGO,C-208,1,0,1,SUR-PONIENTE
1338,-98.227888,19.044275,1340,31 PONIENTE,19 PONIENTE,0,LATIGO,C-208,1,0,0,SUR-PONIENTE
1339,-98.218645,19.0396,1341,31 PONIENTE,19 SUR,0,LATIGO,C-208,1,0,0,SUR-PONIENTE
1340,-98.218594,19.039321,1342,31 PONIENTE,19 SUR,0,PEDESTAL,C-208,1,0,0,SUR-PONIENTE
1341,-98.21853,19.039328,1343,31 PONIENTE,19 SUR,0,LATIGO,C-208,1,0,1,SUR-PONIENTE
1342,-98.220322,19.040493,1344,31 PONIENTE,21 SUR,0,MP-01,C-208,1,0,1,SUR-PONIENTE
1343,-98.220212,19.040253,1345,31 PONIENTE,21 SUR,0,LATIGO,C-208,1,0,1,SUR-PONIENTE
1344,-98.221767,19.041159,1346,31 PONIENTE,23 SUR,0,LATIGO,C-208,1,0,0,SUR-PONIENTE
1345,-98.221714,19.041171,1347,31 PONIENTE,23 SUR,0,PEDESTAL,C-208,1,0,0,SUR-PONIENTE
1346,-98.221682,19.040922,1348,31 PONIENTE,23 SUR,0,LATIGO,C-208,1,0,0,SUR-PONIENTE
1347,-98.223383,19.04171,1349,31 PONIENTE,25 SUR,0,PEDESTAL,C-26,1,0,0,SUR-PONIENTE
1348,-98.22331,19.041908,1350,31 PONIENTE,25 SUR,0,PEDESTAL,C-26,1,0,1,SUR-PONIENTE
1349,-98.223281,19.041677,1351,31 PONIENTE,25 SUR,0,PEDESTAL,C-26,1,0,0,SUR-PONIENTE
1350,-98.223245,19.041689,1352,31 PONIENTE,25 SUR,0,LATIGO,C-26,1,0,0,SUR-PONIENTE
1351,-98.224903,19.042693,1353,31 PONIENTE,27 SUR,0,LATIGO,C-26,1,0,1,SUR-PONIENTE
1352,-98.224858,19.04247,1354,31 PONIENTE,27 SUR,0,LATIGO,C-26,1,0,1,SUR-PONIENTE
1353,-98.22477,19.042648,1355,31 PONIENTE,27 SUR,0,PEDESTAL,C-26,1,0,0,SUR-PONIENTE
1354,-98.226482,19.043469,1356,31 PONIENTE,29 SUR,0,LATIGO,C-26,1,0,0,SUR-PONIENTE
1355,-98.226453,19.043478,1357,31 PONIENTE,29 SUR,0,PEDESTAL,C-26,1,0,0,SUR-PONIENTE
1356,-98.226451,19.043236,1358,31 PONIENTE,29 SUR,0,LATIGO,C-26,1,0,1,SUR-PONIENTE
1357,-98.207149,19.033594,1359,31 PONIENTE,3 SUR,0,LATIGO,C-208,1,0,1,SUR-PONIENTE
1358,-98.207147,19.033355,1360,31 PONIENTE,3 SUR,0,PEDESTAL,C-208,1,0,0,SUR-PONIENTE
1359,-98.207138,19.033356,1361,31 PONIENTE,3 SUR,0,LATIGO,C-208,1,0,1,SUR-PONIENTE
1360,-98.229719,19.045061,1362,31 PONIENTE,33 SUR,0,LATIGO,C-208,1,0,0,SUR-PONIENTE
1361,-98.229657,19.045064,1363,31 PONIENTE,33 SUR,0,PEDESTAL,C-208,1,0,0,SUR-PONIENTE
1362,-98.229646,19.044823,1364,31 PONIENTE,33 SUR,0,LATIGO,C-208,1,0,0,SUR-PONIENTE
1363,-98.231295,19.045915,1365,31 PONIENTE,35 SUR,0,LATIGO,C-26,1,0,0,SUR-PONIENTE
1364,-98.231261,19.045694,1366,31 PONIENTE,35 SUR,0,PEDESTAL,C-26,1,0,0,SUR-PONIENTE
1365,-98.231226,19.045677,1367,31 PONIENTE,35 SUR,0,LATIGO,C-26,1,0,1,SUR-PONIENTE
1366,-98.208607,19.03435,1368,31 PONIENTE,5 SUR,0,LATIGO,C-208,1,0,0,SUR-PONIENTE
1367,-98.208567,19.034358,1369,31 PONIENTE,5 SUR,0,PEDESTAL,C-208,1,0,0,SUR-PONIENTE
1368,-98.208531,19.034099,1370,31 PONIENTE,5 SUR,0,LATIGO,C-208,1,0,0,SUR-PONIENTE
1369,-98.210167,19.034939,1371,31 PONIENTE,7 SUR,0,PEDESTAL,C-208,1,0,0,SUR-PONIENTE
1370,-98.210072,19.035138,1372,31 PONIENTE,7 SUR,0,LATIGO,C-208,1,0,1,SUR-PONIENTE
1371,-98.210047,19.034877,1373,31 PONIENTE,7 SUR,0,LATIGO,C-208,1,0,1,SUR-PONIENTE
1372,-98.234385,19.046556,1374,31 PONIENTE,ATLIXCO,0,P-300,C-208,1,1,0,SUR-PONIENTE
1373,-98.234257,19.046454,1375,31 PONIENTE,ATLIXCO,0,MG-10,C-208,4,2,0,SUR-PONIENTE
1374,-98.234229,19.04688,1376,31 PONIENTE,ATLIXCO,0,P-300,C-208,1,0,0,SUR-PONIENTE
1375,-98.234114,19.04636,1377,31 PONIENTE,ATLIXCO,0,PEDESTAL,C-208,0,1,0,SUR-PONIENTE
1376,-98.234091,19.046386,1378,31 PONIENTE,ATLIXCO,0,P-300,C-208,1,0,0,SUR-PONIENTE
1377,-98.233989,19.046796,1379,31 PONIENTE,ATLIXCO,0,P-300,C-208,1,0,0,SUR-PONIENTE
1378,-98.233964,19.046789,1380,31 PONIENTE,ATLIXCO,0,MP-01,C-208,1,0,1,SUR-PONIENTE
1379,-98.233802,19.046725,1381,31 PONIENTE,ATLIXCO,0,LATIGO,C-208,1,0,0,SUR-PONIENTE
1380,-98.233795,19.046696,1382,31 PONIENTE,ATLIXCO,0,P-300,C-208,1,0,0,SUR-PONIENTE
1381,-98.229224,19.042548,1383,31 SUR,35 PONIENTE,0,LATIGO,C-26,1,0,0,SUR-PONIENTE
1382,-98.22922,19.042508,1384,31 SUR,35 PONIENTE,0,LATIGO,C-26,1,0,1,SUR-PONIENTE
1383,-98.193137,19.057042,1385,32 PONIENTE,3 NORTE,HEROES DEL 5 DE MAYO,PEDESTAL,C-3000,1,1,0,NOR-PONIENTE
1384,-98.193005,19.057117,1386,32 PONIENTE,3 NORTE,HEROES DEL 5 DE MAYO,P-300,C-3000,2,0,1,NOR-PONIENTE
1385,-98.215567,19.065958,1387,33 NORTE,15 DE MAYO,0,LATIGO,C-26,1,0,1,NOR-PONIENTE
1386,-98.215563,19.065973,1388,33 NORTE,15 DE MAYO,0,LATIGO,C-26,1,0,1,NOR-PONIENTE
1387,-98.215445,19.065862,1389,33 NORTE,15 DE MAYO,0,LATIGO,C-26,1,0,1,NOR-PONIENTE
1388,-98.207575,19.032606,1390,33 PONIENTE,3 SUR,0,PEDESTAL,C-26,1,0,0,SUR-PONIENTE
1389,-98.20751,19.032729,1391,33 PONIENTE,3 SUR,0,PEDESTAL,C-26,1,0,0,SUR-PONIENTE
1390,-98.210488,19.034152,1392,33 PONIENTE,7 SUR,0,PEDESTAL,C-26,1,0,0,SUR-PONIENTE
1391,-98.210436,19.034228,1393,33 PONIENTE,7 SUR,0,PEDESTAL,C-26,1,0,0,SUR-PONIENTE
1392,-98.230275,19.043734,1394,33 SUR,19 PONIENTE,0,LATIGO,C-26,1,0,0,SUR-PONIENTE
1393,-98.230263,19.04372,1395,33 SUR,19 PONIENTE,0,LATIGO,C-26,1,0,0,SUR-PONIENTE
1394,-98.227919,19.048242,1396,33 SUR,23 PONIENTE,0,PEDESTAL,C-26,1,0,0,SUR-PONIENTE
1395,-98.227838,19.048326,1397,33 SUR,23 PONIENTE,0,PEDESTAL,C-26,1,0,0,SUR-PONIENTE
1396,-98.21932,19.038367,1398,35 PONIENTE,19 SUR,0,LATIGO,C-26,1,0,0,SUR-PONIENTE
1397,-98.219212,19.038246,1399,35 PONIENTE,19 SUR,0,LATIGO,C-26,1,0,1,SUR-PONIENTE
1398,-98.208126,19.031974,1400,35 PONIENTE,3 SUR,0,PEDESTAL,C-26,1,0,0,SUR-PONIENTE
1399,-98.208024,19.031878,1401,35 PONIENTE,3 SUR,0,PEDESTAL,C-26,1,0,0,SUR-PONIENTE
1400,-98.211044,19.033492,1402,35 PONIENTE,7 SUR,0,PEDESTAL,C-26,1,0,0,SUR-PONIENTE
1401,-98.211041,19.033472,1403,35 PONIENTE,7 SUR,0,LATIGO,C-26,1,0,0,SUR-PONIENTE
1402,-98.230432,19.047372,1404,35 SUR,27 PONIENTE,0,PEDESTAL,C-26,1,0,0,SUR-PONIENTE
1403,-98.23035,19.047303,1405,35 SUR,27 PONIENTE,0,LATIGO,C-26,1,0,0,SUR-PONIENTE
1404,-98.169475,19.043445,1406,36 NORTE,14 ORIENTE,0,PEDESTAL,C-26,1,0,0,NOR-ORIENTE
1405,-98.169473,19.043573,1407,36 NORTE,14 PONIENTE,0,PEDESTAL,C-26,1,0,0,NOR-ORIENTE
1406,-98.217697,19.067795,1408,37 NORTE,15 DE MAYO,0,LATIGO,C-26,1,0,1,NOR-PONIENTE
1407,-98.217563,19.067839,1409,37 NORTE,15 DE MAYO,0,PEDESTAL,C-26,1,0,0,NOR-PONIENTE
1408,-98.217537,19.067655,1410,37 NORTE,15 DE MAYO,0,LATIGO,C-26,1,0,1,NOR-PONIENTE
1409,-98.208499,19.031072,1411,37 PONIENTE,3 SUR,0,PEDESTAL,C-26,1,0,0,SUR-PONIENTE
1410,-98.208358,19.031196,1412,37 PONIENTE,3 SUR,0,PEDESTAL,C-26,1,0,0,SUR-PONIENTE
1411,-98.211458,19.029486,1413,37 PONIENTE,5 SUR,0,PEDESTAL,C-26,1,0,0,SUR-PONIENTE
1412,-98.2114,19.029287,1414,37 PONIENTE,5 SUR,0,PEDESTAL,C-26,1,0,0,SUR-PONIENTE
1413,-98.211387,19.029593,1415,37 PONIENTE,5 SUR,0,PEDESTAL,C-26,1,0,0,SUR-PONIENTE
1414,-98.211302,19.029407,1416,37 PONIENTE,5 SUR,0,PEDESTAL,C-26,1,0,0,SUR-PONIENTE
1415,-98.195789,19.023002,1417,39 ORIENTE,18 SUR,0,LATIGO,C-26,1,0,0,SUR-ORIENTE
1416,-98.195765,19.02285,1418,39 ORIENTE,18 SUR,0,PEDESTAL,C-26,1,0,0,SUR-ORIENTE
1417,-98.195624,19.023083,1419,39 ORIENTE,18 SUR,0,PEDESTAL,C-26,1,0,0,SUR-ORIENTE
1418,-98.195595,19.022896,1420,39 ORIENTE,18 SUR,0,PEDESTAL,C-26,1,0,0,SUR-ORIENTE
1419,-98.194466,19.022314,1421,39 ORIENTE,20 SUR,0,PEDESTAL,C-26,1,0,0,SUR-ORIENTE
1420,-98.194455,19.022163,1422,39 ORIENTE,20 SUR,0,PEDESTAL,C-26,1,0,0,SUR-ORIENTE
1421,-98.194299,19.022222,1423,39 ORIENTE,20 SUR,0,PEDESTAL,C-26,1,0,0,SUR-ORIENTE
1422,-98.194206,19.022381,1424,39 ORIENTE,20 SUR,0,PEDESTAL,C-26,1,0,0,SUR-ORIENTE
1423,-98.193134,19.021485,1425,39 ORIENTE,22 SUR,0,PEDESTAL,C-26,1,0,0,SUR-ORIENTE
1424,-98.193063,19.021752,1426,39 ORIENTE,22 SUR,0,LATIGO,C-26,1,0,0,SUR-ORIENTE
1425,-98.192976,19.021723,1427,39 ORIENTE,22 SUR,0,PEDESTAL,C-26,1,0,0,SUR-ORIENTE
1426,-98.192962,19.021433,1428,39 ORIENTE,22 SUR,0,LATIGO,C-26,1,0,0,SUR-ORIENTE
1427,-98.20897,19.030563,1429,39 PONIENTE,3 SUR,0,LATIGO,C-26,1,0,0,SUR-PONIENTE
1428,-98.208953,19.030528,1430,39 PONIENTE,3 SUR,0,LATIGO,C-26,1,0,0,SUR-PONIENTE
1429,-98.192091,19.049072,1431,4 NORTE,16 ORIENTE,0,PEDESTAL,C-26,1,0,0,NOR-ORIENTE
1430,-98.191998,19.048977,1432,4 NORTE,16 ORIENTE,0,PEDESTAL,C-26,1,0,0,NOR-ORIENTE
1431,-98.19156,19.05005,1433,4 NORTE,18 ORIENTE,0,LATIGO,C-26,1,0,1,NOR-ORIENTE
1432,-98.196222,19.045111,1434,4 ORIENTE,2 NORTE,0,PEDESTAL,C-26,1,0,0,NOR-ORIENTE
1433,-98.196151,19.045186,1435,4 ORIENTE,2 NORTE,0,PEDESTAL,C-26,1,0,0,NOR-ORIENTE
1434,-98.194727,19.044482,1436,4 ORIENTE,4 NORTE,0,PEDESTAL,C-26,1,0,0,NOR-ORIENTE
1435,-98.194609,19.044412,1437,4 ORIENTE,4 NORTE,0,PEDESTAL,C-26,1,0,0,NOR-ORIENTE
1436,-98.206502,19.050602,1438,4 PONIENTE,13 NORTE,0,PEDESTAL,C-26,1,0,0,NOR-PONIENTE
1437,-98.206411,19.050707,1439,4 PONIENTE,13 NORTE,0,PEDESTAL,C-26,1,0,0,NOR-PONIENTE
1438,-98.206383,19.050549,1440,4 PONIENTE,13 NORTE,0,PEDESTAL,C-26,1,0,0,NOR-PONIENTE
1439,-98.208035,19.051363,1441,4 PONIENTE,15 NORTE,0,LATIGO,C-26,1,0,0,NOR-PONIENTE
1440,-98.207973,19.051174,1442,4 PONIENTE,15 NORTE,0,PEDESTAL,C-26,1,0,0,NOR-PONIENTE
1441,-98.207893,19.051293,1443,4 PONIENTE,15 NORTE,0,LATIGO,C-26,1,0,0,NOR-PONIENTE
1442,-98.209486,19.052093,1444,4 PONIENTE,17 NORTE,0,PEDESTAL,C-26,1,0,0,NOR-PONIENTE
1443,-98.209427,19.052198,1445,4 PONIENTE,17 NORTE,0,PEDESTAL,C-26,1,0,0,NOR-PONIENTE
1444,-98.209406,19.051918,1446,4 PONIENTE,17 NORTE,0,LATIGO,C-26,1,0,0,NOR-PONIENTE
1445,-98.209385,19.052222,1447,4 PONIENTE,17 NORTE,0,PEDESTAL,C-26,1,0,0,NOR-PONIENTE
1446,-98.211151,19.052946,1448,4 PONIENTE,19 NORTE,0,PEDESTAL,C-26,1,0,0,NOR-PONIENTE
1447,-98.211027,19.053036,1449,4 PONIENTE,19 NORTE,0,PEDESTAL,C-26,1,0,0,NOR-PONIENTE
1448,-98.211057,19.052776,1450,4 PONIENTE,19 NORTE,0,PEDESTAL,C-26,2,0,0,NOR-PONIENTE
1449,-98.211004,19.052866,1451,4 PONIENTE,19 NORTE,0,PEDESTAL,C-26,1,0,0,NOR-PONIENTE
1450,-98.212497,19.053605,1452,4 PONIENTE,21 NORTE,0,LATIGO,C-26,1,0,0,NOR-PONIENTE
1451,-98.212393,19.053708,1453,4 PONIENTE,21 NORTE,0,PEDESTAL,C-26,1,0,0,NOR-PONIENTE
1452,-98.21236,19.053532,1454,4 PONIENTE,21 NORTE,0,LATIGO,C-26,1,0,0,NOR-PONIENTE
1453,-98.21427,19.054465,1455,4 PONIENTE,23 NORTE,0,LATIGO,C-26,1,0,0,NOR-PONIENTE
1454,-98.214205,19.054568,1456,4 PONIENTE,23 NORTE,0,PEDESTAL,C-26,1,0,0,NOR-PONIENTE
1455,-98.214121,19.054403,1457,4 PONIENTE,23 NORTE,0,LATIGO,C-26,1,0,0,NOR-PONIENTE
1456,-98.218554,19.056892,1458,4 PONIENTE,29 NORTE,0,LATIGO,C-26,1,0,0,NOR-PONIENTE
1457,-98.218485,19.056994,1459,4 PONIENTE,29 NORTE,0,LATIGO,C-26,1,0,0,NOR-PONIENTE
1458,-98.222166,19.059748,1460,4 PONIENTE,35 NORTE,0,LATIGO,C-26,1,0,0,NOR-PONIENTE
1459,-98.222166,19.059706,1461,4 PONIENTE,35 NORTE,0,LATIGO,C-26,1,0,0,NOR-PONIENTE
1460,-98.222912,19.060113,1462,4 PONIENTE,37 NORTE,0,LATIGO,C-26,1,0,1,NOR-PONIENTE
1461,-98.222689,19.060122,1463,4 PONIENTE,37 NORTE,0,LATIGO,C-26,1,0,0,NOR-PONIENTE
1462,-98.222687,19.060076,1464,4 PONIENTE,37 NORTE,0,PEDESTAL,C-26,1,0,0,NOR-PONIENTE
1463,-98.197735,19.046019,1465,4 PONIENTE,5 DE MAYO,0,PEDESTAL,C-26,0,1,0,NOR-PONIENTE
1464,-98.197654,19.045924,1466,4 PONIENTE,5 DE MAYO,0,PEDESTAL,C-26,1,0,0,NOR-ORIENTE
1465,-98.200721,19.047585,1467,4 PONIENTE,5 NORTE,0,LATIGO,C-26,1,0,0,NOR-PONIENTE
1466,-98.200645,19.047499,1468,4 PONIENTE,5 NORTE,0,PEDESTAL,C-26,1,0,0,NOR-PONIENTE
1467,-98.202231,19.048211,1469,4 PONIENTE,7 NORTE,0,PEDESTAL,C-26,1,0,0,NOR-PONIENTE
1468,-98.202165,19.048301,1470,4 PONIENTE,7 NORTE,0,PEDESTAL,C-26,1,0,0,NOR-PONIENTE
1469,-98.197952,19.039082,1471,4 SUR,11 ORIENTE,0,PEDESTAL,C-26,1,0,0,SUR-ORIENTE
1470,-98.197845,19.039188,1472,4 SUR,11 ORIENTE,0,PEDESTAL,C-26,1,0,0,SUR-ORIENTE
1471,-98.20167,19.032796,1473,4 SUR,27 ORIENTE,0,PEDESTAL,C-26,1,0,0,SUR-ORIENTE
1472,-98.201557,19.032931,1474,4 SUR,27 ORIENTE,0,PEDESTAL,C-26,1,0,0,SUR-ORIENTE
1473,-98.196605,19.041305,1475,4 SUR,5 ORIENTE,0,PEDESTAL,C-26,0,2,0,SUR-ORIENTE
1474,-98.196538,19.041431,1476,4 SUR,5 ORIENTE,0,PEDESTAL,C-26,1,1,0,SUR-ORIENTE
1475,-98.196489,19.041268,1477,4 SUR,5 ORIENTE,0,PEDESTAL,C-26,0,2,0,SUR-ORIENTE
1476,-98.196429,19.041343,1478,4 SUR,5 ORIENTE,0,PEDESTAL,C-26,1,1,0,SUR-ORIENTE
1477,-98.212441,19.031168,1479,41 PONIENTE,7 SUR,0,PEDESTAL,C-26,1,0,0,SUR-PONIENTE
1478,-98.212261,19.031204,1480,41 PONIENTE,7 SUR,0,PEDESTAL,C-26,1,0,0,SUR-PONIENTE
1479,-98.167493,19.051108,1481,42 NORTE,20 ORIENTE,0,PEDESTAL,C-26,1,0,0,NOR-ORIENTE
1480,-98.167458,19.050779,1482,42 NORTE,42 NORTE,20 ORIENTE,PEDESTAL,C-26,1,0,0,NOR-ORIENTE
1481,-98.167207,19.050937,1483,42 NORTE,42 NORTE,20 ORIENTE,PEDESTAL,C-26,1,0,0,NOR-ORIENTE
1482,-98.198683,19.022449,1484,43 ORIENTE,14 SUR,0,LATIGO,C-26,1,0,1,SUR-ORIENTE
1483,-98.198632,19.02262,1485,43 ORIENTE,14 SUR,0,LATIGO,C-26,1,0,1,SUR-ORIENTE
1484,-98.198512,19.022526,1486,43 ORIENTE,14 SUR,0,PEDESTAL,C-26,1,0,0,SUR-ORIENTE
1485,-98.213001,19.030291,1487,43 PONIENTE,7 SUR,0,PEDESTAL,C-26,1,0,0,SUR-PONIENTE
1486,-98.21295,19.03007,1488,43 PONIENTE,7 SUR,0,PEDESTAL,C-26,1,0,0,SUR-PONIENTE
1487,-98.212928,19.030406,1489,43 PONIENTE,7 SUR,0,PEDESTAL,C-26,1,0,0,SUR-PONIENTE
1488,-98.212899,19.030084,1490,43 PONIENTE,7 SUR,0,PEDESTAL,C-26,1,0,0,SUR-PONIENTE
1489,-98.21282,19.030196,1491,43 PONIENTE,7 SUR,0,PEDESTAL,C-26,1,0,0,SUR-PONIENTE
1490,-98.237181,19.048713,1492,43 SUR,ESTEBAN DE ANTUÑANO,0,P-300,C-208,1,0,0,SUR-PONIENTE
1491,-98.237051,19.048574,1493,43 SUR,ESTEBAN DE ANTUÑANO,0,COLGANTE,C-208,1,0,0,SUR-PONIENTE
1492,-98.236993,19.048754,1494,43 SUR,ESTEBAN DE ANTUÑANO,0,P-300,C-208,1,0,0,SUR-PONIENTE
1493,-98.2368,19.048077,1495,43 SUR,ESTEBAN DE ANTUÑANO,0,P-300,C-208,1,0,0,SUR-PONIENTE
1494,-98.236799,19.048452,1496,43 SUR,ESTEBAN DE ANTUÑANO,0,P-300,C-208,1,0,0,SUR-PONIENTE
1495,-98.236743,19.048164,1497,43 SUR,ESTEBAN DE ANTUÑANO,0,P-300,C-208,2,0,0,SUR-PONIENTE
1496,-98.164843,19.046989,1498,44 NORTE,16 ORIENTE,0,LATIGO,C-26,1,0,1,NOR-ORIENTE
1497,-98.164839,19.046949,1499,44 NORTE,16 ORIENTE,0,PEDESTAL,C-26,1,0,0,NOR-ORIENTE
1498,-98.160815,19.045632,1500,44 NORTE,JOSE MARIA MORELOS Y PAVON,0,LATIGO,C-26,1,0,0,NOR-ORIENTE
1499,-98.160686,19.045507,1501,44 NORTE,JOSE MARIA MORELOS Y PAVON,0,LATIGO,C-26,1,0,0,NOR-ORIENTE
1500,-98.192077,19.062807,1502,44 PONIENTE,5 NORTE,HEROES DEL 5 DE MAYO,PEDESTAL,C-3000,0,1,0,NOR-PONIENTE
1501,-98.210577,19.027612,1503,45 PONIENTE,3 SUR,0,LATIGO,C-26,1,0,0,SUR-PONIENTE
1502,-98.210535,19.027625,1504,45 PONIENTE,3 SUR,0,LATIGO,C-26,1,0,0,SUR-PONIENTE
1503,-98.164331,19.047665,1505,46 NORTE,16 ORIENTE,0,LATIGO,C-26,1,0,0,NOR-ORIENTE
1504,-98.164077,19.047685,1506,46 NORTE,16 ORIENTE,16 ORIENTE,LATIGO,C-26,1,0,0,NOR-ORIENTE
1505,-98.21668,19.021418,1507,5 B SUR,55 PONIENTE,0,DOBLE LATIGO,C-26,2,0,1,SUR-PONIENTE
1506,-98.216422,19.02142,1508,5 B SUR,55 PONIENTE,0,MP-01,C-26,1,0,1,SUR-PONIENTE
1507,-98.216147,19.021584,1509,5 B SUR,55 PONIENTE,0,LATIGO,C-26,1,0,0,SUR-PONIENTE
1508,-98.216029,19.021626,1510,5 B SUR,55 PONIENTE,0,PEDESTAL,C-26,1,0,0,SUR-PONIENTE
1509,-98.195608,19.049737,1511,5 DE MAYO,14 ORIENTE,0,PEDESTAL,C-26,1,0,0,NOR-PONIENTE
1510,-98.195533,19.049833,1512,5 DE MAYO,14 ORIENTE,0,PEDESTAL,C-26,0,2,0,NOR-PONIENTE
1511,-98.195101,19.050598,1513,5 DE MAYO,16 ORIENTE,0,PEDESTAL,C-26,0,1,0,NOR-PONIENTE
1512,-98.194965,19.050513,1514,5 DE MAYO,16 ORIENTE,0,PEDESTAL,C-26,1,0,0,NOR-ORIENTE
1513,-98.194712,19.051295,1515,5 DE MAYO,18 ORIENTE,0,PEDESTAL,C-26,1,1,0,NOR-PONIENTE
1514,-98.194636,19.05137,1516,5 DE MAYO,18 ORIENTE,0,PEDESTAL,C-26,0,2,0,NOR-PONIENTE
1515,-98.194609,19.05123,1517,5 DE MAYO,18 ORIENTE,0,PEDESTAL,C-26,0,1,0,NOR-ORIENTE
1516,-98.194549,19.051296,1518,5 DE MAYO,18 ORIENTE,0,PEDESTAL,C-26,0,1,0,NOR-ORIENTE
1517,-98.179602,19.026629,1519,5 DE MAYO,GENERAL IGNACIO ZARAGOZA,0,LATIGO,C-208,1,0,1,SUR-ORIENTE
1518,-98.179541,19.02634,1520,5 DE MAYO,GENERAL IGNACIO ZARAGOZA,0,PEDESTAL,C-208,1,0,0,SUR-ORIENTE
1519,-98.179534,19.02667,1521,5 DE MAYO,GENERAL IGNACIO ZARAGOZA,0,PEDESTAL,C-208,1,0,0,SUR-ORIENTE
1520,-98.179528,19.02649,1522,5 DE MAYO,GENERAL IGNACIO ZARAGOZA,0,LATIGO,C-208,1,0,1,SUR-ORIENTE
1521,-98.178828,19.025178,1523,5 DE MAYO,MAXIMINO SERDAN,0,LATIGO,C-26,1,0,1,SUR-ORIENTE
1522,-98.178788,19.025041,1524,5 DE MAYO,MAXIMINO SERDAN,0,LATIGO,C-26,1,0,1,SUR-ORIENTE
1523,-98.178712,19.024897,1525,5 DE MAYO,MAXIMINO SERDAN,0,PEDESTAL,C-26,1,0,0,SUR-ORIENTE
1524,-98.179959,19.08383,1526,5 NORTE,102 PONIENTE,0,LATIGO,C-26,1,0,1,NOR-ORIENTE
1525,-98.179764,19.083802,1527,5 NORTE,102 PONIENTE,0,PEDESTAL,C-26,1,0,0,NOR-ORIENTE
1526,-98.179671,19.084002,1528,5 NORTE,102 PONIENTE,0,LATIGO,C-26,1,0,0,NOR-ORIENTE
1527,-98.199008,19.050541,1529,5 NORTE,12 PONIENTE,0,PEDESTAL,C-26,1,1,0,NOR-PONIENTE
1528,-98.198936,19.050614,1530,5 NORTE,12 PONIENTE,0,PEDESTAL,C-26,1,1,0,NOR-PONIENTE
1529,-98.198823,19.050533,1531,5 NORTE,12 PONIENTE,0,PEDESTAL,C-26,0,1,0,NOR-PONIENTE
1530,-98.198558,19.051281,1532,5 NORTE,14 PONIENTE,0,PEDESTAL,C-26,1,1,0,NOR-PONIENTE
1531,-98.198491,19.051378,1533,5 NORTE,14 PONIENTE,0,PEDESTAL,C-26,1,2,0,NOR-PONIENTE
1532,-98.198457,19.051238,1534,5 NORTE,14 PONIENTE,0,PEDESTAL,C-26,0,2,0,NOR-PONIENTE
1533,-98.198406,19.051325,1535,5 NORTE,14 PONIENTE,0,PEDESTAL,C-26,0,2,0,NOR-PONIENTE
1534,-98.19447,19.058112,1536,5 NORTE,32 PONIENTE,0,LATIGO,C-26,1,0,0,NOR-PONIENTE
1535,-98.194439,19.057962,1537,5 NORTE,32 PONIENTE,0,PEDESTAL,C-26,1,0,0,NOR-PONIENTE
1536,-98.180709,19.082379,1538,5 NORTE,MEXICALI,0,LATIGO,C-26,1,0,0,NOR-ORIENTE
1537,-98.18046,19.082718,1539,5 NORTE,MEXICALI,0,LATIGO,C-26,1,0,0,NOR-ORIENTE
1538,-98.180375,19.082482,1540,5 NORTE,MEXICALI,0,LATIGO,C-26,1,0,0,NOR-ORIENTE
1539,-98.197952,19.042037,1541,5 ORIENTE,2 SUR,0,PEDESTAL,C-26,1,0,0,SUR-ORIENTE
1540,-98.197858,19.042142,1542,5 ORIENTE,2 SUR,0,PEDESTAL,C-26,1,0,0,SUR-ORIENTE
1541,-98.199503,19.042987,1543,5 ORIENTE,5 PONIENTE,0,PEDESTAL,C-26,1,0,0,SUR-PONIENTE
1542,-98.199348,19.042914,1544,5 ORIENTE,5 PONIENTE,0,PEDESTAL,C-26,1,0,0,SUR-ORIENTE
1543,-98.202534,19.044551,1545,5 PONEINTE,5 SUR,0,PEDESTAL,C-26,1,0,0,SUR-PONIENTE
1544,-98.202411,19.044474,1546,5 PONEINTE,5 SUR,0,PEDESTAL,C-26,1,0,0,SUR-PONIENTE
1545,-98.211232,19.048932,1547,5 PONIENTE,17 SUR,0,PEDESTAL,C-26,1,0,0,SUR-PONIENTE
1546,-98.211122,19.048849,1548,5 PONIENTE,17 SUR,0,PEDESTAL,C-26,1,0,0,SUR-PONIENTE
1547,-98.201096,19.043663,1549,5 PONIENTE,3 SUR,0,PEDESTAL,C-26,0,1,0,SUR-PONIENTE
1548,-98.20099,19.043609,1550,5 PONIENTE,3 SUR,0,PEDESTAL,C-26,1,2,0,SUR-PONIENTE
1549,-98.200926,19.043709,1551,5 PONIENTE,3 SUR,0,PEDESTAL,C-26,1,1,0,SUR-PONIENTE
1550,-98.203992,19.045137,1552,5 PONIENTE,7 SUR,0,PEDESTAL,C-26,1,0,0,SUR-PONIENTE
1551,-98.203927,19.04523,1553,5 PONIENTE,7 SUR,0,PEDESTAL,C-26,1,0,0,SUR-PONIENTE
1552,-98.205551,19.046095,1554,5 PONIENTE,9 SUR,0,PEDESTAL,C-26,1,0,0,SUR-PONIENTE
1553,-98.205429,19.046003,1555,5 PONIENTE,9 SUR,0,PEDESTAL,C-26,1,0,0,SUR-PONIENTE
1554,-98.209032,19.033526,1556,5 SUR,33 PONIENTE,0,PEDESTAL,C-26,1,0,0,SUR-PONIENTE
1555,-98.208923,19.03349,1557,5 SUR,33 PONIENTE,0,LATIGO,C-26,1,0,0,SUR-PONIENTE
1556,-98.208909,19.033451,1558,5 SUR,33 PONIENTE,0,PEDESTAL,C-26,1,0,0,SUR-PONIENTE
1557,-98.209475,19.032785,1559,5 SUR,35 PONIENTE,0,LATIGO,C-26,1,0,0,SUR-PONIENTE
1558,-98.209459,19.032797,1560,5 SUR,35 PONIENTE,0,LATIGO,C-26,1,0,1,SUR-PONIENTE
1559,-98.194341,19.045174,1561,6 ORIENTE,4 NORTE,0,PEDESTAL,C-26,1,0,0,NOR-ORIENTE
1560,-98.19426,19.045272,1562,6 ORIENTE,4 NORTE,0,PEDESTAL,C-26,1,0,0,NOR-ORIENTE
1561,-98.206138,19.051289,1563,6 PONIENTE,13 NORTE,0,PEDESTAL,C-26,1,0,0,NOR-PONIENTE
1562,-98.206067,19.051379,1564,6 PONIENTE,13 NORTE,0,PEDESTAL,C-26,1,0,0,NOR-PONIENTE
1563,-98.207671,19.052089,1565,6 PONIENTE,15 NORTE,0,PEDESTAL,C-26,1,0,0,NOR-PONIENTE
1564,-98.207575,19.052019,1566,6 PONIENTE,15 NORTE,0,PEDESTAL,C-26,1,0,0,NOR-PONIENTE
1565,-98.209075,19.052822,1567,6 PONIENTE,17 NORTE,0,PEDESTAL,C-26,1,0,0,NOR-PONIENTE
1566,-98.208988,19.052925,1568,6 PONIENTE,17 NORTE,0,PEDESTAL,C-26,1,0,0,NOR-PONIENTE
1567,-98.21076,19.05368,1569,6 PONIENTE,19 NORTE,0,LATIGO,C-26,1,0,0,NOR-PONIENTE
1568,-98.210628,19.053592,1570,6 PONIENTE,19 NORTE,0,PEDESTAL,C-26,1,0,0,NOR-PONIENTE
1569,-98.210573,19.053755,1571,6 PONIENTE,19 NORTE,0,LATIGO,C-26,1,0,0,NOR-PONIENTE
1570,-98.212009,19.054426,1572,6 PONIENTE,21 NORTE,0,PEDESTAL,C-26,1,0,0,NOR-PONIENTE
1571,-98.211967,19.054439,1573,6 PONIENTE,21 NORTE,0,PEDESTAL,C-26,1,0,0,NOR-PONIENTE
1572,-98.218127,19.057664,1574,6 PONIENTE,29 NORTE,0,PEDESTAL,C-26,1,0,0,NOR-PONIENTE
1573,-98.218054,19.057674,1575,6 PONIENTE,29 NORTE,0,LATIGO,C-26,1,0,0,NOR-PONIENTE
1574,-98.222678,19.060893,1576,6 PONIENTE,37 NORTE,0,LATIGO,C-26,1,0,1,NOR-PONIENTE
1575,-98.222455,19.060871,1577,6 PONIENTE,37 NORTE,0,LATIGO,C-26,1,0,0,NOR-PONIENTE
1576,-98.200354,19.048233,1578,6 PONIENTE,5 NORTE,0,PEDESTAL,C-26,1,0,0,NOR-PONIENTE
1577,-98.200292,19.048331,1579,6 PONIENTE,5 NORTE,0,PEDESTAL,C-26,1,0,0,NOR-PONIENTE
1578,-98.201875,19.049037,1580,6 PONIENTE,7 NORTE,0,PEDESTAL,C-26,1,0,0,NOR-PONIENTE
1579,-98.201793,19.049006,1581,6 PONIENTE,7 NORTE,0,PEDESTAL,C-26,1,0,0,NOR-PONIENTE
1580,-98.203396,19.049852,1582,6 PONIENTE,9 NORTE,0,PEDESTAL,C-26,1,0,0,NOR-PONIENTE
1581,-98.203302,19.049919,1583,6 PONIENTE,9 NORTE,0,PEDESTAL,C-26,1,0,0,NOR-PONIENTE
1582,-98.215153,19.00587,1584,63 A ORIENTE,BUGAMBILIAS,0,PEDESTAL,C-26,2,0,0,SUR-ORIENTE
1583,-98.21515,19.006074,1585,63 A ORIENTE,BUGAMBILIAS,0,PEDESTAL,C-26,1,0,0,SUR-ORIENTE
1584,-98.190696,19.072374,1586,66 PONIENTE,9 NORTE,0,P-300,C-208,1,0,0,NOR-ORIENTE
1585,-98.190662,19.072406,1587,66 PONIENTE,9 NORTE,0,P-300,C-208,1,0,0,NOR-ORIENTE
1586,-98.19957,19.052797,1588,7 NORTE,16 PONIENTE,0,PEDESTAL,C-26,1,0,0,NOR-PONIENTE
1587,-98.199501,19.052876,1589,7 NORTE,16 PONIENTE,0,PEDESTAL,C-26,1,0,0,NOR-PONIENTE
1588,-98.198645,19.054364,1590,7 NORTE,20 PONIENTE,0,PEDESTAL,C-26,1,0,0,NOR-PONIENTE
1589,-98.19855,19.054431,1591,7 NORTE,20 PONIENTE,0,PEDESTAL,C-26,1,0,0,NOR-PONIENTE
1590,-98.19706,19.057089,1592,7 NORTE,28 PONIENTE,0,PEDESTAL,EYSSA,1,0,0,NOR-PONIENTE
1591,-98.196972,19.057176,1593,7 NORTE,28 PONIENTE,0,PEDESTAL,EYSSA,1,0,0,NOR-PONIENTE
1592,-98.196625,19.058103,1594,7 NORTE,30 PONIENTE,0,LATIGO,EYSSA,1,0,0,NOR-PONIENTE
1593,-98.196581,19.057932,1595,7 NORTE,30 PONIENTE,0,PEDESTAL,EYSSA,1,0,0,NOR-PONIENTE
1594,-98.195992,19.058972,1596,7 NORTE,32 PONIENTE,0,PEDESTAL,C-26,1,0,0,NOR-PONIENTE
1595,-98.195921,19.059061,1597,7 NORTE,32 PONIENTE,0,PEDESTAL,C-26,1,0,0,NOR-PONIENTE
1596,-98.194745,19.06131,1598,7 NORTE,38 PONIENTE,0,PEDESTAL,EYSSA,1,0,0,NOR-PONIENTE
1597,-98.194658,19.061234,1599,7 NORTE,38 PONIENTE,0,PEDESTAL,EYSSA,1,0,0,NOR-PONIENTE
1598,-98.193425,19.063586,1600,7 NORTE,44 PONIENTE,0,PEDESTAL,C-26,1,0,0,NOR-PONIENTE
1599,-98.193338,19.063516,1601,7 NORTE,44 PONIENTE,0,LATIGO,C-26,1,0,0,NOR-PONIENTE
1600,-98.192196,19.065761,1602,7 NORTE,50 PONIENTE,0,LATIGO,C-26,1,0,1,NOR-PONIENTE
1601,-98.192094,19.065689,1603,7 NORTE,50 PONIENTE,0,LATIGO,C-26,1,0,0,NOR-PONIENTE
1602,-98.198498,19.04136,1604,7 ORIENTE,2 SUR,0,PEDESTAL,C-26,1,0,0,SUR-ORIENTE
1603,-98.198341,19.041289,1605,7 ORIENTE,2 SUR,0,PEDESTAL,C-26,1,0,0,SUR-ORIENTE
1604,-98.18547,19.034638,1606,7 ORIENTE,24 SUR,0,PEDESTAL,C-26,1,0,0,SUR-ORIENTE
1605,-98.185467,19.034624,1607,7 ORIENTE,24 SUR,0,PEDESTAL,C-26,1,0,0,SUR-ORIENTE
1606,-98.185354,19.034615,1608,7 ORIENTE,24 SUR,0,PEDESTAL,C-26,1,0,0,SUR-ORIENTE
1607,-98.19704,19.040606,1609,7 ORIENTE,4 SUR,0,PEDESTAL,C-26,1,2,0,SUR-ORIENTE
1608,-98.196947,19.040718,1610,7 ORIENTE,4 SUR,0,PEDESTAL,C-26,1,1,0,SUR-ORIENTE
1609,-98.196836,19.040682,1611,7 ORIENTE,4 SUR,0,PEDESTAL,C-26,0,2,0,SUR-ORIENTE
1610,-98.200012,19.042128,1612,7 PONIENTE,16 DE SEPTIEMBRE,0,PEDESTAL,C-26,1,0,0,SUR-PONIENTE
1611,-98.199938,19.042239,1613,7 PONIENTE,16 DE SEPTIEMBRE,0,PEDESTAL,C-26,1,0,0,SUR-PONIENTE
1612,-98.201542,19.042927,1614,7 PONIENTE,3 SUR,0,PEDESTAL,C-26,1,0,0,SUR-PONIENTE
1613,-98.201437,19.042865,1615,7 PONIENTE,3 SUR,0,PEDESTAL,C-26,1,0,0,SUR-PONIENTE
1614,-98.203056,19.043707,1616,7 PONIENTE,5 SUR,0,PEDESTAL,C-26,1,0,0,SUR-PONIENTE
1615,-98.202949,19.043817,1617,7 PONIENTE,5 SUR,0,PEDESTAL,C-26,1,0,0,SUR-PONIENTE
1616,-98.20456,19.044492,1618,7 PONIENTE,7 SUR,0,PEDESTAL,C-26,1,0,0,SUR-PONIENTE
1617,-98.204447,19.044403,1619,7 PONIENTE,7 SUR,0,PEDESTAL,C-26,1,0,0,SUR-PONIENTE
1618,-98.234796,18.994688,1620,7 SUR,105 PONIENTE,0,LATIGO,C-26,1,0,1,SUR-PONIENTE
1619,-98.23473,18.994832,1621,7 SUR,105 PONIENTE,0,LATIGO,C-26,1,0,0,SUR-PONIENTE
1620,-98.234638,18.994792,1622,7 SUR,105 PONIENTE,0,PEDESTAL,C-26,1,0,0,SUR-PONIENTE
1621,-98.206696,19.040556,1623,7 SUR,17 PONIENTE,0,PEDESTAL,C-26,1,0,0,SUR-PONIENTE
1622,-98.206598,19.040689,1624,7 SUR,17 PONIENTE,0,PEDESTAL,C-26,1,0,0,SUR-PONIENTE
1623,-98.207587,19.03907,1625,7 SUR,21 PONIENTE,0,PEDESTAL,C-26,1,0,0,SUR-PONIENTE
1624,-98.207478,19.03917,1626,7 SUR,21 PONIENTE,0,PEDESTAL,C-26,1,0,0,SUR-PONIENTE
1625,-98.193857,19.046026,1627,8 ORIENTE,4 NORTE,0,LATIGO,C-26,1,0,0,NOR-ORIENTE
1626,-98.193746,19.045947,1628,8 ORIENTE,4 NORTE,0,PEDESTAL,C-26,1,0,0,NOR-ORIENTE
1627,-98.196865,19.047533,1629,8 ORIENTE,5 DE MAYO,0,PEDESTAL,C-26,0,1,0,NOR-PONIENTE
1628,-98.196767,19.047477,1630,8 ORIENTE,5 DE MAYO,0,PEDESTAL,C-26,1,0,0,NOR-ORIENTE
1629,-98.205684,19.052142,1631,8 PONIENTE,13 NORTE,0,PEDESTAL,C-26,1,0,0,NOR-PONIENTE
1630,-98.205589,19.052053,1632,8 PONIENTE,13 NORTE,0,PEDESTAL,C-26,1,0,0,NOR-PONIENTE
1631,-98.207158,19.052717,1633,8 PONIENTE,15 NORTE,0,PEDESTAL,C-26,1,0,0,NOR-PONIENTE
1632,-98.207086,19.052815,1634,8 PONIENTE,15 NORTE,0,PEDESTAL,C-26,1,0,0,NOR-PONIENTE
1633,-98.210218,19.054268,1635,8 PONIENTE,19 NORTE,0,LATIGO,C-26,1,0,0,NOR-PONIENTE
1634,-98.210138,19.054357,1636,8 PONIENTE,19 NORTE,0,PEDESTAL,C-26,1,0,0,NOR-PONIENTE
1635,-98.21159,19.055149,1637,8 PONIENTE,21 NORTE,0,PEDESTAL,C-26,1,0,0,NOR-PONIENTE
1636,-98.211471,19.05505,1638,8 PONIENTE,21 NORTE,0,PEDESTAL,C-26,1,0,0,NOR-PONIENTE
1637,-98.214878,19.056832,1639,8 PONIENTE,25 NORTE,0,PEDESTAL,EYSSA,1,0,0,NOR-PONIENTE
1638,-98.214751,19.056736,1640,8 PONIENTE,25 NORTE,0,PEDESTAL,EYSSA,1,0,0,NOR-PONIENTE
1639,-98.198319,19.048139,1641,8 PONIENTE,3 NORTE,0,PEDESTAL,C-26,1,1,0,NOR-PONIENTE
1640,-98.19824,19.048241,1642,8 PONIENTE,3 NORTE,0,PEDESTAL,C-26,1,2,0,NOR-PONIENTE
1641,-98.199837,19.049093,1643,8 PONIENTE,5 NORTE,0,LATIGO,C-26,1,0,0,NOR-PONIENTE
1642,-98.199738,19.04902,1644,8 PONIENTE,5 NORTE,0,PEDESTAL,C-26,1,0,0,NOR-PONIENTE
1643,-98.201336,19.049754,1645,8 PONIENTE,7 NORTE,0,PEDESTAL,C-26,1,1,0,NOR-PONIENTE
1644,-98.201288,19.049829,1646,8 PONIENTE,7 NORTE,0,PEDESTAL,C-26,1,1,0,NOR-PONIENTE
1645,-98.202879,19.050673,1647,8 PONIENTE,9 NORTE,0,PEDESTAL,C-26,1,0,0,NOR-PONIENTE
1646,-98.202775,19.050606,1648,8 PONIENTE,9 NORTE,0,PEDESTAL,C-26,1,0,0,NOR-PONIENTE
1647,-98.202067,19.052102,1649,9 NORTE,12 ORIENTE,0,LATIGO,C-26,1,0,0,NOR-PONIENTE
1648,-98.201995,19.052181,1650,9 NORTE,12 ORIENTE,0,PEDESTAL,C-26,1,0,0,NOR-PONIENTE
1649,-98.199876,19.055911,1651,9 NORTE,22 PONIENTE,0,PEDESTAL,C-26,1,0,0,NOR-PONIENTE
1650,-98.199846,19.055918,1652,9 NORTE,22 PONIENTE,0,LATIGO,C-26,1,0,0,NOR-PONIENTE
1651,-98.198377,19.058292,1653,9 NORTE,28 PONIENTE,0,LATIGO,C-26,1,0,0,NOR-PONIENTE
1652,-98.198363,19.058243,1654,9 NORTE,28 PONIENTE,0,PEDESTAL,C-26,1,0,0,NOR-PONIENTE
1653,-98.197976,19.059201,1655,9 NORTE,30 PONIENTE,0,PEDESTAL,C-26,1,0,0,NOR-PONIENTE
1654,-98.197853,19.059138,1656,9 NORTE,30 PONIENTE,0,LATIGO,C-26,1,0,0,NOR-PONIENTE
1655,-98.197348,19.060051,1657,9 NORTE,32 PONIENTE,0,LATIGO,C-26,1,0,0,NOR-PONIENTE
1656,-98.197314,19.060006,1658,9 NORTE,32 PONIENTE,0,LATIGO,C-26,1,0,0,NOR-PONIENTE
1657,-98.196451,19.06156,1659,9 NORTE,36 PONIENTE,0,LATIGO,C-26,1,0,0,NOR-PONIENTE
1658,-98.196441,19.061516,1660,9 NORTE,36 PONIENTE,0,PEDESTAL,C-26,1,0,0,NOR-PONIENTE
1659,-98.203761,19.049148,1661,9 NORTE,4 PONIENTE,0,PEDESTAL,C-26,1,0,0,NOR-PONIENTE
1660,-98.203674,19.049091,1662,9 NORTE,4 PONIENTE,0,PEDESTAL,C-26,1,0,0,NOR-PONIENTE
1661,-98.195582,19.063065,1663,9 NORTE,40 PONIENTE,0,LATIGO,C-26,1,0,0,NOR-PONIENTE
1662,-98.195579,19.063025,1664,9 NORTE,40 PONIENTE,0,PEDESTAL,C-26,1,0,0,NOR-PONIENTE
1663,-98.193692,19.066649,1665,9 NORTE,50 PONIENTE,0,PEDESTAL,C-26,1,0,0,NOR-PONIENTE
1664,-98.193666,19.066657,1666,9 NORTE,50 PONIENTE,0,LATIGO,C-26,1,0,0,NOR-PONIENTE
1665,-98.190882,19.071509,1667,9 NORTE,64 PONIENTE,0,P-300,C-208,1,0,0,NOR-ORIENTE
1666,-98.19087,19.071482,1668,9 NORTE,64 PONIENTE,0,P-300,C-208,1,0,0,NOR-ORIENTE
1667,-98.190562,19.071351,1669,9 NORTE,64 PONIENTE,0,P-300,C-208,1,0,0,NOR-ORIENTE
1668,-98.190557,19.071325,1670,9 NORTE,64 PONIENTE,0,P-300,C-208,1,0,0,NOR-ORIENTE
1669,-98.190402,19.07306,1671,9 NORTE,68 PONIENTE,0,P-300,C-208,1,0,0,NOR-ORIENTE
1670,-98.190385,19.073198,1672,9 NORTE,68 PONIENTE,0,P-300,C-208,1,0,0,NOR-ORIENTE
1671,-98.189691,19.072826,1673,9 NORTE,68 PONIENTE,0,DOBLE LATIGO,C-26,2,0,0,NOR-ORIENTE
1672,-98.198977,19.057221,1674,9 NORTE,HEROES DE NACOZARI,0,LATIGO,C-26,1,0,1,NOR-PONIENTE
1673,-98.198958,19.057191,1675,9 NORTE,HEROES DE NACOZARI,0,LATIGO,C-26,1,0,0,NOR-PONIENTE
1674,-98.195424,19.063334,1676,9 NORTE,HEROES DE NACOZARI,0,P-300,C-216,1,0,0,NOR-PONIENTE
1675,-98.198827,19.040502,1677,9 ORIENTE,2 SUR,0,PEDESTAL,C-26,1,0,0,SUR-ORIENTE
1676,-98.19875,19.040616,1678,9 ORIENTE,2 SUR,0,PEDESTAL,C-26,1,0,0,SUR-ORIENTE
1677,-98.197401,19.039956,1679,9 ORIENTE,4 SUR,0,PEDESTAL,C-26,1,0,0,SUR-ORIENTE
1678,-98.197288,19.039873,1680,9 ORIENTE,4 SUR,0,PEDESTAL,C-26,1,0,0,SUR-ORIENTE
1679,-98.210604,19.046494,1681,9 PONIENTE,15 SUR,0,LATIGO,C-26,1,0,0,SUR-PONIENTE
1680,-98.210524,19.046571,1682,9 PONIENTE,15 SUR,0,PEDESTAL,C-26,1,0,0,SUR-PONIENTE
1681,-98.212136,19.047423,1683,9 PONIENTE,17 SUR,0,PEDESTAL,C-26,1,0,0,SUR-PONIENTE
1682,-98.212041,19.047337,1684,9 PONIENTE,17 SUR,0,PEDESTAL,C-26,1,0,0,SUR-PONIENTE
1683,-98.201888,19.042105,1685,9 PONIENTE,3 SUR,0,PEDESTAL,C-26,1,0,0,SUR-PONIENTE
1684,-98.20182,19.042201,1686,9 PONIENTE,3 SUR,0,PEDESTAL,C-26,1,0,0,SUR-PONIENTE
1685,-98.203427,19.043037,1687,9 PONIENTE,5 SUR,0,PEDESTAL,C-26,1,0,0,SUR-PONIENTE
1686,-98.203312,19.042965,1688,9 PONIENTE,5 SUR,0,PEDESTAL,C-26,1,0,0,SUR-PONIENTE
1687,-98.204908,19.043611,1689,9 PONIENTE,7 SUR,0,PEDESTAL,C-26,1,0,0,SUR-PONIENTE
1688,-98.204819,19.043717,1690,9 PONIENTE,7 SUR,0,PEDESTAL,C-26,1,0,0,SUR-PONIENTE
1689,-98.207332,19.043098,1691,9 SUR,13 PONIENTE,0,PEDESTAL,C-26,1,0,0,SUR-PONIENTE
1690,-98.207213,19.043004,1692,9 SUR,13 PONIENTE,0,PEDESTAL,C-26,1,0,0,SUR-PONIENTE
1691,-98.207886,19.042213,1693,9 SUR,15 PONIENTE,0,LATIGO,C-26,1,0,1,SUR-PONIENTE
1692,-98.207772,19.042345,1694,9 SUR,15 PONIENTE,0,PEDESTAL,C-26,1,0,0,SUR-PONIENTE
1693,-98.208244,19.041557,1695,9 SUR,17 PONIENTE,0,PEDESTAL,C-26,1,0,0,SUR-PONIENTE
1694,-98.208088,19.041462,1696,9 SUR,17 PONIENTE,0,PEDESTAL,C-26,1,0,0,SUR-PONIENTE
1695,-98.208764,19.040703,1697,9 SUR,19 PONIENTE,0,PEDESTAL,C-26,1,0,0,SUR-PONIENTE
1696,-98.208675,19.040809,1698,9 SUR,19 PONIENTE,0,PEDESTAL,C-26,1,0,0,SUR-PONIENTE
1697,-98.209115,19.040058,1699,9 SUR,21 PONIENTE,0,PEDESTAL,C-26,1,0,0,SUR-PONIENTE
1698,-98.208969,19.039945,1700,9 SUR,21 PONIENTE,0,PEDESTAL,C-26,1,0,0,SUR-PONIENTE
1699,-98.210046,19.038436,1701,9 SUR,25 PONIENTE,0,PEDESTAL,C-26,1,0,0,SUR-PONIENTE
1700,-98.209977,19.038205,1702,9 SUR,25 PONIENTE,0,PEDESTAL,C-26,1,0,0,SUR-PONIENTE
1701,-98.209905,19.038346,1703,9 SUR,25 PONIENTE,0,PEDESTAL,C-26,1,0,0,SUR-PONIENTE
1702,-98.210635,19.037447,1704,9 SUR,27 PONIENTE,0,PEDESTAL,C-26,1,0,0,SUR-PONIENTE
1703,-98.210552,19.037545,1705,9 SUR,27 PONIENTE,0,PEDESTAL,C-26,1,0,0,SUR-PONIENTE
1704,-98.211006,19.036739,1706,9 SUR,29 PONIENTE,0,PEDESTAL,C-26,1,0,0,SUR-PONIENTE
1705,-98.210868,19.036659,1707,9 SUR,29 PONIENTE,0,PEDESTAL,C-26,1,0,0,SUR-PONIENTE
1706,-98.205209,19.046737,1708,9 SUR,3 PONIENTE,0,PEDESTAL,C-26,1,0,0,SUR-PONIENTE
1707,-98.205092,19.046838,1709,9 SUR,3 PONIENTE,0,PEDESTAL,C-26,1,0,0,SUR-PONIENTE
1708,-98.211559,19.035903,1710,9 SUR,31 PONIENTE,0,LATIGO,C-208,1,0,0,SUR-PONIENTE
1709,-98.211506,19.035911,1711,9 SUR,31 PONIENTE,0,PEDESTAL,C-208,1,0,0,SUR-PONIENTE
1710,-98.2115,19.035608,1712,9 SUR,31 PONIENTE,0,LATIGO,C-208,1,0,1,SUR-PONIENTE
1711,-98.211975,19.035089,1713,9 SUR,33 PONIENTE,0,PEDESTAL,C-26,1,0,0,SUR-PONIENTE
1712,-98.211849,19.034978,1714,9 SUR,33 PONIENTE,0,PEDESTAL,C-26,1,0,0,SUR-PONIENTE
1713,-98.21246,19.034331,1715,9 SUR,35 PONIENTE,0,LATIGO,C-26,1,0,0,SUR-PONIENTE
1714,-98.21242,19.034343,1716,9 SUR,35 PONIENTE,0,PEDESTAL,C-26,1,0,0,SUR-PONIENTE
1715,-98.21267,19.033899,1717,9 SUR,37 PONIENTE,0,PEDESTAL,C-26,1,0,0,SUR-PONIENTE
1716,-98.212569,19.03381,1718,9 SUR,37 PONIENTE,0,PEDESTAL,C-26,1,0,0,SUR-PONIENTE
1717,-98.213754,19.032037,1719,9 SUR,41 PONIENTE,0,LATIGO,C-26,1,0,1,SUR-PONIENTE
1718,-98.213641,19.031965,1720,9 SUR,41 PONIENTE,0,PEDESTAL,C-26,1,0,0,SUR-PONIENTE
1719,-98.214424,19.031033,1721,9 SUR,43 PONIENTE,0,LATIGO,C-26,1,0,1,SUR-PONIENTE
1720,-98.214294,19.03117,1722,9 SUR,43 PONIENTE,0,LATIGO,C-26,1,0,1,SUR-PONIENTE
1721,-98.214228,19.030974,1723,9 SUR,43 PONIENTE,0,PEDESTAL,C-26,1,0,1,SUR-PONIENTE
1722,-98.215549,19.028878,1724,9 SUR,47 PONIENTE,0,LATIGO,C-26,1,0,1,SUR-PONIENTE
1723,-98.215548,19.028871,1725,9 SUR,47 PONIENTE,0,PEDESTAL,C-26,1,0,0,SUR-PONIENTE
1724,-98.216608,19.027281,1726,9 SUR,49 PONIENTE,0,PEDESTAL,C-26,1,0,0,SUR-PONIENTE
1725,-98.216537,19.027227,1727,9 SUR,49 PONIENTE,0,PEDESTAL,C-26,1,0,0,SUR-PONIENTE
1726,-98.216462,19.027359,1728,9 SUR,49 PONIENTE,0,PEDESTAL,C-26,1,0,0,SUR-PONIENTE
1727,-98.218443,19.024194,1729,9 SUR,53 PONIENTE,0,PEDESTAL,C-26,1,0,0,SUR-PONIENTE
1728,-98.218364,19.024137,1730,9 SUR,53 PONIENTE,0,PEDESTAL,C-26,1,0,0,SUR-PONIENTE
1729,-98.218279,19.024271,1731,9 SUR,53 PONIENTE,0,PEDESTAL,C-26,1,0,0,SUR-PONIENTE
1730,-98.218186,19.024215,1732,9 SUR,53 PONIENTE,0,PEDESTAL,C-26,1,0,0,SUR-PONIENTE
1731,-98.219204,19.022779,1733,9 SUR,55 PONIENTE,0,LATIGO,C-26,1,0,0,SUR-PONIENTE
1732,-98.219185,19.022915,1734,9 SUR,55 PONIENTE,0,LATIGO,C-26,1,0,0,SUR-PONIENTE
1733,-98.218941,19.022918,1735,9 SUR,55 PONIENTE,0,LATIGO,C-26,1,0,0,SUR-PONIENTE
1734,-98.218939,19.022788,1736,9 SUR,55 PONIENTE,0,LATIGO,C-26,1,0,1,SUR-PONIENTE
1735,-98.206069,19.045271,1737,9 SUR,7 PONIENTE,0,PEDESTAL,C-26,1,0,0,SUR-PONIENTE
1736,-98.205959,19.045373,1738,9 SUR,7 PONIENTE,0,PEDESTAL,C-26,1,0,0,SUR-PONIENTE
1737,-98.206452,19.04458,1739,9 SUR,9 PONIENTE,0,PEDESTAL,C-26,1,0,0,SUR-PONIENTE
1738,-98.206332,19.044489,1740,9 SUR,9 PONIENTE,0,PEDESTAL,C-26,1,0,0,SUR-PONIENTE
1739,-98.222109,19.054788,1741,AARON MERINO FERNANDEZ,3 PONIENTE,0,PEDESTAL,C-208,1,0,0,SUR-PONIENTE
1740,-98.222038,19.05488,1742,AARON MERINO FERNANDEZ,3 PONIENTE,0,PEDESTAL,C-208,1,0,0,SUR-PONIENTE
1741,-98.221966,19.05473,1743,AARON MERINO FERNANDEZ,3 PONIENTE,0,PEDESTAL,C-208,1,0,0,SUR-PONIENTE
1742,-98.221896,19.054801,1744,AARON MERINO FERNANDEZ,3 PONIENTE,0,PEDESTAL,C-208,1,0,0,SUR-PONIENTE
1743,-98.222946,19.053704,1745,AARON MERINO FERNANDEZ,BENITO JUAREZ,0,PEDESTAL,C-208,1,0,0,SUR-PONIENTE
1744,-98.222911,19.053914,1746,AARON MERINO FERNANDEZ,BENITO JUAREZ,0,PEDESTAL,C-208,1,0,0,SUR-PONIENTE
1745,-98.222885,19.054051,1747,AARON MERINO FERNANDEZ,BENITO JUAREZ,0,PEDESTAL,C-208,1,0,0,SUR-PONIENTE
1746,-98.222667,19.053519,1748,AARON MERINO FERNANDEZ,BENITO JUAREZ,0,PEDESTAL,C-208,1,0,0,SUR-PONIENTE
1747,-98.222608,19.05413,1749,AARON MERINO FERNANDEZ,BENITO JUAREZ,0,PEDESTAL,C-208,1,0,0,SUR-PONIENTE
1748,-98.222575,19.053488,1750,AARON MERINO FERNANDEZ,BENITO JUAREZ,0,PEDESTAL,C-208,1,0,0,SUR-PONIENTE
1749,-98.222459,19.053539,1751,AARON MERINO FERNANDEZ,BENITO JUAREZ,0,PEDESTAL,C-208,1,0,0,SUR-PONIENTE
1750,-98.222356,19.053974,1752,AARON MERINO FERNANDEZ,BENITO JUAREZ,0,PEDESTAL,C-208,1,0,0,SUR-PONIENTE
1751,-98.222319,19.053636,1753,AARON MERINO FERNANDEZ,BENITO JUAREZ,0,PEDESTAL,C-208,1,0,0,SUR-PONIENTE
1752,-98.22229,19.053735,1754,AARON MERINO FERNANDEZ,BENITO JUAREZ,0,PEDESTAL,C-208,1,0,0,SUR-PONIENTE
1753,-98.221307,19.05599,1755,AARON MERINO FERNANDEZ,REFORMA SUR,0,PEDESTAL,C-26,1,0,0,SUR-PONIENTE
1754,-98.221264,19.055854,1756,AARON MERINO FERNANDEZ,REFORMA SUR,0,PEDESTAL,C-26,1,0,0,SUR-PONIENTE
1755,-98.221162,19.055811,1757,AARON MERINO FERNANDEZ,REFORMA SUR,0,PEDESTAL,C-26,1,0,0,SUR-PONIENTE
1756,-98.220999,19.055871,1758,AARON MERINO FERNANDEZ,REFORMA SUR,0,PEDESTAL,C-26,1,0,0,SUR-PONIENTE
1757,-98.220345,19.057281,1759,AARON MERINO FERNÁNDEZ,2 PONIENTE,0,MP-01,C-208,1,0,0,NOR-PONIENTE
1758,-98.220272,19.057394,1760,AARON MERINO FERNÁNDEZ,2 PONIENTE,0,PEDESTAL,C-208,1,0,0,NOR-PONIENTE
1759,-98.220239,19.057218,1761,AARON MERINO FERNÁNDEZ,2 PONIENTE,0,PEDESTAL,C-208,1,0,0,NOR-PONIENTE
1760,-98.220142,19.057321,1762,AARON MERINO FERNÁNDEZ,2 PONIENTE,0,PEDESTAL,C-208,2,0,0,NOR-PONIENTE
1761,-98.236369,19.032681,1763,ACCESO A ANGELOPOLIS,OSA MAYOR,0,LATIGO,C-208,1,0,1,SUR-PONIENTE
1762,-98.236203,19.032742,1764,ACCESO A ANGELOPOLIS,OSA MAYOR,0,LATIGO,C-208,1,0,0,SUR-PONIENTE
1763,-98.236177,19.032464,1765,ACCESO A ANGELOPOLIS,OSA MAYOR,0,PEDESTAL,C-208,1,0,0,SUR-PONIENTE
1764,-98.236098,19.032639,1766,ACCESO A ANGELOPOLIS,OSA MAYOR,0,LATIGO,C-208,1,0,1,SUR-PONIENTE
1765,-98.170487,19.071575,1767,ADOLFO LOPEZ MATEOS,DEL TECNOLOGICO,0,PEDESTAL,C-208,0,1,0,NOR-ORIENTE
1766,-98.170482,19.071514,1768,ADOLFO LOPEZ MATEOS,DEL TECNOLOGICO,0,PEDESTAL,C-208,0,1,0,NOR-ORIENTE
1767,-98.170415,19.071635,1769,ADOLFO LOPEZ MATEOS,DEL TECNOLOGICO,0,PEDESTAL,C-208,0,1,0,NOR-ORIENTE
1768,-98.170372,19.071505,1770,ADOLFO LOPEZ MATEOS,DEL TECNOLOGICO,0,P-300,C-208,1,0,0,NOR-ORIENTE
1769,-98.170277,19.071506,1771,ADOLFO LOPEZ MATEOS,DEL TECNOLOGICO,0,P-300,C-208,1,1,0,NOR-ORIENTE
1770,-98.170262,19.071596,1772,ADOLFO LOPEZ MATEOS,DEL TECNOLOGICO,0,P-300,C-208,1,0,0,NOR-ORIENTE
1771,-98.159774,19.045012,1773,ALBERT EINSTEIN,JOSE MARIA MORELOS Y PAVON,0,LATIGO,C-26,1,0,1,NOR-ORIENTE
1772,-98.159696,19.045131,1774,ALBERT EINSTEIN,JOSE MARIA MORELOS Y PAVON,0,LATIGO,C-26,1,0,1,NOR-ORIENTE
1773,-98.156155,19.060086,1775,ANTIGUO CAMINO A MAZANILLA,OXXO RESURRECCION,0,MG-10,C-26,2,0,1,NOR-ORIENTE
1774,-98.15339,19.065853,1776,ANTIGUO CAMINO A LA RESURRECCION,PREPARATORIA CALDERON,PREPA CALDERON,LATIGO,C-26,1,0,1,NOR-ORIENTE
1775,-98.153362,19.065796,1777,ANTIGUO CAMINO A LA RESURRECCION,PREPARATORIA CALDERON,PREPA CALDERON,PEDESTAL,C-26,1,1,0,NOR-ORIENTE
1776,-98.153357,19.06604,1778,ANTIGUO CAMINO A LA RESURRECCION,PREPARATORIA CALDERON,PREPA CLADERON,LATIGO,C-26,1,1,1,NOR-ORIENTE
1777,-98.155695,19.061381,1779,ANTIGUO CAMINO A MAZANILLA,ABETO,0,DOBLE MG-10,C-208,4,0,0,NOR-ORIENTE
1778,-98.155523,19.061225,1780,ANTIGUO CAMINO A MAZANILLA,ABETO,0,PEDESTAL,C-208,0,1,0,NOR-ORIENTE
1779,-98.155497,19.061321,1781,ANTIGUO CAMINO A MAZANILLA,ABETO,0,DOBLE MG-10,C-208,4,1,0,NOR-ORIENTE
1780,-98.242729,19.038912,1782,ATLIXCO,51 PONIENTE,0,LATIGO,C-26,1,1,0,SUR-PONIENTE
1781,-98.242563,19.038967,1783,ATLIXCO,51 PONIENTE,0,PEDESTAL,C-26,2,0,0,SUR-PONIENTE
1782,-98.242557,19.038814,1784,ATLIXCO,51 PONIENTE,0,LATIGO,C-26,1,0,0,SUR-PONIENTE
1783,-98.242179,19.039103,1785,ATLIXCO,6,0,LATIGO,C-216,1,0,0,SUR-PONIENTE
1784,-98.242034,19.039332,1786,ATLIXCO,6,0,PEDESTAL,C-216,0,1,0,SUR-PONIENTE
1785,-98.24199,19.039006,1787,ATLIXCO,6,0,PEDESTAL,C-216,0,1,0,SUR-PONIENTE
1786,-98.241984,19.039022,1788,ATLIXCO,6,0,PEDESTAL,C-216,1,0,0,SUR-PONIENTE
1787,-98.241982,19.03918,1789,ATLIXCO,6,0,MG-10,C-216,4,2,1,SUR-PONIENTE
1788,-98.235873,19.044634,1790,ATLIXCO,BENITO JUAREZ,0,PEDESTAL,C-208,1,0,0,SUR-PONIENTE
1789,-98.235782,19.044336,1791,ATLIXCO,BENITO JUAREZ,0,MP-01,C-208,1,0,1,SUR-PONIENTE
1790,-98.23577,19.044725,1792,ATLIXCO,BENITO JUAREZ,0,MP-01,C-208,1,1,1,SUR-PONIENTE
1791,-98.235611,19.044575,1793,ATLIXCO,BENITO JUAREZ,0,MG-10,C-208,4,2,0,SUR-PONIENTE
1792,-98.235501,19.044358,1794,ATLIXCO,BENITO JUAREZ,0,MP-01,C-208,1,0,1,SUR-PONIENTE
1793,-98.23785,19.041717,1795,ATLIXCO,CAMINO REAL A CHOLULA,0,P-300,C-208,1,0,1,SUR-PONIENTE
1794,-98.237763,19.041825,1796,ATLIXCO,CAMINO REAL A CHOLULA,0,P-300,C-208,2,0,1,SUR-PONIENTE
1795,-98.211726,19.048231,1797,BENITO JUAREZ,17 SUR,0,PEDESTAL,C-208,1,0,0,SUR-PONIENTE
1796,-98.211651,19.048329,1798,BENITO JUAREZ,17 SUR,0,LATIGO,C-208,1,0,0,SUR-PONIENTE
1797,-98.211651,19.04804,1799,BENITO JUAREZ,17 SUR,0,LATIGO,C-208,1,0,0,SUR-PONIENTE
1798,-98.211584,19.048385,1800,BENITO JUAREZ,17 SUR,0,PEDESTAL,C-208,1,0,0,SUR-PONIENTE
1799,-98.211537,19.048154,1801,BENITO JUAREZ,17 SUR,0,PEDESTAL,C-208,1,0,0,SUR-PONIENTE
1800,-98.213444,19.048919,1802,BENITO JUAREZ,19 SUR,0,PEDESTAL,C-208,1,0,0,SUR-PONIENTE
1801,-98.213312,19.04887,1803,BENITO JUAREZ,19 SUR,0,MP-01,C-208,1,0,0,SUR-PONIENTE
1802,-98.213252,19.048803,1804,BENITO JUAREZ,19 SUR,0,PEDESTAL,C-208,1,0,0,SUR-PONIENTE
1803,-98.213173,19.049118,1805,BENITO JUAREZ,19 SUR,0,LATIGO,C-208,1,0,0,SUR-PONIENTE
1804,-98.214937,19.049864,1806,BENITO JUAREZ,21 SUR,0,PEDESTAL,C-208,1,0,0,SUR-PONIENTE
1805,-98.21485,19.04995,1807,BENITO JUAREZ,21 SUR,0,LATIGO,C-208,1,0,0,SUR-PONIENTE
1806,-98.214846,19.049655,1808,BENITO JUAREZ,21 SUR,0,LATIGO,C-208,1,0,0,SUR-PONIENTE
1807,-98.214799,19.049974,1809,BENITO JUAREZ,21 SUR,0,PEDESTAL,C-208,1,0,0,SUR-PONIENTE
1808,-98.214735,19.049774,1810,BENITO JUAREZ,21 SUR,0,PEDESTAL,C-208,1,0,0,SUR-PONIENTE
1809,-98.216446,19.050643,1811,BENITO JUAREZ,23 SUR,0,PEDESTAL,C-208,1,0,0,SUR-PONIENTE
1810,-98.216366,19.050722,1812,BENITO JUAREZ,23 SUR,0,LATIGO,C-208,1,0,0,SUR-PONIENTE
1811,-98.216343,19.050439,1813,BENITO JUAREZ,23 SUR,0,LATIGO,C-208,1,0,0,SUR-PONIENTE
1812,-98.216295,19.050764,1814,BENITO JUAREZ,23 SUR,0,PEDESTAL,C-208,1,0,0,SUR-PONIENTE
1813,-98.21625,19.050545,1815,BENITO JUAREZ,23 SUR,0,PEDESTAL,C-208,1,0,0,SUR-PONIENTE
1814,-98.193177,19.041492,1816,HEROES DEL 5 DE MAYO,JUAN DE PALAFOX Y MENDOZA,0,PEDESTAL,C-3000,0,1,0,SUR-ORIENTE
1815,-98.193043,19.041632,1817,HEROES DEL 5 DE MAYO,JUAN DE PALAFOX Y MENDOZA,0,PEDESTAL,C-3000,0,1,0,NOR-ORIENTE
1816,-98.193013,19.041436,1818,HEROES DEL 5 DE MAYO,JUAN DE PALAFOX Y MENDOZA,0,SRP,C-3000,4,1,0,SUR-ORIENTE
1817,-98.192785,19.041314,1819,HEROES DEL 5 DE MAYO,JUAN DE PALAFOX Y MENDOZA,0,PEDESTAL,C-3000,0,1,0,SUR-ORIENTE
1818,-98.192785,19.041314,1820,HEROES DEL 5 DE MAYO,JUAN DE PALAFOX Y MENDOZA,0,PEDESTAL,C-3000,0,1,0,SUR-ORIENTE
1819,-98.192661,19.041255,1821,HEROES DEL 5 DE MAYO,JUAN DE PALAFOX Y MENDOZA,0,PEDESTAL,C-3000,1,0,0,SUR-ORIENTE
1820,-98.19263,19.041381,1822,HEROES DEL 5 DE MAYO,JUAN DE PALAFOX Y MENDOZA,0,P-300,C-3000,1,0,0,NOR-ORIENTE
1821,-98.215116,19.02981,1823,CARLOS CAMACHO ESPIRITU,9 SUR,0,SRP,C-3000,0,1,0,SUR-PONIENTE
1822,-98.215069,19.029639,1824,CARLOS CAMACHO ESPIRITU,9 SUR,0,SRP,C-3000,1,1,0,SUR-PONIENTE
1823,-98.21506,19.029641,1825,CARLOS CAMACHO ESPIRITU,9 SUR,0,SRP,C-3000,0,1,0,SUR-PONIENTE
1824,-98.215052,19.030022,1826,CARLOS CAMACHO ESPIRITU,9 SUR,0,SRP,C-3000,2,0,0,SUR-PONIENTE
1825,-98.214961,19.029752,1827,CARLOS CAMACHO ESPIRITU,9 SUR,0,SRP,C-3000,2,1,0,SUR-PONIENTE
1826,-98.214861,19.029907,1828,CARLOS CAMACHO ESPIRITU,9 SUR,0,PEDESTAL,C-3000,1,1,0,SUR-PONIENTE
1827,-98.214786,19.030053,1829,CARLOS CAMACHO ESPIRITU,9 SUR,0,SRP,C-3000,1,0,1,SUR-PONIENTE
1828,-98.171521,19.047345,1830,XONACA,34 NORTE,0,LATIGO,C-208,1,0,0,NOR-ORIENTE
1829,-98.17933,19.045694,1831,XONACA,XONACA,24 NORTE,LATIGO,C-26,1,0,0,NOR-ORIENTE
1830,-98.171537,19.04727,1832,XONACA,XONACA,20 ORIENTE,PEDESTAL,C-208,1,0,0,NOR-ORIENTE
1831,-98.170429,19.048584,1833,XONACA,XONACA,36 ORIENTE,LATIGO,C-208,2,0,0,NOR-ORIENTE
1832,-98.17019,19.048627,1834,XONACA,XONACA,36 ORIENTE,DOBLE LATIGO,C-208,1,0,0,NOR-ORIENTE
1833,-98.171922,19.047363,1835,XONACATEPEC,XONACATEPEC,34 NORTE,LATIGO,C-208,2,0,0,NOR-ORIENTE
1834,-98.179997,19.006521,1836,CAMINO AL BATAN,CARRARA,0,PEDESTAL,C-26,1,0,0,SUR-ORIENTE
1835,-98.179985,19.006492,1837,CAMINO AL BATAN,CARRARA,0,LATIGO,C-26,1,0,1,SUR-ORIENTE
1836,-98.179913,19.006173,1838,CAMINO AL BATAN,CARRARA,0,LATIGO,C-26,1,0,1,SUR-ORIENTE
1837,-98.179841,19.006068,1839,CAMINO AL BATAN,CARRARA,0,PEDESTAL,C-26,1,0,0,SUR-ORIENTE
1838,-98.180791,18.999703,1840,CAMINO AL BATAN,LAS FLORES,0,LATIGO,C-26,1,0,1,SUR-ORIENTE
1839,-98.180745,18.999902,1841,CAMINO AL BATAN,LAS FLORES,0,PEDESTAL,C-26,1,0,0,SUR-ORIENTE
1840,-98.180578,18.999689,1842,CAMINO AL BATAN,LAS FLORES,0,PEDESTAL,C-26,1,0,0,SUR-ORIENTE
1841,-98.180534,19.000138,1843,CAMINO AL BATAN,LAS FLORES,0,PEDESTAL,C-26,1,0,0,SUR-ORIENTE
1842,-98.180513,18.999888,1844,CAMINO AL BATAN,LAS FLORES,0,LATIGO,C-26,1,0,0,SUR-ORIENTE
1843,-98.180502,18.999909,1845,CAMINO AL BATAN,LAS FLORES,0,LATIGO,C-26,1,0,0,SUR-ORIENTE
1844,-98.176935,18.992429,1846,CAMINO AL BATAN,MONTE ALBAN,0,PEDESTAL,C-26,1,0,0,SUR-ORIENTE
1845,-98.176856,18.992165,1847,CAMINO AL BATAN,MONTE ALBAN,0,LATIGO,C-26,1,0,0,SUR-ORIENTE
1846,-98.176842,18.992492,1848,CAMINO AL BATAN,MONTE ALBAN,0,LATIGO,C-26,1,0,0,SUR-ORIENTE
1847,-98.176805,18.992282,1849,CAMINO AL BATAN,MONTE ALBAN,0,PEDESTAL,C-26,1,0,0,SUR-ORIENTE
1848,-98.180859,18.997571,1850,CAMINO AL BATAN,NEZAHUALCOYOTL,0,LATIGO,C-26,1,0,0,SUR-ORIENTE
1849,-98.180827,18.997789,1851,CAMINO AL BATAN,NEZAHUALCOYOTL,0,PEDESTAL,C-26,1,0,0,SUR-ORIENTE
1850,-98.180761,18.997614,1852,CAMINO AL BATAN,NEZAHUALCOYOTL,0,LATIGO,C-26,1,0,1,SUR-ORIENTE
1851,-98.180719,18.997762,1853,CAMINO AL BATAN,NEZAHUALCOYOTL,0,LATIGO,C-26,1,0,0,SUR-ORIENTE
1852,-98.17998,19.008876,1854,CAMINO AL BATAN,VENUS,0,LATIGO,C-26,1,0,1,SUR-ORIENTE
1853,-98.179889,19.008985,1855,CAMINO AL BATAN,VENUS,0,LATIGO,C-26,1,0,1,SUR-ORIENTE
1854,-98.206304,19.004866,1856,CARLOS CAMACHO ESPIRITU,14 SUR,0,LATIGO,C-26,1,0,1,SUR-ORIENTE
1855,-98.206039,19.004986,1857,CARLOS CAMACHO ESPIRITU,14 SUR,0,LATIGO,C-26,1,0,1,SUR-ORIENTE
1856,-98.2122,19.020661,1858,CARLOS CAMACHO ESPIRITU,16 DE SEPTIEMBRE,0,P-300,C-3000,1,1,1,SUR-PONIENTE
1857,-98.21215,19.020775,1859,CARLOS CAMACHO ESPIRITU,16 DE SEPTIEMBRE,0,PEDESTAL,C-3000,1,1,0,SUR-PONIENTE
1858,-98.212034,19.020999,1860,CARLOS CAMACHO ESPIRITU,16 DE SEPTIEMBRE,0,PEDESTAL,C-3000,0,1,0,SUR-PONIENTE
1859,-98.212021,19.020664,1861,CARLOS CAMACHO ESPIRITU,16 DE SEPTIEMBRE,0,P-300,C-3000,1,1,0,SUR-ORIENTE
1860,-98.21198,19.020751,1862,CARLOS CAMACHO ESPIRITU,16 DE SEPTIEMBRE,0,P-300,C-3000,1,1,0,SUR-ORIENTE
1861,-98.211964,19.021228,1863,CARLOS CAMACHO ESPIRITU,16 DE SEPTIEMBRE,0,P-300,C-3000,4,0,0,SUR-PONIENTE
1862,-98.211869,19.021422,1864,CARLOS CAMACHO ESPIRITU,16 DE SEPTIEMBRE,0,PEDESTAL,C-3000,0,1,0,SUR-PONIENTE
1863,-98.211852,19.020955,1865,CARLOS CAMACHO ESPIRITU,16 DE SEPTIEMBRE,0,P-300,C-3000,4,0,0,SUR-ORIENTE
1864,-98.211786,19.021119,1866,CARLOS CAMACHO ESPIRITU,16 DE SEPTIEMBRE,0,P-300,C-3000,1,1,0, 
1865,-98.211786,19.021156,1867,CARLOS CAMACHO ESPIRITU,16 DE SEPTIEMBRE,0,PEDESTAL,C-3000,0,1,0,SUR-PONIENTE
1866,-98.211589,19.019727,1868,CARLOS CAMACHO ESPIRITU,2 SUR,0,PEDESTAL,C-3000,0,1,0,SUR-ORIENTE
1867,-98.211533,19.019549,1869,CARLOS CAMACHO ESPIRITU,2 SUR,0,P-300,C-3000,1,1,1,SUR-ORIENTE
1868,-98.211457,19.019771,1870,CARLOS CAMACHO ESPIRITU,2 SUR,0,SRP,C-3000,4,1,0,SUR-ORIENTE
1869,-98.21143,19.01929,1871,CARLOS CAMACHO ESPIRITU,2 SUR,0,PEDESTAL,C-3000,1,0,0,SUR-ORIENTE
1870,-98.21133,19.019322,1872,CARLOS CAMACHO ESPIRITU,2 SUR,0,P-300,C-3000,2,0,0,SUR-ORIENTE
1871,-98.211321,19.019765,1873,CARLOS CAMACHO ESPIRITU,2 SUR,0,PEDESTAL,C-3000,0,1,0,SUR-ORIENTE
1872,-98.211279,19.01934,1874,CARLOS CAMACHO ESPIRITU,2 SUR,0,P-300,C-3000,2,0,0,SUR-ORIENTE
1873,-98.196753,18.978893,1875,CARLOS CAMACHO ESPIRITU,24 SUR,0,SRP,C-3000,4,0,0,SUR-ORIENTE
1874,-98.196705,18.978954,1876,CARLOS CAMACHO ESPIRITU,24 SUR,0,PEDESTAL,C-3000,0,1,1,SUR-ORIENTE
1875,-98.196701,18.978687,1877,CARLOS CAMACHO ESPIRITU,24 SUR,0,P-300,C-3000,1,0,0,SUR-ORIENTE
1876,-98.196459,18.978614,1878,CARLOS CAMACHO ESPIRITU,24 SUR,0,SRP,C-3000,4,0,0,SUR-ORIENTE
1877,-98.196429,18.978787,1879,CARLOS CAMACHO ESPIRITU,24 SUR,0,PEDESTAL,C-3000,0,1,0,SUR-ORIENTE
1878,-98.183248,18.969384,1880,CARLOS CAMACHO ESPIRITU,4 NORTE,0,LATIGO,C-26,1,0,1,SUR-ORIENTE
1879,-98.183096,18.969174,1881,CARLOS CAMACHO ESPIRITU,4 NORTE,0,LATIGO,C-26,1,0,1,SUR-ORIENTE
1880,-98.204834,19.000553,1882,CARLOS CAMACHO ESPIRITU,63 F ORIENTE,0,PEDESTAL,C-3000,0,1,0,SUR-ORIENTE
1881,-98.204722,19.000581,1883,CARLOS CAMACHO ESPIRITU,63 F ORIENTE,0,P-300,C-3000,2,0,0,SUR-ORIENTE
1882,-98.204715,19.000575,1884,CARLOS CAMACHO ESPIRITU,63 F ORIENTE,0,PEDESTAL,C-3000,0,2,0,SUR-ORIENTE
1883,-98.204709,19.000583,1885,CARLOS CAMACHO ESPIRITU,63 F ORIENTE,0,P-300,C-3000,2,0,0,SUR-ORIENTE
1884,-98.204594,19.000602,1886,CARLOS CAMACHO ESPIRITU,63 F ORIENTE,0,PEDESTAL,C-3000,0,1,0,SUR-ORIENTE
1885,-98.214422,19.027769,1887,CARLOS CAMACHO ESPIRITU,7 SUR,0,PEDESTAL,C-3000,1,0,0,SUR-PONIENTE
1886,-98.214364,19.027629,1888,CARLOS CAMACHO ESPIRITU,7 SUR,0,LATIGO,C-3000,1,0,0,SUR-PONIENTE
1887,-98.214251,19.02814,1889,CARLOS CAMACHO ESPIRITU,7 SUR,0,LATIGO,C-3000,1,0,0,SUR-PONIENTE
1888,-98.159164,18.952892,1890,CARLOS CAMACHO ESPIRITU,A SAN BALTAZAR TETELA,0,LATIGO,C-26,1,0,0,SUR-ORIENTE
1889,-98.159037,18.952826,1891,CARLOS CAMACHO ESPIRITU,A SAN BALTAZAR TETELA,0,PEDESTAL,C-26,2,0,0,SUR-ORIENTE
1890,-98.159031,18.953138,1892,CARLOS CAMACHO ESPIRITU,A SAN BALTAZAR TETELA,0,PEDESTAL,C-26,1,0,0,SUR-ORIENTE
1891,-98.159022,18.953036,1893,CARLOS CAMACHO ESPIRITU,A SAN BALTAZAR TETELA,0,LATIGO,C-26,1,0,0,SUR-ORIENTE
1892,-98.1589,18.952533,1894,CARLOS CAMACHO ESPIRITU,A SAN BALTAZAR TETELA,0,PEDESTAL,C-26,1,0,0,SUR-ORIENTE
1893,-98.209097,19.012587,1895,CARLOS CAMACHO ESPIRITU,DEL LAGO,0,P-300,C-3000,1,0,1,SUR-ORIENTE
1894,-98.209066,19.012673,1896,CARLOS CAMACHO ESPIRITU,DEL LAGO,0,PEDESTAL,C-3000,0,1,0,SUR-ORIENTE
1895,-98.209022,19.012463,1897,CARLOS CAMACHO ESPIRITU,DEL LAGO,0,PEDESTAL,C-3000,0,2,0,SUR-ORIENTE
1896,-98.208977,19.012865,1898,CARLOS CAMACHO ESPIRITU,DEL LAGO,0,P-300,C-3000,2,0,0,SUR-ORIENTE
1897,-98.208901,19.012523,1899,CARLOS CAMACHO ESPIRITU,DEL LAGO,0,P-300,C-3000,2,1,0,SUR-ORIENTE
1898,-98.20887,19.012977,1900,CARLOS CAMACHO ESPIRITU,DEL LAGO,0,P-300,C-3000,1,0,1,SUR-ORIENTE
1899,-98.208792,19.012585,1901,CARLOS CAMACHO ESPIRITU,DEL LAGO,0,PEDESTAL,C-3000,0,1,0,SUR-ORIENTE
1900,-98.198943,18.984025,1902,CARLOS CAMACHO ESPIRITU,ENTRADA A FRACC DE ARBOLEDAS,0,PEDESTAL,C-3000,1,0,0,SUR-ORIENTE
1901,-98.198806,18.984043,1903,CARLOS CAMACHO ESPIRITU,ENTRADA A FRACC DE ARBOLEDAS,0,SRP,C-3000,4,0,0,SUR-ORIENTE
1902,-98.198807,18.983734,1904,CARLOS CAMACHO ESPIRITU,ENTRADA A FRACC DE ARBOLEDAS,0,PEDESTAL,C-216,0,1,0,SUR-ORIENTE
1903,-98.198692,18.983769,1905,CARLOS CAMACHO ESPIRITU,ENTRADA A FRACC DE ARBOLEDAS,0,SRP,C-3000,4,2,0,SUR-ORIENTE
1904,-98.198632,18.983905,1906,CARLOS CAMACHO ESPIRITU,ENTRADA A FRACC DE ARBOLEDAS,0,P-300,C-3000,1,0,0,SUR-ORIENTE
1905,-98.198588,18.983795,1907,CARLOS CAMACHO ESPIRITU,ENTRADA A FRACC DE ARBOLEDAS,0,PEDESTAL,C-3000,0,1,0,SUR-ORIENTE
1906,-98.201562,18.99138,1908,CARLOS CAMACHO ESPIRITU,ENTRADA A VISTA ALEGRE,0,P-300,C-216,1,0,1,SUR-ORIENTE
1907,-98.201371,18.991367,1909,CARLOS CAMACHO ESPIRITU,ENTRADA A VISTA ALEGRE,0,SRP,C-216,4,0,0,SUR-ORIENTE
1908,-98.201293,18.991196,1910,CARLOS CAMACHO ESPIRITU,ENTRADA A VISTA ALEGRE,0,SRP,C-216,4,0,0,SUR-ORIENTE
1909,-98.201174,18.991262,1911,CARLOS CAMACHO ESPIRITU,ENTRADA A VISTA ALEGRE,0,P-300,C-216,1,0,1,SUR-ORIENTE
1910,-98.159422,18.955923,1912,CARLOS CAMACHO ESPIRITU,ESTRADA A SANTO TOMAS CHAUTLA,0,LATIGO,C-26,1,0,1,SUR-ORIENTE
1911,-98.159155,18.956143,1913,CARLOS CAMACHO ESPIRITU,ESTRADA A SANTO TOMAS CHAUTLA,0,LATIGO,C-26,1,0,1,SUR-ORIENTE
1912,-98.184997,18.969584,1914,CARLOS CAMACHO ESPIRITU,GENERAL IGNACIO ZARAGOZA,0,LATIGO,C-3000,1,0,1,SUR-ORIENTE
1913,-98.184927,18.96941,1915,CARLOS CAMACHO ESPIRITU,GENERAL IGNACIO ZARAGOZA,0,LATIGO,C-3000,1,0,0,SUR-ORIENTE
1914,-98.169258,18.960524,1916,CARLOS CAMACHO ESPIRITU,LIBERTAD,0,PEDESTAL,C-26,1,0,0,SUR-ORIENTE
1915,-98.169092,18.96047,1917,CARLOS CAMACHO ESPIRITU,LIBERTAD,0,LATIGO,C-26,1,0,0,SUR-ORIENTE
1916,-98.168918,18.960285,1918,CARLOS CAMACHO ESPIRITU,LIBERTAD,0,DOBLE LATIGO,C-26,2,0,1,SUR-ORIENTE
1917,-98.168737,18.960414,1919,CARLOS CAMACHO ESPIRITU,LIBERTAD,0,LATIGO,C-26,1,0,0,SUR-ORIENTE
1918,-98.193138,18.975884,1920,CARLOS CAMACHO ESPIRITU,LUIS DONALDO COLOSIO,0,SRP,C-3000,4,0,0,SUR-ORIENTE
1919,-98.193004,18.9756,1921,CARLOS CAMACHO ESPIRITU,LUIS DONALDO COLOSIO,0,P-300,C-3000,1,0,1,SUR-ORIENTE
1920,-98.192964,18.975876,1922,CARLOS CAMACHO ESPIRITU,LUIS DONALDO COLOSIO,0,P-300,C-3000,1,0,1,SUR-ORIENTE
1921,-98.192917,18.975489,1923,CARLOS CAMACHO ESPIRITU,LUIS DONALDO COLOSIO,0,PEDESTAL,C-3000,0,1,0,SUR-ORIENTE
1922,-98.192852,18.975544,1924,CARLOS CAMACHO ESPIRITU,LUIS DONALDO COLOSIO,0,SRP,C-3000,4,2,0,SUR-ORIENTE
1923,-98.192767,18.975611,1925,CARLOS CAMACHO ESPIRITU,LUIS DONALDO COLOSIO,0,PEDESTAL,C-3000,0,1,0,SUR-ORIENTE
1924,-98.192153,18.97264,1926,CARLOS CAMACHO ESPIRITU,PERIFERICO ECOLOGICO,0,PEDESTAL,C-3000,0,1,0,SUR-ORIENTE
1925,-98.192142,18.97279,1927,CARLOS CAMACHO ESPIRITU,PERIFERICO ECOLOGICO,0,PEDESTAL,C-3000,0,1,0,SUR-ORIENTE
1926,-98.192135,18.972767,1928,CARLOS CAMACHO ESPIRITU,PERIFERICO ECOLOGICO,0,SRP,C-3000,2,2,1,SUR-ORIENTE
1927,-98.192012,18.972345,1929,CARLOS CAMACHO ESPIRITU,PERIFERICO ECOLOGICO,0,PEDESTAL,C-3000,0,1,0,SUR-ORIENTE
1928,-98.191983,18.972262,1930,CARLOS CAMACHO ESPIRITU,PERIFERICO ECOLOGICO,0,P-300,C-3000,1,1,0,SUR-ORIENTE
1929,-98.191972,18.972245,1931,CARLOS CAMACHO ESPIRITU,PERIFERICO ECOLOGICO,0,PEDESTAL,C-3000,0,1,0,SUR-ORIENTE
1930,-98.191915,18.972886,1932,CARLOS CAMACHO ESPIRITU,PERIFERICO ECOLOGICO,0,PEDESTAL,C-3000,0,1,0,SUR-ORIENTE
1931,-98.191902,18.972867,1933,CARLOS CAMACHO ESPIRITU,PERIFERICO ECOLOGICO,0,SRP,C-3000,2,2,1,SUR-ORIENTE
1932,-98.191891,18.972307,1934,CARLOS CAMACHO ESPIRITU,PERIFERICO ECOLOGICO,0,SRP,C-3000,2,2,1,SUR-ORIENTE
1933,-98.191876,18.972771,1935,CARLOS CAMACHO ESPIRITU,PERIFERICO ECOLOGICO,0,PEDESTAL,C-3000,0,1,0,SUR-ORIENTE
1934,-98.191807,18.972453,1936,CARLOS CAMACHO ESPIRITU,PERIFERICO ECOLOGICO,0,PEDESTAL,C-3000,0,1,0,SUR-ORIENTE
1935,-98.191782,18.972361,1937,CARLOS CAMACHO ESPIRITU,PERIFERICO ECOLOGICO,0,PEDESTAL,C-3000,0,1,0,SUR-ORIENTE
1936,-98.191705,18.972398,1938,CARLOS CAMACHO ESPIRITU,PERIFERICO ECOLOGICO,0,P-300,C-3000,1,1,1,SUR-ORIENTE
1937,-98.161134,18.948153,1939,CARLOS CAMACHO ESPIRITU,PUEBLA,0,LATIGO,C-26,1,0,0,SUR-ORIENTE
1938,-98.161096,18.948261,1940,CARLOS CAMACHO ESPIRITU,PUEBLA,0,PEDESTAL,C-26,1,0,0,SUR-ORIENTE
1939,-98.160944,18.948027,1941,CARLOS CAMACHO ESPIRITU,PUEBLA,0,PEDESTAL,C-26,1,0,0,SUR-ORIENTE
1940,-98.160929,18.948089,1942,CARLOS CAMACHO ESPIRITU,PUEBLA,0,LATIGO,C-26,1,0,0,SUR-ORIENTE
1941,-98.209991,19.015306,1943,CARLOS CAMACHO ESPIRITU,SAN FRANCISCO,0,P-300,C-3000,1,1,0,SUR-ORIENTE
1942,-98.20988,19.015,1944,CARLOS CAMACHO ESPIRITU,SAN FRANCISCO,0,PEDESTAL,C-3000,0,1,0,SUR-ORIENTE
1943,-98.20986,19.015352,1945,CARLOS CAMACHO ESPIRITU,SAN FRANCISCO,0,P-300,C-3000,2,0,0,SUR-ORIENTE
1944,-98.209789,19.015052,1946,CARLOS CAMACHO ESPIRITU,SAN FRANCISCO,0,P-300,C-3000,2,0,0,SUR-ORIENTE
1945,-98.209784,19.015031,1947,CARLOS CAMACHO ESPIRITU,SAN FRANCISCO,0,PEDESTAL,C-3000,0,1,0,SUR-ORIENTE
1946,-98.209707,19.015272,1948,CARLOS CAMACHO ESPIRITU,SAN FRANCISCO,0,PEDESTAL,C-3000,0,1,0,SUR-ORIENTE
1947,-98.209676,19.015152,1949,CARLOS CAMACHO ESPIRITU,SAN FRANCISCO,0,PEDESTAL,C-3000,1,1,0,SUR-ORIENTE
1948,-98.209663,19.015069,1950,CARLOS CAMACHO ESPIRITU,SAN FRANCISCO,0,PEDESTAL,C-3000,0,1,0,SUR-ORIENTE
1949,-98.200949,18.989541,1951,CARLOS CAMACHO ESPIRITU,SAN IGNACIO NORTE,0,P-300,C-3000,1,1,0,SUR-ORIENTE
1950,-98.200741,18.989614,1952,CARLOS CAMACHO ESPIRITU,SAN IGNACIO NORTE,0,SRP,C-3000,4,0,0,SUR-ORIENTE
1951,-98.200724,18.989254,1953,CARLOS CAMACHO ESPIRITU,SAN IGNACIO NORTE,0,PEDESTAL,C-3000,0,1,0,SUR-ORIENTE
1952,-98.200621,18.989241,1954,CARLOS CAMACHO ESPIRITU,SAN IGNACIO NORTE,0,SRP,C-3000,4,0,0,SUR-ORIENTE
1953,-98.200612,18.989591,1955,CARLOS CAMACHO ESPIRITU,SAN IGNACIO NORTE,0,P-300,C-3000,1,1,0,SUR-ORIENTE
1954,-98.200497,18.989254,1956,CARLOS CAMACHO ESPIRITU,SAN IGNACIO NORTE,0,PEDESTAL,C-3000,1,1,0,SUR-ORIENTE
1955,-98.192427,18.974243,1957,CARLOS CAMACHO ESPIRITU,TERMINAL VALSEQUILLO,0,PEDESTAL,C-3000,0,1,0,SUR-ORIENTE
1956,-98.192333,18.974535,1958,CARLOS CAMACHO ESPIRITU,TERMINAL VALSEQUILLO,0,P-300,C-3000,1,0,0,SUR-ORIENTE
1957,-98.192328,18.974271,1959,CARLOS CAMACHO ESPIRITU,TERMINAL VALSEQUILLO,0,SRP,C-3000,4,2,0,SUR-ORIENTE
1958,-98.192296,18.97366,1960,CARLOS CAMACHO ESPIRITU,TERMINAL VALSEQUILLO,0,PEDESTAL,C-3000,1,0,0,SUR-ORIENTE
1959,-98.192283,18.973487,1961,CARLOS CAMACHO ESPIRITU,TERMINAL VALSEQUILLO,0,P-300,C-3000,1,0,0,SUR-ORIENTE
1960,-98.192263,18.974372,1962,CARLOS CAMACHO ESPIRITU,TERMINAL VALSEQUILLO,0,P-300,C-3000,1,0,0,SUR-ORIENTE
1961,-98.192224,18.97428,1963,CARLOS CAMACHO ESPIRITU,TERMINAL VALSEQUILLO,0,PEDESTAL,C-3000,0,1,0,SUR-ORIENTE
1962,-98.192088,18.973867,1964,CARLOS CAMACHO ESPIRITU,TERMINAL VALSEQUILLO,0,P-300,C-3000,2,0,0,SUR-ORIENTE
1963,-98.192078,18.973829,1965,CARLOS CAMACHO ESPIRITU,TERMINAL VALSEQUILLO,0,P-300,C-3000,1,0,0,SUR-ORIENTE
1964,-98.203673,18.997413,1966,CARLOS CAMACHO ESPIRITU,UNAM,0,PEDESTAL,C-3000,1,0,0,SUR-ORIENTE
1965,-98.203637,18.997629,1967,CARLOS CAMACHO ESPIRITU,UNAM,0,P-300,C-3000,2,0,1,SUR-ORIENTE
1966,-98.203584,18.997446,1968,CARLOS CAMACHO ESPIRITU,UNAM,0,P-300,C-3000,2,2,0,SUR-ORIENTE
1967,-98.203484,18.997472,1969,CARLOS CAMACHO ESPIRITU,UNAM,0,PEDESTAL,C-3000,1,0,0,SUR-ORIENTE
1968,-98.199134,19.06636,1970,CARMEN SERDAN,15 NORTE,0,P-300,C-208,1,0,0,NOR-PONIENTE
1969,-98.199054,19.06619,1971,CARMEN SERDAN,15 NORTE,0,P-300,C-208,1,0,1,NOR-PONIENTE
1970,-98.198983,19.066244,1972,CARMEN SERDAN,15 NORTE,0,P-300,C-208,1,0,0,NOR-PONIENTE
1971,-98.201239,19.070259,1973,CARMEN SERDAN,19 NORTE,0,LATIGO,C-208,1,0,1,NOR-PONIENTE
1972,-98.201193,19.070054,1974,CARMEN SERDAN,19 NORTE,0,LATIGO,C-208,1,0,1,NOR-PONIENTE
1973,-98.200297,19.068318,1975,CARMEN SERDAN,21 NORTE,0,P-300,C-208,1,0,0,NOR-PONIENTE
1974,-98.200264,19.068393,1976,CARMEN SERDAN,21 NORTE,0,LATIGO,C-208,1,0,1,NOR-PONIENTE
1975,-98.200123,19.068051,1977,CARMEN SERDAN,21 NORTE,0,LATIGO,C-208,1,0,1,NOR-PONIENTE
1976,-98.199927,19.067807,1978,CARMEN SERDAN,21 NORTE,0,P-300,C-208,1,0,0,NOR-PONIENTE
1977,-98.199901,19.068029,1979,CARMEN SERDAN,21 NORTE,0,P-300,C-208,1,0,0,NOR-PONIENTE
1978,-98.205408,19.084317,1980,CARMEN SERDAN,5 DE FEBRERO,0,LATIGO,C-210,1,0,0,NOR-PONIENTE
1979,-98.20525,19.08448,1981,CARMEN SERDAN,5 DE FEBRERO,0,LATIGO,C-210,1,0,1,NOR-PONIENTE
1980,-98.20524,19.084266,1982,CARMEN SERDAN,5 DE FEBRERO,0,LATIGO,C-210,1,0,1,NOR-PONIENTE
1981,-98.205234,19.084298,1983,CARMEN SERDAN,5 DE FEBRERO,0,PEDESTAL,C-210,1,0,0,NOR-PONIENTE
1982,-98.204277,19.079136,1984,CARMEN SERDAN,EMILIANO ZAPATO,0,PEDESTAL,C-208,1,0,0,NOR-PONIENTE
1983,-98.204233,19.079605,1985,CARMEN SERDAN,EMILIANO ZAPATO,0,LATIGO,C-208,1,0,0,NOR-PONIENTE
1984,-98.204207,19.079379,1986,CARMEN SERDAN,EMILIANO ZAPATO,0,LATIGO,C-208,1,0,1,NOR-PONIENTE
1985,-98.204059,19.079433,1987,CARMEN SERDAN,EMILIANO ZAPATO,0,PEDESTAL,C-208,1,0,1,NOR-PONIENTE
1986,-98.202827,19.074241,1988,CARMEN SERDAN,HEROES DEL 5 DE MAYO,0,PEDESTAL,C-208,0,1,0,NOR-PONIENTE
1987,-98.202704,19.074209,1989,CARMEN SERDAN,HEROES DEL 5 DE MAYO,0,PEDESTAL,C-208,0,2,0,NOR-PONIENTE
1988,-98.202665,19.074109,1990,CARMEN SERDAN,HEROES DEL 5 DE MAYO,0,P-300,C-208,2,0,0,NOR-PONIENTE
1989,-98.20266,19.074215,1991,CARMEN SERDAN,HEROES DEL 5 DE MAYO,0,P-300,C-208,1,0,1,NOR-PONIENTE
1990,-98.20262,19.073997,1992,CARMEN SERDAN,HEROES DEL 5 DE MAYO,0,P-300,C-208,2,0,0,NOR-PONIENTE
1991,-98.202598,19.07387,1993,CARMEN SERDAN,HEROES DEL 5 DE MAYO,0,PEDESTAL,C-208,0,2,0,NOR-PONIENTE
1992,-98.202591,19.073792,1994,CARMEN SERDAN,HEROES DEL 5 DE MAYO,0,P-300,C-208,2,0,0,NOR-PONIENTE
1993,-98.202574,19.073799,1995,CARMEN SERDAN,HEROES DEL 5 DE MAYO,0,PEDESTAL,C-208,1,0,0,NOR-PONIENTE
1994,-98.202536,19.074238,1996,CARMEN SERDAN,HEROES DEL 5 DE MAYO,0,P-300,C-208,1,0,1,NOR-PONIENTE
1995,-98.202502,19.07417,1997,CARMEN SERDAN,HEROES DEL 5 DE MAYO,0,PEDESTAL,C-208,0,1,0,NOR-PONIENTE
1996,-98.202469,19.073914,1998,CARMEN SERDAN,HEROES DEL 5 DE MAYO,0,PEDESTAL,C-208,1,1,0,NOR-PONIENTE
1997,-98.201204,19.017197,1999,JUAN PABLO II,14 SUR,0,LATIGO,C-208,1,0,1,SUR-ORIENTE
1998,-98.201181,19.016918,2000,JUAN PABLO II,14 SUR,0,LATIGO,C-208,1,0,1,SUR-ORIENTE
1999,-98.201085,19.017153,2001,JUAN PABLO II,14 SUR,0,LATIGO,C-208,1,0,1,SUR-ORIENTE
2000,-98.201024,19.016874,2002,JUAN PABLO II,14 SUR,0,LATIGO,C-208,1,0,0,SUR-ORIENTE
2001,-98.198856,19.01606,2003,JUAN PABLO II,18 SUR,0,LATIGO,C-26,1,0,1,SUR-ORIENTE
2002,-98.198763,19.015811,2004,JUAN PABLO II,18 SUR,0,LATIGO,C-26,1,0,1,SUR-ORIENTE
2003,-98.198665,19.015763,2005,JUAN PABLO II,18 SUR,0,LATIGO,C-26,1,0,1,SUR-ORIENTE
2004,-98.198589,19.015997,2006,JUAN PABLO II,18 SUR,0,LATIGO,C-26,1,0,0,SUR-ORIENTE
2005,-98.223549,19.031487,2007,JUAN PABLO II,19 SUR,0,PEDESTAL,C-208,1,0,0,SUR-PONIENTE
2006,-98.223538,19.031697,2008,JUAN PABLO II,19 SUR,0,PEDESTAL,C-208,1,0,0,SUR-PONIENTE
2007,-98.223522,19.031458,2009,JUAN PABLO II,19 SUR,0,LATIGO,C-208,1,0,1,SUR-PONIENTE
2008,-98.210057,19.021765,2010,JUAN PABLO II,2 SUR,0,LATIGO,C-208,1,0,1,SUR-ORIENTE
2009,-98.209964,19.02197,2011,JUAN PABLO II,2 SUR,0,LATIGO,C-208,1,0,1,SUR-ORIENTE
2010,-98.209899,19.021745,2012,JUAN PABLO II,2 SUR,0,LATIGO,C-208,1,0,0,SUR-ORIENTE
2011,-98.208397,19.021026,2013,JUAN PABLO II,20 DE NOVIEMBRE,0,LATIGO,C-208,1,0,1,SUR-ORIENTE
2012,-98.208382,19.021031,2014,JUAN PABLO II,20 DE NOVIEMBRE,0,LATIGO,C-208,1,0,0,SUR-ORIENTE
2013,-98.208381,19.020741,2015,JUAN PABLO II,20 DE NOVIEMBRE,0,LATIGO,C-208,1,0,1,SUR-ORIENTE
2014,-98.196092,19.014883,2016,JUAN PABLO II,22 SUR,0,LATIGO,C-208,1,0,0,SUR-ORIENTE
2015,-98.196073,19.014673,2017,JUAN PABLO II,22 SUR,0,PEDESTAL,C-208,1,0,0,SUR-ORIENTE
2016,-98.195921,19.014863,2018,JUAN PABLO II,22 SUR,0,PEDESTAL,C-208,1,0,0,SUR-ORIENTE
2017,-98.195843,19.014604,2019,JUAN PABLO II,22 SUR,0,LATIGO,C-208,1,0,0,SUR-ORIENTE
2018,-98.192891,19.013586,2020,JUAN PABLO II,24 SUR,0,LATIGO,C-26,1,0,1,SUR-ORIENTE
2019,-98.192868,19.013548,2021,JUAN PABLO II,24 SUR,0,LATIGO,C-26,1,0,1,SUR-ORIENTE
2020,-98.228172,19.040501,2022,JUAN PABLO II,29 SUR,0,PEDESTAL,C-208,1,0,0,SUR-PONIENTE
2021,-98.228096,19.0406,2023,JUAN PABLO II,29 SUR,0,LATIGO,C-208,1,0,0,SUR-PONIENTE
2022,-98.228063,19.040614,2024,JUAN PABLO II,29 SUR,0,PEDESTAL,C-208,1,0,0,SUR-PONIENTE
2023,-98.228044,19.040433,2025,JUAN PABLO II,29 SUR,0,BANDERA,C-208,2,0,1,SUR-PONIENTE
2024,-98.231274,19.042286,2026,JUAN PABLO II,33 SUR,0,LATIGO,C-208,1,0,0,SUR-PONIENTE
2025,-98.23122,19.042003,2027,JUAN PABLO II,33 SUR,0,PEDESTAL,C-208,1,0,0,SUR-PONIENTE
2026,-98.231158,19.042096,2028,JUAN PABLO II,33 SUR,0,PEDESTAL,C-208,1,0,0,SUR-PONIENTE
2027,-98.231112,19.042257,2029,JUAN PABLO II,33 SUR,0,PEDESTAL,C-208,1,0,0,SUR-PONIENTE
2028,-98.222662,19.030384,2030,JUAN PABLO II,49 PONIENTE,0,PEDESTAL,C-208,1,0,0,SUR-PONIENTE
2029,-98.222638,19.030425,2031,JUAN PABLO II,49 PONIENTE,0,MP-01,C-208,1,0,0,SUR-PONIENTE
2030,-98.222635,19.030442,2032,JUAN PABLO II,49 PONIENTE,0,LATIGO,C-208,1,0,0,SUR-PONIENTE
2031,-98.222408,19.03016,2033,JUAN PABLO II,49 PONIENTE,0,LATIGO,C-208,1,0,1,SUR-PONIENTE
2032,-98.222395,19.030419,2034,JUAN PABLO II,49 PONIENTE,0,PEDESTAL,C-208,1,0,0,SUR-PONIENTE
2033,-98.214846,19.023709,2035,JUAN PABLO II,5 SUR,0,PEDESTAL,C-208,1,0,0,SUR-PONIENTE
2034,-98.214766,19.023682,2036,JUAN PABLO II,5 SUR,0,LATIGO,C-208,1,0,0,SUR-PONIENTE
2035,-98.214724,19.023745,2037,JUAN PABLO II,5 SUR,0,LATIGO,C-208,1,0,0,SUR-PONIENTE
2036,-98.214686,19.023816,2038,JUAN PABLO II,5 SUR,0,LATIGO,C-208,1,0,0,SUR-PONIENTE
2037,-98.217562,19.025664,2039,JUAN PABLO II,9 SUR,0,PEDESTAL,C-26,1,0,0,SUR-PONIENTE
2038,-98.217332,19.025841,2040,JUAN PABLO II,9 SUR,0,PEDESTAL,C-26,1,0,0,SUR-PONIENTE
2039,-98.217287,19.025677,2041,JUAN PABLO II,9 SUR,0,PEDESTAL,C-26,1,0,0,SUR-PONIENTE
2040,-98.206189,19.019799,2042,JUAN PABLO II,AQUILES SERDAN,0,LATIGO,C-26,1,0,1,SUR-ORIENTE
2041,-98.206171,19.019554,2043,JUAN PABLO II,AQUILES SERDAN,0,PEDESTAL,C-26,1,0,0,SUR-ORIENTE
2042,-98.20614,19.019562,2044,JUAN PABLO II,AQUILES SERDAN,0,LATIGO,C-26,1,0,1,SUR-ORIENTE
2043,-98.189679,19.011818,2045,JUAN PABLO II,CORRALEJO,0,LATIGO,C-208,2,0,2,SUR-ORIENTE
2044,-98.202913,19.018009,2046,JUAN PABLO II,EJIDO,0,LATIGO,C-208,1,0,1,SUR-ORIENTE
2045,-98.202892,19.017764,2047,JUAN PABLO II,EJIDO,0,PEDESTAL,C-208,1,0,0,SUR-ORIENTE
2046,-98.202875,19.018023,2048,JUAN PABLO II,EJIDO,0,PEDESTAL,C-208,1,0,0,SUR-ORIENTE
2047,-98.202841,19.017778,2049,JUAN PABLO II,EJIDO,0,LATIGO,C-26,1,0,1,SUR-ORIENTE
2048,-98.204839,19.018909,2050,JUAN PABLO II,EMILIANO ZAPATA,0,PEDESTAL,C-208,1,0,0,SUR-ORIENTE
2049,-98.204775,19.019101,2051,JUAN PABLO II,EMILIANO ZAPATA,0,LATIGO,C-208,1,0,0,SUR-ORIENTE
2050,-98.204754,19.018862,2052,JUAN PABLO II,EMILIANO ZAPATA,0,LATIGO,C-208,1,0,1,SUR-ORIENTE
2051,-98.224608,19.033219,2053,JUAN PABLO II,LA NORIA,0,PEDESTAL,C-208,0,1,0,SUR-PONIENTE
2052,-98.224451,19.03319,2054,JUAN PABLO II,LA NORIA,0,LATIGO,C-208,1,0,1,SUR-PONIENTE
2053,-98.224445,19.033171,2055,JUAN PABLO II,LA NORIA,0,LATIGO,C-208,1,0,1,SUR-PONIENTE
2054,-98.224239,19.033167,2056,JUAN PABLO II,LA NORIA,0,PEDESTAL,C-208,0,1,0,SUR-PONIENTE
2055,-98.201322,19.006787,2057,CIRCUNVALACION,18 SUR,0,LATIGO,C-26,1,0,0,SUR-ORIENTE
2056,-98.201208,19.006468,2058,CIRCUNVALACION,18 SUR,0,PEDESTAL,C-26,1,0,0,SUR-ORIENTE
2057,-98.201129,19.006755,2059,CIRCUNVALACION,18 SUR,0,PEDESTAL,C-26,1,0,0,SUR-ORIENTE
2058,-98.201038,19.006465,2060,CIRCUNVALACION,18 SUR,0,LATIGO,C-26,1,0,0,SUR-ORIENTE
2059,-98.240725,19.021757,2061,COMULO DE VIRGO,CIENCIAS DE LA COMUNICACION,0,PEDESTAL,C-26,0,1,0,SUR-PONIENTE
2060,-98.240681,19.02191,2062,COMULO DE VIRGO,CIENCIAS DE LA COMUNICACION,0,LATIGO,C-26,1,1,1,SUR-PONIENTE
2061,-98.240674,19.021852,2063,COMULO DE VIRGO,CIENCIAS DE LA COMUNICACION,0,LATIGO,C-26,1,1,1,SUR-PONIENTE
2062,-98.24063,19.022009,2064,COMULO DE VIRGO,CIENCIAS DE LA COMUNICACION,0,PEDESTAL,C-26,0,1,0,SUR-PONIENTE
2063,-98.21071,19.017183,2065,CORREGIDORA,CARLOS CAMACHO ESPIRITU,0,PEDESTAL,C-3000,0,1,0,SUR-ORIENTE
2064,-98.210679,19.017048,2066,CORREGIDORA,CARLOS CAMACHO ESPIRITU,0,PEDESTAL,C-3000,1,1,0,SUR-ORIENTE
2065,-98.210539,19.016749,2067,CORREGIDORA,CARLOS CAMACHO ESPIRITU,0,PEDESTAL,C-3000,0,1,0,SUR-ORIENTE
2066,-98.210531,19.017221,2068,CORREGIDORA,CARLOS CAMACHO ESPIRITU,0,P-300,C-3000,2,0,0,SUR-ORIENTE
2067,-98.210413,19.016775,2069,CORREGIDORA,CARLOS CAMACHO ESPIRITU,0,P-300,C-3000,2,1,0,SUR-ORIENTE
2068,-98.210318,19.016951,2070,CORREGIDORA,CARLOS CAMACHO ESPIRITU,0,PEDESTAL,C-3000,1,0,0,SUR-ORIENTE
2069,-98.210275,19.016805,2071,CORREGIDORA,CARLOS CAMACHO ESPIRITU,0,PEDESTAL,C-3000,0,1,0,SUR-ORIENTE
2070,-98.185655,19.009782,2072,DE LA 38 SUR,FIDEL VELAZQUEZ,0,LATIGO,C-26,1,0,0,SUR-ORIENTE
2071,-98.185482,19.009484,2073,DE LA 38 SUR,FIDEL VELAZQUEZ,0,LATIGO,C-26,1,0,1,SUR-ORIENTE
2072,-98.215203,18.995114,2074,DE LAS TORRES,10 SUR,0,LATIGO,C-26,1,0,1,SUR-ORIENTE
2073,-98.215174,18.995133,2075,DE LAS TORRES,10 SUR,0,LATIGO,C-26,1,0,1,SUR-ORIENTE
2074,-98.21517,18.994823,2076,DE LAS TORRES,10 SUR,0,LATIGO,C-26,1,0,1,SUR-ORIENTE
2075,-98.215155,18.994831,2077,DE LAS TORRES,10 SUR,0,LATIGO,C-26,1,0,0,SUR-ORIENTE
2076,-98.24068,19.005535,2078,DE LAS TORRES,13 SUR,0,MG-10,C-26,2,0,1,SUR-PONIENTE
2077,-98.240486,19.005432,2079,DE LAS TORRES,13 SUR,0,PEDESTAL,C-26,1,0,0,SUR-PONIENTE
2078,-98.240424,19.005395,2080,DE LAS TORRES,13 SUR,0,MG-10,C-26,2,0,0,SUR-PONIENTE
2079,-98.225773,18.998955,2081,DE LAS TORRES,3 SUR,0,PEDESTAL,C-26,1,0,0,SUR-PONIENTE
2080,-98.225749,18.999086,2082,DE LAS TORRES,3 SUR,0,LATIGO,C-26,1,0,0,SUR-PONIENTE
2081,-98.225639,18.99914,2083,DE LAS TORRES,3 SUR,0,PEDESTAL,C-26,1,0,0,SUR-PONIENTE
2082,-98.225607,18.998968,2084,DE LAS TORRES,3 SUR,0,LATIGO,C-26,1,0,1,SUR-PONIENTE
2083,-98.230587,19.001804,2085,DE LAS TORRES,ALLENDE,0,PEDESTAL,C-26,1,0,0,SUR-PONIENTE
2084,-98.230572,19.001564,2086,DE LAS TORRES,ALLENDE,0,PEDESTAL,C-26,1,0,0,SUR-PONIENTE
2085,-98.230541,19.001912,2087,DE LAS TORRES,ALLENDE,0,LATIGO,C-26,1,0,1,SUR-PONIENTE
2086,-98.230449,19.001698,2088,DE LAS TORRES,ALLENDE,0,LATIGO,C-26,1,0,1,SUR-PONIENTE
2087,-98.245787,19.011546,2089,DE LAS TORRES,ENTRADA A LA CIMA,0,MG-10,C-208,2,0,1,SUR-PONIENTE
2088,-98.245686,19.011215,2090,DE LAS TORRES,ENTRADA A LA CIMA,0,MG-10,C-208,2,0,2,SUR-PONIENTE
2089,-98.22954,19.001009,2091,DE LAS TORRES,ENTRADA A SORIANA,0,PEDESTAL,C-26,1,0,0,SUR-PONIENTE
2090,-98.229441,19.001164,2092,DE LAS TORRES,ENTRADA A SORIANA,0,MG-10,C-26,1,0,1,SUR-PONIENTE
2091,-98.22931,19.001072,2093,DE LAS TORRES,ENTRADA A SORIANA,0,MG-10,C-26,2,0,1,SUR-PONIENTE
2092,-98.244173,19.007554,2094,DE LAS TORRES,LAS CARMELITAS,0,MG-10,C-208,2,0,0,SUR-PONIENTE
2093,-98.244032,19.007669,2095,DE LAS TORRES,LAS CARMELITAS,0,PEDESTAL,C-208,2,0,0,SUR-PONIENTE
2094,-98.243978,19.007519,2096,DE LAS TORRES,LAS CARMELITAS,0,PEDESTAL,C-208,2,0,0,SUR-PONIENTE
2095,-98.243872,19.007718,2097,DE LAS TORRES,LAS CARMELITAS,0,MG-10,C-208,2,0,0,SUR-PONIENTE
2096,-98.24369,19.007387,2098,DE LAS TORRES,LAS CARMELITAS,0,LATIGO,C-208,1,0,0,SUR-PONIENTE
2097,-98.235506,19.092332,2099,DE OBREROS INDEPENDIENTES,ESTEBAN DE ANTUÑANO,0,PEDESTAL,C-208,1,0,0,NOR-PONIENTE
2098,-98.235344,19.092216,2100,DE OBREROS INDEPENDIENTES,ESTEBAN DE ANTUÑANO,0,PEDESTAL,C-208,1,0,0,NOR-PONIENTE
2099,-98.235317,19.092453,2101,DE OBREROS INDEPENDIENTES,ESTEBAN DE ANTUÑANO,0,PEDESTAL,C-208,1,0,1,NOR-PONIENTE
2100,-98.213055,19.056808,2102,DEFENSORES DE LA REPUBLICA,10 PONIENTE,0,MG-10,C-208,2,0,0,NOR-PONIENTE
2101,-98.213036,19.056658,2103,DEFENSORES DE LA REPUBLICA,10 PONIENTE,0,MG-10,C-208,2,0,0,NOR-PONIENTE
2102,-98.212834,19.056764,2104,DEFENSORES DE LA REPUBLICA,10 PONIENTE,0,MG-10,C-208,4,0,0,NOR-PONIENTE
2103,-98.21274,19.056656,2105,DEFENSORES DE LA REPUBLICA,10 PONIENTE,0,MG-10,C-208,2,0,1,NOR-PONIENTE
2104,-98.197676,19.063278,2106,DEFENSORES DE LA REPUBLICA,11 NORTE,0,PEDESTAL,C-216,0,1,0,NOR-PONIENTE
2105,-98.197408,19.063468,2107,DEFENSORES DE LA REPUBLICA,11 NORTE,0,MG-10,C-216,2,2,0,NOR-PONIENTE
2106,-98.197319,19.063369,2108,DEFENSORES DE LA REPUBLICA,11 NORTE,0,DOBLE LATIGO,C-216,2,2,1,NOR-PONIENTE
2107,-98.197189,19.063398,2109,DEFENSORES DE LA REPUBLICA,11 NORTE,0,PEDESTAL,C-216,0,1,0,NOR-PONIENTE
2108,-98.19711,19.063716,2110,DEFENSORES DE LA REPUBLICA,11 NORTE,0,PEDESTAL,C-216,1,0,0,NOR-PONIENTE
2109,-98.197066,19.063555,2111,DEFENSORES DE LA REPUBLICA,11 NORTE,0,LATIGO,C-216,1,0,1,NOR-PONIENTE
2110,-98.212202,19.057242,2112,DEFENSORES DE LA REPUBLICA,12 PONIENTE,0,PEDESTAL,C-216,0,1,0,NOR-PONIENTE
2111,-98.212095,19.057177,2113,DEFENSORES DE LA REPUBLICA,12 PONIENTE,0,MG-10,C-216,4,2,1,NOR-PONIENTE
2112,-98.211944,19.057116,2114,DEFENSORES DE LA REPUBLICA,12 PONIENTE,0,PEDESTAL,C-216,0,1,0,NOR-PONIENTE
2113,-98.211311,19.057765,2115,DEFENSORES DE LA REPUBLICA,14 PONIENTE,0,LATIGO,C-208,1,0,0,NOR-PONIENTE
2114,-98.211305,19.057785,2116,DEFENSORES DE LA REPUBLICA,14 PONIENTE,0,PEDESTAL,C-208,1,0,0,NOR-PONIENTE
2115,-98.211175,19.057697,2117,DEFENSORES DE LA REPUBLICA,14 PONIENTE,0,PEDESTAL,C-208,1,0,0,NOR-PONIENTE
2116,-98.211004,19.057782,2118,DEFENSORES DE LA REPUBLICA,14 PONIENTE,0,PEDESTAL,C-208,1,0,0,NOR-PONIENTE
2117,-98.210853,19.057724,2119,DEFENSORES DE LA REPUBLICA,14 PONIENTE,0,LATIGO,C-208,1,0,0,NOR-PONIENTE
2118,-98.208575,19.059123,2120,DEFENSORES DE LA REPUBLICA,15 DE MAYO,0,LATIGO,C-26,1,0,0,NOR-PONIENTE
2119,-98.208402,19.059211,2121,DEFENSORES DE LA REPUBLICA,15 DE MAYO,0,LATIGO,C-26,1,0,0,NOR-PONIENTE
2120,-98.209606,19.058677,2122,DEFENSORES DE LA REPUBLICA,18 PONIENTE,0,PEDESTAL,C-208,0,1,0,NOR-PONIENTE
2121,-98.209604,19.058807,2123,DEFENSORES DE LA REPUBLICA,18 PONIENTE,0,LATIGO,C-208,1,0,0,NOR-PONIENTE
2122,-98.209461,19.058632,2124,DEFENSORES DE LA REPUBLICA,18 PONIENTE,0,MG-10,C-208,4,2,0,NOR-PONIENTE
2123,-98.209412,19.05853,2125,DEFENSORES DE LA REPUBLICA,18 PONIENTE,0,PEDESTAL,C-208,0,1,0,NOR-PONIENTE
2124,-98.209247,19.058754,2126,DEFENSORES DE LA REPUBLICA,18 PONIENTE,0,LATIGO,C-208,1,0,1,NOR-PONIENTE
2125,-98.209167,19.058598,2127,DEFENSORES DE LA REPUBLICA,18 PONIENTE,0,LATIGO,C-208,1,0,0,NOR-PONIENTE
2126,-98.207126,19.059898,2128,DEFENSORES DE LA REPUBLICA,22 PONIENTE,0,MG-10,C-208,4,0,0,NOR-PONIENTE
2127,-98.20688,19.060014,2129,DEFENSORES DE LA REPUBLICA,22 PONIENTE,0,MG-10,C-208,2,0,0,NOR-PONIENTE
2128,-98.20417,19.061429,2130,DEFENSORES DE LA REPUBLICA,26 PONIENTE,0,MG-10,C-208,4,0,1,NOR-PONIENTE
2129,-98.204058,19.061608,2131,DEFENSORES DE LA REPUBLICA,26 PONIENTE,0,PEDESTAL,C-208,1,0,0,NOR-PONIENTE
2130,-98.204016,19.061505,2132,DEFENSORES DE LA REPUBLICA,26 PONIENTE,0,MG-10,C-208,4,0,0,NOR-PONIENTE
2131,-98.20322,19.061852,2133,DEFENSORES DE LA REPUBLICA,28 PONIENTE,0,LATIGO,C-208,1,0,1,NOR-PONIENTE
2132,-98.203047,19.061912,2134,DEFENSORES DE LA REPUBLICA,28 PONIENTE,0,LATIGO,C-208,1,0,1,NOR-PONIENTE
2133,-98.202956,19.061812,2135,DEFENSORES DE LA REPUBLICA,28 PONIENTE,0,PEDESTAL,C-208,1,0,0,NOR-PONIENTE
2134,-98.20139,19.062586,2136,DEFENSORES DE LA REPUBLICA,32 PONIENTE,0,P-300,C-208,1,1,0,NOR-PONIENTE
2135,-98.201263,19.062457,2137,DEFENSORES DE LA REPUBLICA,32 PONIENTE,0,MG-10,C-208,4,2,0,NOR-PONIENTE
2136,-98.201201,19.062349,2138,DEFENSORES DE LA REPUBLICA,32 PONIENTE,0,PEDESTAL,C-208,0,1,0,NOR-PONIENTE
2137,-98.201065,19.062509,2139,DEFENSORES DE LA REPUBLICA,32 PONIENTE,0,LATIGO,C-208,1,0,1,NOR-PONIENTE
2138,-98.200945,19.062415,2140,DEFENSORES DE LA REPUBLICA,32 PONIENTE,0,PEDESTAL,C-208,1,0,0,NOR-PONIENTE
2139,-98.200115,19.062791,2141,DEFENSORES DE LA REPUBLICA,34 PONIENTE,0,P-300,C-208,1,0,1,NOR-PONIENTE
2140,-98.199939,19.062834,2142,DEFENSORES DE LA REPUBLICA,34 PONIENTE,0,P-300,C-208,2,0,1,NOR-PONIENTE
2141,-98.216071,19.055299,2143,DEFENSORES DE LA REPUBLICA,4 PONIENTE,0,LATIGO,C-208,1,0,1,NOR-PONIENTE
2142,-98.215807,19.055307,2144,DEFENSORES DE LA REPUBLICA,4 PONIENTE,0,LATIGO,C-208,1,0,1,NOR-PONIENTE
2143,-98.215761,19.05531,2145,DEFENSORES DE LA REPUBLICA,4 PONIENTE,0,PEDESTAL,C-208,1,0,1,NOR-PONIENTE
2144,-98.215466,19.055231,2146,DEFENSORES DE LA REPUBLICA,4 PONIENTE,0,LATIGO,C-208,1,0,0,NOR-PONIENTE
2145,-98.196841,19.063741,2147,DEFENSORES DE LA REPUBLICA,40 PONIENTE,0,LATIGO,C-208,1,0,0,NOR-PONIENTE
2146,-98.196728,19.063654,2148,DEFENSORES DE LA REPUBLICA,40 PONIENTE,0,PEDESTAL,C-208,1,0,0,NOR-PONIENTE
2147,-98.19655,19.063572,2149,DEFENSORES DE LA REPUBLICA,40 PONIENTE,0,PEDESTAL,C-26,1,0,0,NOR-PONIENTE
2148,-98.19655,19.063701,2150,DEFENSORES DE LA REPUBLICA,40 PONIENTE,0,PEDESTAL,C-208,1,0,0,NOR-PONIENTE
2149,-98.196382,19.063629,2151,DEFENSORES DE LA REPUBLICA,40 PONIENTE,0,LATIGO,C-208,1,0,0,NOR-PONIENTE
2150,-98.194475,19.064295,2152,DEFENSORES DE LA REPUBLICA,44 PONIENTE,0,LATIGO,C-208,1,0,1,NOR-PONIENTE
2151,-98.194331,19.064361,2153,DEFENSORES DE LA REPUBLICA,44 PONIENTE,0,LATIGO,C-208,1,0,0,NOR-PONIENTE
2152,-98.194326,19.064325,2154,DEFENSORES DE LA REPUBLICA,44 PONIENTE,0,LATIGO,C-208,1,0,1,NOR-PONIENTE
2153,-98.214882,19.055808,2155,DEFENSORES DE LA REPUBLICA,6 PONIENTE,0,LATIGO,C-26,1,0,1,NOR-PONIENTE
2154,-98.214749,19.055704,2156,DEFENSORES DE LA REPUBLICA,6 PONIENTE,0,LATIGO,C-26,1,0,1,NOR-PONIENTE
2155,-98.21459,19.055797,2157,DEFENSORES DE LA REPUBLICA,6 PONIENTE,0,LATIGO,C-26,1,0,1,NOR-PONIENTE
2156,-98.192847,19.064684,2158,DEFENSORES DE LA REPUBLICA,7 NORTE,0,LATIGO,C-26,1,0,1,NOR-PONIENTE
2157,-98.192735,19.064588,2159,DEFENSORES DE LA REPUBLICA,7 NORTE,0,PEDESTAL,C-26,1,0,0,NOR-PONIENTE
2158,-98.192615,19.064722,2160,DEFENSORES DE LA REPUBLICA,7 NORTE,0,LATIGO,C-26,1,0,0,NOR-PONIENTE
2159,-98.213929,19.056172,2161,DEFENSORES DE LA REPUBLICA,8 PONIENTE,0,LATIGO,C-208,1,0,1,NOR-PONIENTE
2160,-98.213778,19.056258,2162,DEFENSORES DE LA REPUBLICA,8 PONIENTE,0,LATIGO,C-208,1,0,1,NOR-PONIENTE
2161,-98.213639,19.056181,2163,DEFENSORES DE LA REPUBLICA,8 PONIENTE,0,PEDESTAL,C-208,1,0,0,NOR-PONIENTE
2162,-98.182786,19.06465,2164,DEFENSORES DE LA REPUBLICA,AYUNTAMIENTO,0,PEDESTAL,C-208,0,1,0,NOR-ORIENTE
2163,-98.182776,19.064882,2165,DEFENSORES DE LA REPUBLICA,AYUNTAMIENTO,0,PEDESTAL,C-208,0,1,0,NOR-ORIENTE
2164,-98.182726,19.064773,2166,DEFENSORES DE LA REPUBLICA,AYUNTAMIENTO,0,MG-10,C-208,4,2,0,NOR-ORIENTE
2165,-98.18245,19.064762,2167,DEFENSORES DE LA REPUBLICA,AYUNTAMIENTO,0,LATIGO,C-208,1,1,1,NOR-ORIENTE
2166,-98.168032,19.062702,2168,DEFENSORES DE LA REPUBLICA,DEL TRABAJO,0,PEDESTAL,C-208,0,1,0,NOR-ORIENTE
2167,-98.168022,19.062821,2169,DEFENSORES DE LA REPUBLICA,DEL TRABAJO,0,MG-10,C-208,3,2,1,NOR-ORIENTE
2168,-98.167994,19.062923,2170,DEFENSORES DE LA REPUBLICA,DEL TRABAJO,0,PEDESTAL,C-208,0,1,0,NOR-ORIENTE
2169,-98.167853,19.062905,2171,DEFENSORES DE LA REPUBLICA,DEL TRABAJO,0,P-300,C-208,1,0,1,NOR-ORIENTE
2170,-98.167744,19.062787,2172,DEFENSORES DE LA REPUBLICA,DEL TRABAJO,0,MG-10,C-208,2,0,1,NOR-ORIENTE
2171,-98.191534,19.064595,2173,DEFENSORES DE LA REPUBLICA,HEROES DEL 5 DE MAYO,0,P-300,C-216,2,0,0,NOR-PONIENTE
2172,-98.191528,19.064754,2174,DEFENSORES DE LA REPUBLICA,HEROES DEL 5 DE MAYO,0,PEDESTAL,C-216,1,1,0,NOR-PONIENTE
2173,-98.191517,19.064966,2175,DEFENSORES DE LA REPUBLICA,HEROES DEL 5 DE MAYO,0,P-300,C-216,2,1,0,NOR-PONIENTE
2174,-98.191415,19.065135,2176,DEFENSORES DE LA REPUBLICA,HEROES DEL 5 DE MAYO,0,P-300,C-216,1,1,1,NOR-PONIENTE
2175,-98.191378,19.06459,2177,DEFENSORES DE LA REPUBLICA,HEROES DEL 5 DE MAYO,0,P-300,C-216,1,1,1,NOR-PONIENTE
2176,-98.191242,19.065378,2178,DEFENSORES DE LA REPUBLICA,HEROES DEL 5 DE MAYO,0,P-300,C-216,1,1,1,NOR-PONIENTE
2177,-98.191184,19.065227,2179,DEFENSORES DE LA REPUBLICA,HEROES DEL 5 DE MAYO,0,P-300,C-216,1,1,1,NOR-PONIENTE
2178,-98.191149,19.064581,2180,DEFENSORES DE LA REPUBLICA,HEROES DEL 5 DE MAYO,0,PEDESTAL,C-216,1,1,0,NOR-ORIENTE
2179,-98.190963,19.064612,2181,DEFENSORES DE LA REPUBLICA,HEROES DEL 5 DE MAYO,0,P-300,C-216,1,0,1,NOR-ORIENTE
2180,-98.190907,19.065193,2182,DEFENSORES DE LA REPUBLICA,HEROES DEL 5 DE MAYO,0,P-300,C-216,1,0,1,NOR-ORIENTE
2181,-98.190877,19.065202,2183,DEFENSORES DE LA REPUBLICA,HEROES DEL 5 DE MAYO,0,P-300,C-216,2,1,0,NOR-ORIENTE
2182,-98.190787,19.065032,2184,DEFENSORES DE LA REPUBLICA,HEROES DEL 5 DE MAYO,0,PEDESTAL,C-216,1,1,0,NOR-ORIENTE
2183,-98.190764,19.065151,2185,DEFENSORES DE LA REPUBLICA,HEROES DEL 5 DE MAYO,0,PEDESTAL,C-216,0,2,0,NOR-ORIENTE
2184,-98.180198,19.064377,2186,DEFENSORES DE LA REPUBLICA,GENERAL IGNACIO ZARAGOZA,0,P-300,C-210,1,1,0,NOR-ORIENTE
2185,-98.180126,19.064515,2187,DEFENSORES DE LA REPUBLICA,GENERAL IGNACIO ZARAGOZA,0,MG-10,C-210,4,2,0,NOR-ORIENTE
2186,-98.179929,19.06463,2188,DEFENSORES DE LA REPUBLICA,GENERAL IGNACIO ZARAGOZA,0,P-300,C-210,1,2,0,NOR-ORIENTE
2187,-98.179919,19.064332,2189,DEFENSORES DE LA REPUBLICA,GENERAL IGNACIO ZARAGOZA,0,P-300,C-210,1,0,0,NOR-ORIENTE
2188,-98.179753,19.064256,2190,DEFENSORES DE LA REPUBLICA,GENERAL IGNACIO ZARAGOZA,0,PEDESTAL,C-210,0,1,0,NOR-ORIENTE
2189,-98.179696,19.064589,2191,DEFENSORES DE LA REPUBLICA,GENERAL IGNACIO ZARAGOZA,0,P-300,C-210,1,1,0,NOR-ORIENTE
2190,-98.179597,19.064457,2192,DEFENSORES DE LA REPUBLICA,GENERAL IGNACIO ZARAGOZA,0,DOBLE LATIGO,C-210,2,1,0,NOR-ORIENTE
2191,-98.179541,19.064557,2193,DEFENSORES DE LA REPUBLICA,GENERAL IGNACIO ZARAGOZA,0,PEDESTAL,C-210,0,2,0,NOR-ORIENTE
2192,-98.160976,19.060349,2194,DEFENSORES DE LA REPUBLICA,PASEO DE LAS VILLAS,0,PEDESTAL,C-208,1,0,0,NOR-ORIENTE
2193,-98.160912,19.060428,2195,DEFENSORES DE LA REPUBLICA,PASEO DE LAS VILLAS,0,LATIGO,C-208,1,0,1,NOR-ORIENTE
2194,-98.160665,19.059982,2196,DEFENSORES DE LA REPUBLICA,PASEO DE LAS VILLAS,0,LATIGO,C-208,1,0,0,NOR-ORIENTE
2195,-98.160617,19.060234,2197,DEFENSORES DE LA REPUBLICA,PASEO DE LAS VILLAS,0,PEDESTAL,C-208,1,0,0,NOR-ORIENTE
2196,-98.20532,19.060965,2198,DEFENSORES DE LA REPUBLICA,PESTALOZZI,0,PEDESTAL,C-216,0,1,0,NOR-PONIENTE
2197,-98.205252,19.060871,2199,DEFENSORES DE LA REPUBLICA,PESTALOZZI,0,MG-10,C-216,4,2,0,NOR-PONIENTE
2198,-98.205192,19.060761,2200,DEFENSORES DE LA REPUBLICA,PESTALOZZI,0,PEDESTAL,C-216,0,1,0,NOR-PONIENTE
2199,-98.170411,19.063211,2201,DEFENSORES DE LA REPUBLICA,RICARDO FLORES MAGON,0,LATIGO,C-26,1,0,1,NOR-ORIENTE
2200,-98.170237,19.063168,2202,DEFENSORES DE LA REPUBLICA,RICARDO FLORES MAGON,0,LATIGO,C-26,1,0,0,NOR-ORIENTE
2201,-98.164233,19.062211,2203,DEFENSORES DE LA REPUBLICA,RUTA LA ROSA,0,PEDESTAL,C-208,0,1,0,NOR-ORIENTE
2202,-98.164175,19.062302,2204,DEFENSORES DE LA REPUBLICA,RUTA LA ROSA,0,MG-10,C-208,2,2,0,NOR-ORIENTE
2203,-98.164139,19.062414,2205,DEFENSORES DE LA REPUBLICA,RUTA LA ROSA,0,MG-10,C-208,2,1,1,NOR-ORIENTE
2204,-98.176301,19.063938,2206,DEFENSORES DE LA REPUBLICA,RUTA LOS FUERTES,0,PEDESTAL,C-208,0,1,0,NOR-ORIENTE
2205,-98.176283,19.064055,2207,DEFENSORES DE LA REPUBLICA,RUTA LOS FUERTES,0,MG-10,C-208,2,2,0,NOR-ORIENTE
2206,-98.176204,19.06416,2208,DEFENSORES DE LA REPUBLICA,RUTA LOS FUERTES,0,MG-10,C-208,2,1,0,NOR-ORIENTE
2207,-98.175251,19.06393,2209,DEFENSORES DE LA REPUBLICA,RUTA LOS FUERTES,0,MG-10,C-208,2,1,0,NOR-ORIENTE
2208,-98.175241,19.06405,2210,DEFENSORES DE LA REPUBLICA,RUTA LOS FUERTES,0,PEDESTAL,C-208,0,1,0,NOR-ORIENTE
2209,-98.188017,19.064938,2211,DEFENSORES DE LA REPUBLICA,SANTUARIO,0,PEDESTAL,C-208,0,1,0,NOR-ORIENTE
2210,-98.187912,19.065038,2212,DEFENSORES DE LA REPUBLICA,SANTUARIO,0,MG-10,C-208,4,2,0,NOR-ORIENTE
2211,-98.187896,19.065162,2213,DEFENSORES DE LA REPUBLICA,SANTUARIO,0,PEDESTAL,C-208,0,1,0,NOR-ORIENTE
2212,-98.187584,19.06503,2214,DEFENSORES DE LA REPUBLICA,SANTUARIO,0,DOBLE LATIGO,C-208,2,0,1,NOR-ORIENTE
2213,-98.17166,19.063301,2215,DEFENSORES DE LA REPUBLICA,TECNOLOGICO,0,PEDESTAL,C-210,0,1,0,NOR-ORIENTE
2214,-98.171635,19.063462,2216,DEFENSORES DE LA REPUBLICA,TECNOLOGICO,0,MG-10,C-210,4,2,0,NOR-ORIENTE
2215,-98.171633,19.063562,2217,DEFENSORES DE LA REPUBLICA,TECNOLOGICO,0,PEDESTAL,C-210,0,1,0,NOR-ORIENTE
2216,-98.171624,19.063261,2218,DEFENSORES DE LA REPUBLICA,TECNOLOGICO,0,LATIGO,C-210,1,0,0,NOR-ORIENTE
2217,-98.171486,19.063595,2219,DEFENSORES DE LA REPUBLICA,TECNOLOGICO,0,PEDESTAL,C-210,1,0,0,NOR-ORIENTE
2218,-98.171382,19.063413,2220,DEFENSORES DE LA REPUBLICA,TECNOLOGICO,0,PEDESTAL,C-210,1,0,0,NOR-ORIENTE
2219,-98.171313,19.063229,2221,DEFENSORES DE LA REPUBLICA,TECNOLOGICO,0,LATIGO,C-210,1,0,0,NOR-ORIENTE
2220,-98.186028,19.064958,2222,DEFENSORES DE LA REPUBLICA,VICENTE GUERRERO,0,LATIGO,C-208,1,0,1,NOR-ORIENTE
2221,-98.185895,19.064944,2223,DEFENSORES DE LA REPUBLICA,VICENTE GUERRERO,0,DOBLE LATIGO,C-208,3,0,1,NOR-ORIENTE
2222,-98.188161,19.094085,2224,DEL CONDE,MARTIRES DE RIO BLANCO,0,LATIGO,C-26,1,0,0,NOR-PONIENTE
2223,-98.188125,19.094291,2225,DEL CONDE,MARTIRES DE RIO BLANCO,0,LATIGO,C-26,1,0,1,NOR-PONIENTE
2224,-98.187953,19.094491,2226,DEL CONDE,MARTIRES DE RIO BLANCO,0,LATIGO,C-26,1,0,1,NOR-PONIENTE
2225,-98.187756,19.09438,2227,DEL CONDE,MARTIRES DE RIO BLANCO,0,LATIGO,C-26,1,0,0,NOR-PONIENTE
2226,-98.170762,19.069317,2228,DEL TECNOLOGICO,PARQUE PUEBLA,0,PEDESTAL,C-208,0,2,0,NOR-ORIENTE
2227,-98.17074,19.069499,2229,DEL TECNOLOGICO,PARQUE PUEBLA,0,PEDESTAL,C-208,1,1,0,NOR-ORIENTE
2228,-98.170651,19.069287,2230,DEL TECNOLOGICO,PARQUE PUEBLA,0,P-300,C-208,1,2,0,NOR-ORIENTE
2229,-98.170526,19.069267,2231,DEL TECNOLOGICO,PARQUE PUEBLA,0,P-300,C-208,1,1,1,NOR-ORIENTE
2230,-98.17051,19.069452,2232,DEL TECNOLOGICO,PARQUE PUEBLA,0,P-300,C-208,1,0,0,NOR-ORIENTE
2231,-98.217674,19.055325,2233,DEFENSORES DE LA REPUBLICA,2 PONIENTE,0,LATIGO,C-208,2,0,1,NOR-PONIENTE
2232,-98.21765,19.055202,2234,DEFENSORES DE LA REPUBLICA,2 PONIENTE,0,LATIGO,C-208,2,0,1,NOR-PONIENTE
2233,-98.217225,19.055232,2235,DEFENSORES DE LA REPUBLICA,2 PONIENTE,0,LATIGO,C-208,2,0,1,NOR-PONIENTE
2234,-98.19915,19.018186,2236,GENERAL IGNACIO ZARAGOZA,22 DE SPTIEMBRE,0,LATIGO,C-208,1,0,0,SUR-ORIENTE
2235,-98.199043,19.018218,2237,GENERAL IGNACIO ZARAGOZA,22 DE SPTIEMBRE,0,PEDESTAL,C-208,1,0,0,SUR-ORIENTE
2236,-98.198974,19.01842,2238,GENERAL IGNACIO ZARAGOZA,22 DE SPTIEMBRE,0,LATIGO,C-208,1,0,0,SUR-ORIENTE
2237,-98.207045,19.023937,2239,EDUARDO CUE MERLO,20 DE NOVIEMBRE,0,PEDESTAL,C-26,1,0,0,SUR-ORIENTE
2238,-98.206821,19.023759,2240,EDUARDO CUE MERLO,20 DE NOVIEMBRE,0,PEDESTAL,C-26,1,0,0,SUR-ORIENTE
2239,-98.206793,19.023935,2241,EDUARDO CUE MERLO,20 DE NOVIEMBRE,0,PEDESTAL,C-26,1,0,0,SUR-ORIENTE
2240,-98.2044,19.022679,2242,EDUARDO CUE MERLO,AQUILES SERDAN,0,PEDESTAL,C-26,1,0,0,SUR-ORIENTE
2241,-98.204377,19.022499,2243,EDUARDO CUE MERLO,AQUILES SERDAN,0,PEDESTAL,C-26,1,0,0,SUR-ORIENTE
2242,-98.204364,19.022502,2244,EDUARDO CUE MERLO,AQUILES SERDAN,0,PEDESTAL,C-26,1,0,0,SUR-ORIENTE
2243,-98.201256,19.020993,2245,EDUARDO CUE MERLO,EJIDO,0,PEDESTAL,C-208,1,0,0,SUR-ORIENTE
2244,-98.201236,19.021003,2246,EDUARDO CUE MERLO,EJIDO,0,PEDESTAL,C-208,1,0,0,SUR-ORIENTE
2245,-98.201173,19.020846,2247,EDUARDO CUE MERLO,EJIDO,0,PEDESTAL,C-208,1,0,0,SUR-ORIENTE
2246,-98.239188,19.077834,2248,ESTEBAN DE ANTUÑANO,14 PONIENTE,0,LATIGO,C-26,1,0,1,NOR-PONIENTE
2247,-98.238954,19.077924,2249,ESTEBAN DE ANTUÑANO,14 PONIENTE,0,LATIGO,C-26,1,0,0,NOR-PONIENTE
2248,-98.238219,19.088018,2250,ESTEBAN DE ANTUÑANO,15 DE MAYO,0,LATIGO,C-208,1,0,1,NOR-PONIENTE
2249,-98.238155,19.087767,2251,ESTEBAN DE ANTUÑANO,15 DE MAYO,0,LATIGO,C-208,1,0,0,NOR-PONIENTE
2250,-98.238017,19.087991,2252,ESTEBAN DE ANTUÑANO,15 DE MAYO,0,LATIGO,C-208,1,0,0,NOR-PONIENTE
2251,-98.237639,19.056416,2253,ESTEBAN DE ANTUÑANO,17 PONIENTE,0,LATIGO,C-26,1,0,1,SUR-PONIENTE
2252,-98.237397,19.056528,2254,ESTEBAN DE ANTUÑANO,17 PONIENTE,0,LATIGO,C-26,1,0,1,SUR-PONIENTE
2253,-98.238337,19.070858,2255,ESTEBAN DE ANTUÑANO,2 PONIENTE,0,LATIGO,C-208,1,0,0,NOR-PONIENTE
2254,-98.23825,19.070557,2256,ESTEBAN DE ANTUÑANO,2 PONIENTE,0,DOBLE LATIGO,C-208,2,0,0,NOR-PONIENTE
2255,-98.238202,19.052276,2257,ESTEBAN DE ANTUÑANO,25 PONIENTE,0,LATIGO,C-208,1,0,0,SUR-PONIENTE
2256,-98.238086,19.052218,2258,ESTEBAN DE ANTUÑANO,25 PONIENTE,0,LATIGO,C-208,1,0,1,SUR-PONIENTE
2257,-98.238062,19.052428,2259,ESTEBAN DE ANTUÑANO,25 PONIENTE,0,LATIGO,C-208,1,0,1,SUR-PONIENTE
2258,-98.237976,19.052162,2260,ESTEBAN DE ANTUÑANO,25 PONIENTE,0,LATIGO,C-208,1,0,0,SUR-PONIENTE
2259,-98.237947,19.052179,2261,ESTEBAN DE ANTUÑANO,25 PONIENTE,0,LATIGO,C-208,1,0,0,SUR-PONIENTE
2260,-98.238693,19.071903,2262,ESTEBAN DE ANTUÑANO,4 PONIENTE,0,LATIGO,C-208,1,0,1,NOR-PONIENTE
2261,-98.238597,19.071987,2263,ESTEBAN DE ANTUÑANO,4 PONIENTE,0,LATIGO,C-208,1,0,0,NOR-PONIENTE
2262,-98.236653,19.062256,2264,ESTEBAN DE ANTUÑANO,5 PONIENTE,0,LATIGO,C-26,1,0,1,SUR-PONIENTE
2263,-98.23663,19.06244,2265,ESTEBAN DE ANTUÑANO,5 PONIENTE,0,LATIGO,C-26,1,0,1,SUR-PONIENTE
2264,-98.236542,19.062313,2266,ESTEBAN DE ANTUÑANO,5 PONIENTE,0,PEDESTAL,C-26,1,0,0,SUR-PONIENTE
2265,-98.236373,19.063534,2267,ESTEBAN DE ANTUÑANO,59 SUR,0,PEDESTAL,C-208,1,0,0,SUR-PONIENTE
2266,-98.236071,19.091643,2268,ESTEBAN DE ANTUÑANO,ATOYAC,0,LATIGO,C-208,1,0,1,NOR-PONIENTE
2267,-98.23589,19.091669,2269,ESTEBAN DE ANTUÑANO,ATOYAC,0,LATIGO,C-208,1,0,1,NOR-PONIENTE
2268,-98.23849,19.085848,2270,ESTEBAN DE ANTUÑANO,CAMPESTRE DEL BOSQUE,0,LATIGO,C-26,1,0,0,NOR-PONIENTE
2269,-98.238254,19.085799,2271,ESTEBAN DE ANTUÑANO,CAMPESTRE DEL BOSQUE,0,PEDESTAL,C-26,1,0,0,NOR-PONIENTE
2270,-98.238225,19.085974,2272,ESTEBAN DE ANTUÑANO,CAMPESTRE DEL BOSQUE,0,LATIGO,C-26,1,0,0,NOR-PONIENTE
2271,-98.234467,19.092132,2273,ESTEBAN DE ANTUÑANO,FRANCISCO VILLA,0,PEDESTAL,C-26,1,0,0,NOR-PONIENTE
2272,-98.234414,19.092312,2274,ESTEBAN DE ANTUÑANO,FRANCISCO VILLA,0,PEDESTAL,C-26,1,0,0,NOR-PONIENTE
2273,-98.234316,19.092107,2275,ESTEBAN DE ANTUÑANO,FRANCISCO VILLA,0,MP-01,C-26,1,0,0,NOR-PONIENTE
2274,-98.236678,19.064198,2276,ESTEBAN DE ANTUÑANO,REFORMA SUR,0,P-300,C-208,1,1,1,SUR-PONIENTE
2275,-98.236553,19.06414,2277,ESTEBAN DE ANTUÑANO,REFORMA SUR,0,PEDESTAL,C-208,0,2,0,SUR-PONIENTE
2276,-98.236451,19.064165,2278,ESTEBAN DE ANTUÑANO,REFORMA SUR,0,PEDESTAL,C-208,1,1,0,SUR-PONIENTE
2277,-98.236396,19.063921,2279,ESTEBAN DE ANTUÑANO,REFORMA SUR,0,P-300,C-208,1,1,1,SUR-PONIENTE
2278,-98.238882,19.081946,2280,ESTEBAN DE ANTUÑANO,VIA DE FERROCARRIL,0,LATIGO,C-26,1,0,0,NOR-PONIENTE
2279,-98.2387,19.081581,2281,ESTEBAN DE ANTUÑANO,VIA DE FERROCARRIL,0,LATIGO,C-26,1,0,0,NOR-PONIENTE
2280,-98.255329,19.071796,2282,FED MEX-PUE,GUADALAJARA,0,LATIGO,C-26,2,0,0,SUR-PONIENTE
2281,-98.255224,19.0717,2283,FED MEX-PUE,GUADALAJARA,0,PEDESTAL,C-26,1,0,0,SUR-PONIENTE
2282,-98.255053,19.071747,2284,FED MEX-PUE,GUADALAJARA,0,LATIGO,C-26,2,0,0,NOR-PONIENTE
2283,-98.186101,19.009829,2285,FIDEL VELAZQUEZ,BLAS CHUMACERO SANCHEZ,0,LATIGO,C-208,1,0,1,SUR-ORIENTE
2284,-98.185995,19.009534,2286,FIDEL VELAZQUEZ,BLAS CHUMACERO SANCHEZ,0,LATIGO,C-208,1,0,0,SUR-ORIENTE
2285,-98.181725,19.009307,2287,FIDEL VELAZQUEZ,MARIANO MATAMOROS,0,PEDESTAL,C-208,1,0,0,SUR-ORIENTE
2286,-98.181608,19.009274,2288,FIDEL VELAZQUEZ,MARIANO MATAMOROS,0,LATIGO,C-208,1,0,1,SUR-ORIENTE
2287,-98.187679,19.009934,2289,FIDEL VELAZQUEZ,VICENTE GUERRERO,0,PEDESTAL,C-210,1,0,0,SUR-ORIENTE
2288,-98.187675,19.009766,2290,FIDEL VELAZQUEZ,VICENTE GUERRERO,0,PEDESTAL,C-26,1,0,0,SUR-ORIENTE
2289,-98.187668,19.009753,2291,FIDEL VELAZQUEZ,VICENTE GUERRERO,0,LATIGO,C-210,1,0,0,SUR-ORIENTE
2290,-98.187532,19.009555,2292,FIDEL VELAZQUEZ,VICENTE GUERRERO,0,PEDESTAL,C-210,1,0,0,SUR-ORIENTE
2291,-98.187515,19.009687,2293,FIDEL VELAZQUEZ,VICENTE GUERRERO,0,PEDESTAL,C-210,0,1,0,SUR-ORIENTE
2292,-98.187476,19.009863,2294,FIDEL VELAZQUEZ,VICENTE GUERRERO,0,PEDESTAL,C-210,0,1,0,SUR-ORIENTE
2293,-98.187232,19.009775,2295,FIDEL VELAZQUEZ,VICENTE GUERRERO,0,LATIGO,C-210,1,0,0,SUR-ORIENTE
2294,-98.18714,19.009907,2296,FIDEL VELAZQUEZ,VICENTE GUERRERO,0,PEDESTAL,C-210,1,0,0,SUR-ORIENTE
2295,-98.180358,19.027501,2297,GONZALO BAUTISTA CASTILLO,5 DE FEBRERO,0,LATIGO,C-26,1,0,0,SUR-ORIENTE
2296,-98.180272,19.027813,2298,GONZALO BAUTISTA CASTILLO,5 DE FEBRERO,0,LATIGO,C-26,1,0,0,SUR-ORIENTE
2297,-98.180224,19.027556,2299,GONZALO BAUTISTA CASTILLO,5 DE FEBRERO,0,LATIGO,C-26,1,0,0,SUR-ORIENTE
2298,-98.214528,19.058318,2300,GRAN AVENIDA,12 PONIENTE,0,MG-10,C-208,1,0,1,NOR-PONIENTE
2299,-98.214482,19.058457,2301,GRAN AVENIDA,12 PONIENTE,0,PEDESTAL,C-208,1,0,0,NOR-PONIENTE
2300,-98.214318,19.058488,2302,GRAN AVENIDA,12 PONIENTE,0,MG-10,C-208,1,0,0,NOR-PONIENTE
2301,-98.214252,19.058433,2303,GRAN AVENIDA,12 PONIENTE,0,MG-10,C-208,2,0,0,NOR-PONIENTE
2302,-98.213726,19.059093,2304,GRAN AVENIDA,14 PONIENTE,0,PEDESTAL,C-26,1,0,0,NOR-PONIENTE
2303,-98.213722,19.059121,2305,GRAN AVENIDA,14 PONIENTE,0,PEDESTAL,C-26,1,0,0,NOR-PONIENTE
2304,-98.213532,19.05915,2306,GRAN AVENIDA,14 PONIENTE,0,PEDESTAL,C-26,2,0,0,NOR-PONIENTE
2305,-98.21055,19.061686,2307,GRAN AVENIDA,15 DE MAYO,0,PEDESTAL,C-26,1,0,0,NOR-PONIENTE
2306,-98.210426,19.061904,2308,GRAN AVENIDA,15 DE MAYO,0,PEDESTAL,C-26,1,0,0,NOR-PONIENTE
2307,-98.210417,19.06167,2309,GRAN AVENIDA,15 DE MAYO,0,PEDESTAL,C-26,1,0,0,NOR-PONIENTE
2308,-98.210251,19.061786,2310,GRAN AVENIDA,15 DE MAYO,0,PEDESTAL,C-26,1,0,0,NOR-PONIENTE
2309,-98.212461,19.060071,2311,GRAN AVENIDA,18 PONIENTE,0,PEDESTAL,C-26,1,0,0,NOR-PONIENTE
2310,-98.212436,19.060374,2312,GRAN AVENIDA,18 PONIENTE,0,LATIGO,C-26,1,0,0,NOR-PONIENTE
2311,-98.21221,19.060283,2313,GRAN AVENIDA,18 PONIENTE,0,PEDESTAL,C-26,1,0,0,NOR-PONIENTE
2312,-98.212197,19.060123,2314,GRAN AVENIDA,18 PONIENTE,0,LATIGO,C-26,1,0,0,NOR-PONIENTE
2313,-98.208744,19.063916,2315,GRAN AVENIDA,26 PONIENTE,0,LATIGO,C-26,1,0,0,NOR-PONIENTE
2314,-98.208604,19.064117,2316,GRAN AVENIDA,26 PONIENTE,0,PEDESTAL,C-26,1,0,0,NOR-PONIENTE
2315,-98.208564,19.063971,2317,GRAN AVENIDA,26 PONIENTE,0,PEDESTAL,C-26,1,0,0,NOR-PONIENTE
2316,-98.20855,19.064034,2318,GRAN AVENIDA,26 PONIENTE,0,LATIGO,C-26,1,0,0,NOR-PONIENTE
2317,-98.207275,19.065681,2319,GRAN AVENIDA,30 PONIENTE,0,PEDESTAL,C-26,1,0,0,NOR-PONIENTE
2318,-98.207272,19.065643,2320,GRAN AVENIDA,30 PONIENTE,0,LATIGO,C-26,1,0,0,NOR-PONIENTE
2319,-98.207049,19.065642,2321,GRAN AVENIDA,30 PONIENTE,0,LATIGO,C-26,1,0,0,NOR-PONIENTE
2320,-98.206806,19.066197,2322,GRAN AVENIDA,32 PONIENTE,0,LATIGO,C-26,1,0,0,NOR-PONIENTE
2321,-98.206621,19.066247,2323,GRAN AVENIDA,32 PONIENTE,0,LATIGO,C-26,1,0,0,NOR-PONIENTE
2322,-98.206609,19.066194,2324,GRAN AVENIDA,32 PONIENTE,0,PEDESTAL,C-26,1,0,0,NOR-PONIENTE
2323,-98.192227,19.060724,2325,HEROES DEL 5 DE MAYO,40 PONIENTE,DIAGONAL SANTUARIO,P-300,C-3000,3,0,2,NOR-ORIENTE
2324,-98.219999,19.060464,2326,HERMANOS SERDAN,10 PONIENTE,0,LATIGO,C-208,1,0,0,NOR-PONIENTE
2325,-98.21987,19.059992,2327,HERMANOS SERDAN,10 PONIENTE,0,LATIGO,C-208,1,0,1,NOR-PONIENTE
2326,-98.219827,19.060358,2328,HERMANOS SERDAN,10 PONIENTE,0,LATIGO,C-208,1,0,1,NOR-PONIENTE
2327,-98.228457,19.079853,2329,HERMANOS SERDAN,15 DE MAYO,0,PEDESTAL,C-208,0,2,0,NOR-PONIENTE
2328,-98.228431,19.079686,2330,HERMANOS SERDAN,15 DE MAYO,0,PEDESTAL,C-208,1,0,0,NOR-PONIENTE
2329,-98.228364,19.079448,2331,HERMANOS SERDAN,15 DE MAYO,0,PEDESTAL,C-208,0,2,0,NOR-PONIENTE
2330,-98.228329,19.079744,2332,HERMANOS SERDAN,15 DE MAYO,0,LATIGO,C-208,1,2,0,NOR-PONIENTE
2331,-98.228288,19.079388,2333,HERMANOS SERDAN,15 DE MAYO,0,MP-01,C-208,1,2,1,NOR-PONIENTE
2332,-98.228111,19.079759,2334,HERMANOS SERDAN,15 DE MAYO,0,MP-01,C-208,1,2,1,NOR-PONIENTE
2333,-98.227983,19.079441,2335,HERMANOS SERDAN,15 DE MAYO,0,PEDESTAL,C-208,0,1,0,NOR-PONIENTE
2334,-98.227975,19.079307,2336,HERMANOS SERDAN,15 DE MAYO,0,LATIGO,C-208,1,0,0,NOR-PONIENTE
2335,-98.227941,19.079173,2337,HERMANOS SERDAN,15 DE MAYO,0,PEDESTAL,C-208,1,1,0,NOR-PONIENTE
2336,-98.222271,19.063519,2338,HERMANOS SERDAN,37 NORTE,0,LATIGO,C-208,1,0,1,NOR-PONIENTE
2337,-98.221661,19.062551,2339,HERMANOS SERDAN,37 NORTE,0,PEDESTAL,C-208,1,0,0,NOR-PONIENTE
2338,-98.221646,19.062708,2340,HERMANOS SERDAN,37 NORTE,0,PEDESTAL,C-216,1,0,0,NOR-PONIENTE
2339,-98.221267,19.062826,2341,HERMANOS SERDAN,37 NORTE,0,LATIGO,C-216,1,0,1,NOR-PONIENTE
2340,-98.221244,19.062832,2342,HERMANOS SERDAN,37 NORTE,0,LATIGO,C-216,1,0,0,NOR-PONIENTE
2341,-98.229807,19.090732,2343,HERMANOS SERDAN,FRANCISCO VILLA,0,LATIGO,C-216,1,0,1,NOR-PONIENTE
2342,-98.22979,19.090887,2344,HERMANOS SERDAN,FRANCISCO VILLA,0,PEDESTAL,C-216,1,0,0,NOR-PONIENTE
2343,-98.2297,19.091011,2345,HERMANOS SERDAN,FRANCISCO VILLA,0,LATIGO,C-216,1,0,1,NOR-PONIENTE
2344,-98.229555,19.091055,2346,HERMANOS SERDAN,FRANCISCO VILLA,0,LATIGO,C-216,1,0,0,NOR-PONIENTE
2345,-98.229531,19.091058,2347,HERMANOS SERDAN,FRANCISCO VILLA,0,LATIGO,C-216,1,0,0,NOR-PONIENTE
2346,-98.229511,19.090609,2348,HERMANOS SERDAN,FRANCISCO VILLA,0,LATIGO,C-216,1,0,0,NOR-PONIENTE
2347,-98.229352,19.090723,2349,HERMANOS SERDAN,FRANCISCO VILLA,0,LATIGO,C-216,1,0,0,NOR-PONIENTE
2348,-98.229344,19.090694,2350,HERMANOS SERDAN,FRANCISCO VILLA,0,LATIGO,C-216,1,0,1,NOR-PONIENTE
2349,-98.222271,19.063958,2351,HERMANOS SERDAN,SAN FELIPE,0,LATIGO,C-216,1,0,0,NOR-PONIENTE
2350,-98.221872,19.063846,2352,HERMANOS SERDAN,SAN FELIPE,0,LATIGO,C-216,1,0,1,NOR-PONIENTE
2351,-98.221721,19.063481,2353,HERMANOS SERDAN,SAN FELIPE,0,PEDESTAL,C-216,1,0,0,NOR-PONIENTE
2352,-98.192086,19.060694,2354,HEROES DEL 5 DE MAYO,40 DE PONIENTE,DIAGONAL SANTUARIO,PEDESTAL,C-3000,0,2,0,NOR-ORIENTE
2353,-98.196056,19.06943,2355,HEROES DE NACOZARI,15 NORTE,0,P-300,C-216,2,0,0,NOR-PONIENTE
2354,-98.195787,19.069426,2356,HEROES DE NACOZARI,15 NORTE,0,P-300,C-216,1,0,0,NOR-PONIENTE
2355,-98.200877,19.056447,2357,HEROES DE NACOZARI,22 PONIENTE,0,DOBLE LATIGO,C-208,2,0,2,NOR-PONIENTE
2356,-98.200701,19.056383,2358,HEROES DE NACOZARI,22 PONIENTE,0,P-300,C-208,1,0,1,NOR-PONIENTE
2357,-98.199681,19.056914,2359,HEROES DE NACOZARI,24 PONIENTE,0,P-300,C-208,1,0,0,NOR-PONIENTE
2358,-98.199456,19.056855,2360,HEROES DE NACOZARI,24 PONIENTE,0,P-300,C-208,1,0,1,NOR-PONIENTE
2359,-98.198725,19.057277,2361,HEROES DE NACOZARI,26 PONIENTE,0,PEDESTAL,C-216,0,1,0,NOR-PONIENTE
2360,-98.198602,19.057341,2362,HEROES DE NACOZARI,26 PONIENTE,0,P-300,C-216,1,2,0,NOR-PONIENTE
2361,-98.198473,19.057237,2363,HEROES DE NACOZARI,26 PONIENTE,0,P-300,C-216,1,1,1,NOR-PONIENTE
2362,-98.197848,19.057681,2364,HEROES DE NACOZARI,28 PONIENTE,0,P-300,C-216,1,0,0,NOR-PONIENTE
2363,-98.197591,19.057662,2365,HEROES DE NACOZARI,28 PONIENTE,0,P-300,C-216,1,0,1,NOR-PONIENTE
2364,-98.19706,19.058317,2366,HEROES DE NACOZARI,30 PONIENTE,0,P-300,C-216,1,0,0,NOR-PONIENTE
2365,-98.196852,19.058274,2367,HEROES DE NACOZARI,30 PONIENTE,0,P-300,C-216,1,0,1,NOR-PONIENTE
2366,-98.196318,19.05918,2368,HEROES DE NACOZARI,32 PONIENTE,0,P-300,C-216,1,0,0,NOR-PONIENTE
2367,-98.196143,19.059219,2369,HEROES DE NACOZARI,32 PONIENTE,0,P-300,C-216,1,0,1,NOR-PONIENTE
2368,-98.19597,19.060041,2370,HEROES DE NACOZARI,34 PONIENTE,0,P-300,C-216,1,0,0,NOR-PONIENTE
2369,-98.195796,19.060034,2371,HEROES DE NACOZARI,34 PONIENTE,0,P-300,C-216,1,0,1,NOR-PONIENTE
2370,-98.195777,19.060964,2372,HEROES DE NACOZARI,36 PONIENTE,0,P-300,C-216,1,0,0,NOR-PONIENTE
2371,-98.195603,19.060962,2373,HEROES DE NACOZARI,36 PONIENTE,0,P-300,C-216,1,0,2,NOR-PONIENTE
2372,-98.195609,19.061897,2374,HEROES DE NACOZARI,38 PONIENTE,0,P-300,C-216,1,0,0,NOR-PONIENTE
2373,-98.19546,19.061932,2375,HEROES DE NACOZARI,38 PONIENTE,0,P-300,C-216,1,0,1,NOR-PONIENTE
2374,-98.19545,19.062966,2376,HEROES DE NACOZARI,40 PONIENTE,0,P-300,C-216,1,0,0,NOR-PONIENTE
2375,-98.19531,19.062865,2377,HEROES DE NACOZARI,40 PONIENTE,0,P-300,C-216,1,0,1,NOR-PONIENTE
2376,-98.195188,19.064884,2378,HEROES DE NACOZARI,44 PONIENTE,0,P-300,C-216,1,0,1,NOR-PONIENTE
2377,-98.195054,19.064659,2379,HEROES DE NACOZARI,44 PONIENTE,0,P-300,C-216,1,0,0,NOR-PONIENTE
2378,-98.195208,19.065954,2380,HEROES DE NACOZARI,46 PONIENTE,0,P-300,C-208,1,0,0,NOR-PONIENTE
2379,-98.195023,19.065822,2381,HEROES DE NACOZARI,46 PONIENTE,0,P-300,C-208,1,0,0,NOR-PONIENTE
2380,-98.195318,19.064172,2382,HEROES DE NACOZARI,DEFENSORES DE LA REPUBLICA,0,MP-01,C-216,1,0,0,NOR-PONIENTE
2381,-98.195267,19.064236,2383,HEROES DE NACOZARI,DEFENSORES DE LA REPUBLICA,0,P-300,C-216,1,0,1,NOR-PONIENTE
2382,-98.195067,19.064241,2384,HEROES DE NACOZARI,DEFENSORES DE LA REPUBLICA,0,PEDESTAL,C-216,1,0,0,NOR-PONIENTE
2383,-98.194956,19.064157,2385,HEROES DE NACOZARI,DEFENSORES DE LA REPUBLICA,0,MG-10,C-216,4,2,0,NOR-PONIENTE
2384,-98.191205,19.044556,2386,HEROES DEL 5 DE MAYO,10 ORIENTE,0,P-300,C-3000,3,0,2,NOR-ORIENTE
2385,-98.190733,19.045518,2387,HEROES DEL 5 DE MAYO,10 ORIENTE,0,PEDESTAL,C-3000,0,1,0,NOR-ORIENTE
2386,-98.190698,19.045541,2388,HEROES DEL 5 DE MAYO,10 ORIENTE,0,PEDESTAL,C-3000,0,1,0,NOR-ORIENTE
2387,-98.190603,19.045398,2389,HEROES DEL 5 DE MAYO,10 ORIENTE,0,SRP,C-3000,4,0,0,NOR-ORIENTE
2388,-98.190547,19.04562,2390,HEROES DEL 5 DE MAYO,10 ORIENTE,0,P-300,C-3000,2,1,1,NOR-ORIENTE
2389,-98.192767,19.071171,2391,HEROES DEL 5 DE MAYO,11 NORTE,0,PEDESTAL,C-3000,0,1,0,NOR-PONIENTE
2390,-98.192642,19.071347,2392,HEROES DEL 5 DE MAYO,11 NORTE,0,P-300,C-3000,2,2,0,NOR-PONIENTE
2391,-98.192606,19.071115,2393,HEROES DEL 5 DE MAYO,11 NORTE,0,P-300,C-3000,1,0,1,NOR-PONIENTE
2392,-98.192556,19.071464,2394,HEROES DEL 5 DE MAYO,11 NORTE,0,PEDESTAL,C-3000,0,2,0,NOR-PONIENTE
2393,-98.192477,19.071239,2395,HEROES DEL 5 DE MAYO,11 NORTE,0,P-300,C-3000,2,0,0,NOR-PONIENTE
2394,-98.192408,19.071413,2396,HEROES DEL 5 DE MAYO,11 NORTE,0,PEDESTAL,C-3000,0,1,0,NOR-ORIENTE
2395,-98.196574,19.038339,2397,HEROES DEL 5 DE MAYO,11 ORIENTE,0,P-300,C-3000,1,0,1,SUR-ORIENTE
2396,-98.196493,19.038263,2398,HEROES DEL 5 DE MAYO,11 ORIENTE,0,MG-10,C-3000,1,0,1,SUR-ORIENTE
2397,-98.196488,19.038439,2399,HEROES DEL 5 DE MAYO,11 ORIENTE,0,PEDESTAL,C-3000,0,1,0,SUR-ORIENTE
2398,-98.196403,19.038229,2400,HEROES DEL 5 DE MAYO,11 ORIENTE,0,P-300,C-3000,2,0,0,SUR-ORIENTE
2399,-98.196335,19.038334,2401,HEROES DEL 5 DE MAYO,11 ORIENTE,0,P-300,C-3000,2,0,0,SUR-ORIENTE
2400,-98.196242,19.038285,2402,HEROES DEL 5 DE MAYO,11 ORIENTE,0,PEDESTAL,C-3000,0,2,0,SUR-ORIENTE
2401,-98.196165,19.038132,2403,HEROES DEL 5 DE MAYO,11 ORIENTE,0,PEDESTAL,C-3000,0,1,0,SUR-ORIENTE
2402,-98.196117,19.038225,2404,HEROES DEL 5 DE MAYO,11 ORIENTE,0,PEDESTAL,C-3000,0,2,0,SUR-ORIENTE
2403,-98.190584,19.045596,2405,HEROES DEL 5 DE MAYO,12 ORIENTE,0,P-300,C-3000,2,1,1,NOR-ORIENTE
2404,-98.19043,19.045328,2406,HEROES DEL 5 DE MAYO,12 ORIENTE,0,P-300,C-3000,2,0,1,NOR-ORIENTE
2405,-98.190356,19.045526,2407,HEROES DEL 5 DE MAYO,12 ORIENTE,0,SRP,C-3000,4,2,0,NOR-ORIENTE
2406,-98.190711,19.045541,2408,HEROES DEL 5 DE MAYO,14 ORIENTE,0,PEDESTAL,C-216,0,1,0,NOR-ORIENTE
2407,-98.190608,19.045396,2409,HEROES DEL 5 DE MAYO,14 ORIENTE,0,SRP,C-216,4,0,0,NOR-ORIENTE
2408,-98.190571,19.0456,2410,HEROES DEL 5 DE MAYO,14 ORIENTE,0,P-300,C-216,1,0,1,NOR-ORIENTE
2409,-98.190558,19.045614,2411,HEROES DEL 5 DE MAYO,14 ORIENTE,0,P-300,C-216,1,0,1,NOR-ORIENTE
2410,-98.190535,19.045279,2412,HEROES DEL 5 DE MAYO,14 ORIENTE,0,PEDESTAL,C-216,0,1,0,NOR-ORIENTE
2411,-98.190429,19.045332,2413,HEROES DEL 5 DE MAYO,14 ORIENTE,0,P-300,C-216,1,0,1,NOR-ORIENTE
2412,-98.190423,19.045694,2414,HEROES DEL 5 DE MAYO,14 ORIENTE,0,PEDESTAL,C-216,0,1,0,NOR-ORIENTE
2413,-98.190347,19.045519,2415,HEROES DEL 5 DE MAYO,14 ORIENTE,0,SRP,C-216,4,2,0,NOR-ORIENTE
2414,-98.189491,19.048809,2416,HEROES DEL 5 DE MAYO,18 ORIENTE,0,PEDESTAL,C-3000,0,1,0,NOR-ORIENTE
2415,-98.189239,19.048686,2417,HEROES DEL 5 DE MAYO,18 ORIENTE,0,P-300,C-3000,2,2,0,NOR-ORIENTE
2416,-98.189203,19.048918,2418,HEROES DEL 5 DE MAYO,18 ORIENTE,0,P-300,C-3000,2,0,0,NOR-ORIENTE
2417,-98.189041,19.048852,2419,HEROES DEL 5 DE MAYO,18 ORIENTE,0,PEDESTAL,C-3000,0,1,0,NOR-ORIENTE
2418,-98.192581,19.042343,2420,HEROES DEL 5 DE MAYO,2 ORIENTE,0,P-300,C-3000,2,1,1,NOR-ORIENTE
2419,-98.192513,19.042158,2421,HEROES DEL 5 DE MAYO,2 ORIENTE,0,P-300,C-3000,2,0,0,NOR-ORIENTE
2420,-98.192447,19.04227,2422,HEROES DEL 5 DE MAYO,2 ORIENTE,0,P-300,C-3000,2,2,0,NOR-ORIENTE
2421,-98.192386,19.042088,2423,HEROES DEL 5 DE MAYO,2 ORIENTE,0,PEDESTAL,C-3000,0,1,0,NOR-ORIENTE
2422,-98.192332,19.042195,2424,HEROES DEL 5 DE MAYO,2 ORIENTE,0,PEDESTAL,C-3000,0,1,0,NOR-ORIENTE
2423,-98.189536,19.049424,2425,HEROES DEL 5 DE MAYO,20 ORIENTE,18 ORIENTE,P-300,C-3000,2,1,1,NOR-ORIENTE
2424,-98.189389,19.049464,2426,HEROES DEL 5 DE MAYO,20 ORIENTE,0,P-300,C-3000,2,2,0,NOR-ORIENTE
2425,-98.189228,19.048682,2427,HEROES DEL 5 DE MAYO,20 ORIENTE,0,P-300,C-3000,2,0,1,NOR-ORIENTE
2426,-98.189029,19.048556,2428,HEROES DEL 5 DE MAYO,20 ORIENTE,0,P-300,C-3000,2,1,1,NOR-ORIENTE
2427,-98.189493,19.050342,2429,HEROES DEL 5 DE MAYO,22 ORIENTE,0,PEDESTAL,C-3000,0,1,0,NOR-ORIENTE
2428,-98.199373,19.03399,2430,HEROES DEL 5 DE MAYO,23 PONIENTE,0,P-300,C-3000,1,0,1,SUR-ORIENTE
2429,-98.199322,19.034012,2431,HEROES DEL 5 DE MAYO,23 PONIENTE,0,PEDESTAL,C-3000,0,1,0,SUR-ORIENTE
2430,-98.19926,19.033796,2432,HEROES DEL 5 DE MAYO,23 PONIENTE,0,P-300,C-3000,2,1,0,SUR-ORIENTE
2431,-98.199177,19.033889,2433,HEROES DEL 5 DE MAYO,23 PONIENTE,0,PEDESTAL,C-3000,1,0,0,SUR-ORIENTE
2432,-98.198977,19.033721,2434,HEROES DEL 5 DE MAYO,23 PONIENTE,0,P-300,C-3000,2,1,0,SUR-ORIENTE
2433,-98.200024,19.032998,2435,HEROES DEL 5 DE MAYO,25 PONIENTE,0,PEDESTAL,C-3000,0,2,0,SUR-ORIENTE
2434,-98.199904,19.033187,2436,HEROES DEL 5 DE MAYO,25 PONIENTE,0,PEDESTAL,C-3000,0,1,0,SUR-ORIENTE
2435,-98.199881,19.032909,2437,HEROES DEL 5 DE MAYO,25 PONIENTE,0,P-300,C-3000,2,1,0,SUR-ORIENTE
2436,-98.199845,19.032926,2438,HEROES DEL 5 DE MAYO,25 PONIENTE,0,P-300,C-3000,1,0,1,SUR-ORIENTE
2437,-98.199519,19.03274,2439,HEROES DEL 5 DE MAYO,25 PONIENTE,0,PEDESTAL,C-3000,0,1,0,SUR-ORIENTE
2438,-98.199358,19.032905,2440,HEROES DEL 5 DE MAYO,25 PONIENTE,0,P-300,C-3000,2,1,0,SUR-ORIENTE
2439,-98.199296,19.032658,2441,HEROES DEL 5 DE MAYO,25 PONIENTE,0,P-300,C-3000,1,1,1,SUR-ORIENTE
2440,-98.199182,19.032787,2442,HEROES DEL 5 DE MAYO,25 PONIENTE,0,PEDESTAL,C-3000,0,2,0,SUR-ORIENTE
2441,-98.200601,19.032174,2443,HEROES DEL 5 DE MAYO,27 ORIENTE,0,P-300,C-3000,1,0,1,SUR-ORIENTE
2442,-98.200498,19.03207,2444,HEROES DEL 5 DE MAYO,27 ORIENTE,0,P-300,C-3000,2,1,0,SUR-ORIENTE
2443,-98.20027,19.031998,2445,HEROES DEL 5 DE MAYO,27 ORIENTE,0,P-300,C-3000,1,0,1,SUR-ORIENTE
2444,-98.200111,19.032117,2446,HEROES DEL 5 DE MAYO,27 ORIENTE,0,P-300,C-3000,2,0,0,SUR-ORIENTE
2445,-98.200062,19.031889,2447,HEROES DEL 5 DE MAYO,27 ORIENTE,0,PEDESTAL,C-3000,0,1,0,SUR-ORIENTE
2446,-98.192831,19.057243,2448,HEROES DEL 5 DE MAYO,3 NORTE,0,P-300,C-3000,2,2,0,NOR-PONIENTE
2447,-98.192765,19.057247,2449,HEROES DEL 5 DE MAYO,3 NORTE,0,PEDESTAL,C-3000,1,0,0,NOR-ORIENTE
2448,-98.192746,19.057361,2450,HEROES DEL 5 DE MAYO,3 NORTE,0,P-300,C-3000,2,2,0,NOR-ORIENTE
2449,-98.193169,19.040812,2451,HEROES DEL 5 DE MAYO,3 ORIENTE,0,PEDESTAL,C-3000,0,2,0,SUR-ORIENTE
2450,-98.19305,19.040902,2452,HEROES DEL 5 DE MAYO,3 ORIENTE,0,P-300,C-3000,2,1,0,SUR-ORIENTE
2451,-98.211551,19.026121,2453,HEROES DEL 5 DE MAYO,3 SUR,0,LATIGO,C-208,1,0,0,SUR-PONIENTE
2452,-98.211533,19.026114,2454,HEROES DEL 5 DE MAYO,3 SUR,0,LATIGO,C-208,1,0,0,SUR-PONIENTE
2453,-98.211367,19.026068,2455,HEROES DEL 5 DE MAYO,3 SUR,0,LATIGO,C-208,1,0,0,SUR-PONIENTE
2454,-98.201992,19.029889,2456,HEROES DEL 5 DE MAYO,31 ORIENTE,0,PEDESTAL,C-3000,0,1,0,SUR-ORIENTE
2455,-98.201974,19.030432,2457,HEROES DEL 5 DE MAYO,31 ORIENTE,0,P-300,C-3000,1,0,0,SUR-ORIENTE
2456,-98.201876,19.029958,2458,HEROES DEL 5 DE MAYO,31 ORIENTE,0,P-300,C-3000,1,1,1,SUR-ORIENTE
2457,-98.201864,19.03029,2459,HEROES DEL 5 DE MAYO,31 ORIENTE,0,P-300,C-3000,2,0,0,SUR-ORIENTE
2458,-98.201716,19.030208,2460,HEROES DEL 5 DE MAYO,31 ORIENTE,0,P-300,C-3000,1,0,1,SUR-ORIENTE
2459,-98.201521,19.031099,2461,HEROES DEL 5 DE MAYO,31 ORIENTE,0,P-300,C-3000,1,1,1,SUR-ORIENTE
2460,-98.201392,19.030781,2462,HEROES DEL 5 DE MAYO,31 ORIENTE,0,P-300,C-3000,2,0,0,SUR-ORIENTE
2461,-98.20126,19.03094,2463,HEROES DEL 5 DE MAYO,31 ORIENTE,0,PEDESTAL,C-3000,0,1,0,SUR-ORIENTE
2462,-98.201258,19.030916,2464,HEROES DEL 5 DE MAYO,31 ORIENTE,0,P-300,C-3000,2,0,0,SUR-ORIENTE
2463,-98.201228,19.030912,2465,HEROES DEL 5 DE MAYO,31 ORIENTE,0,PEDESTAL,C-3000,0,1,0,SUR-ORIENTE
2464,-98.201108,19.030796,2466,HEROES DEL 5 DE MAYO,31 ORIENTE,0,P-300,C-3000,1,0,0,SUR-ORIENTE
2465,-98.20109,19.030825,2467,HEROES DEL 5 DE MAYO,31 ORIENTE,0,PEDESTAL,C-3000,0,1,0,SUR-ORIENTE
2466,-98.192986,19.056974,2468,HEROES DEL 5 DE MAYO,32 PONIENTE,0,PEDESTAL,C-3000,0,2,0,NOR-PONIENTE
2467,-98.192801,19.057014,2469,HEROES DEL 5 DE MAYO,32 PONIENTE,0,P-300,C-3000,2,2,0,NOR-ORIENTE
2468,-98.192637,19.056849,2470,HEROES DEL 5 DE MAYO,32 PONIENTE,0,P-300,C-3000,2,1,1,NOR-ORIENTE
2469,-98.190577,19.051347,2471,HEROES DEL 5 DE MAYO,4 NORTE,0,LATIGO,C-26,1,0,0,NOR-ORIENTE
2470,-98.190407,19.051489,2472,HEROES DEL 5 DE MAYO,4 NORTE,0,LATIGO,C-26,1,0,0,NOR-ORIENTE
2471,-98.192327,19.043088,2473,HEROES DEL 5 DE MAYO,4 ORIENTE,0,PEDESTAL,C-3000,0,2,0,NOR-ORIENTE
2472,-98.192191,19.043038,2474,HEROES DEL 5 DE MAYO,4 ORIENTE,0,P-300,C-3000,2,2,0,NOR-ORIENTE
2473,-98.192154,19.043175,2475,HEROES DEL 5 DE MAYO,4 ORIENTE,0,P-300,C-3000,1,0,0,NOR-ORIENTE
2474,-98.192132,19.043192,2476,HEROES DEL 5 DE MAYO,4 ORIENTE,0,P-300,C-3000,2,0,0,NOR-ORIENTE
2475,-98.192061,19.042998,2477,HEROES DEL 5 DE MAYO,4 ORIENTE,0,PEDESTAL,C-3000,0,1,0,NOR-ORIENTE
2476,-98.192418,19.060789,2478,HEROES DEL 5 DE MAYO,40 PONIENTE,DIAGONAL SANTUARIO,P-300,C-3000,1,1,0,NOR-PONIENTE
2477,-98.192239,19.060725,2479,HEROES DEL 5 DE MAYO,40 PONIENTE,DIAGONAL SANTUARIO,P-300,C-3000,2,0,0,NOR-ORIENTE
2478,-98.192209,19.060857,2480,HEROES DEL 5 DE MAYO,40 PONIENTE,DIAGONAL SANTUARIO,P-300,C-3000,2,0,0,NOR-ORIENTE
2479,-98.192202,19.060862,2481,HEROES DEL 5 DE MAYO,40 PONIENTE,DIAGONAL SANTUARIO,P-300,C-3000,2,0,1,NOR-ORIENTE
2480,-98.20642,19.026585,2482,HEROES DEL 5 DE MAYO,43 ORIENTE,0,PEDESTAL,C-3000,0,1,0,SUR-ORIENTE
2481,-98.206172,19.026454,2483,HEROES DEL 5 DE MAYO,43 ORIENTE,0,P-300,C-3000,2,1,0,SUR-ORIENTE
2482,-98.206161,19.026619,2484,HEROES DEL 5 DE MAYO,43 ORIENTE,0,P-300,C-3000,1,0,1,SUR-ORIENTE
2483,-98.206157,19.02643,2485,HEROES DEL 5 DE MAYO,43 ORIENTE,0,P-300,C-3000,2,1,0,SUR-ORIENTE
2484,-98.205981,19.02627,2486,HEROES DEL 5 DE MAYO,43 ORIENTE,0,PEDESTAL,C-3000,0,1,0,SUR-ORIENTE
2485,-98.205849,19.026666,2487,HEROES DEL 5 DE MAYO,43 ORIENTE,0,PEDESTAL,C-3000,0,1,0,SUR-ORIENTE
2486,-98.205826,19.026259,2488,HEROES DEL 5 DE MAYO,43 ORIENTE,0,PEDESTAL,C-3000,0,1,0,SUR-ORIENTE
2487,-98.205673,19.026553,2489,HEROES DEL 5 DE MAYO,43 ORIENTE,0,P-300,C-3000,2,1,0,SUR-ORIENTE
2488,-98.205641,19.026524,2490,HEROES DEL 5 DE MAYO,43 ORIENTE,0,P-300,C-3000,2,1,0,SUR-ORIENTE
2489,-98.205619,19.026297,2491,HEROES DEL 5 DE MAYO,43 ORIENTE,0,P-300,C-3000,1,0,1,SUR-ORIENTE
2490,-98.205516,19.026413,2492,HEROES DEL 5 DE MAYO,43 ORIENTE,0,PEDESTAL,C-3000,0,2,0,SUR-ORIENTE
2491,-98.191991,19.06253,2493,HEROES DEL 5 DE MAYO,44 PONIENTE,0,P-300,C-3000,2,2,0,NOR-PONIENTE
2492,-98.19194,19.062669,2494,HEROES DEL 5 DE MAYO,44 PONIENTE,0,P-300,C-3000,2,2,0,NOR-PONIENTE
2493,-98.191831,19.062505,2495,HEROES DEL 5 DE MAYO,44 PONIENTE,0,PEDESTAL,C-3000,1,0,0,NOR-ORIENTE
2494,-98.191801,19.062611,2496,HEROES DEL 5 DE MAYO,44 PONIENTE,0,PEDESTAL,C-3000,0,1,0,NOR-ORIENTE
2495,-98.19499,19.040288,2497,HEROES DEL 5 DE MAYO,5 ORIENTE,0,PEDESTAL,C-3000,0,2,0,SUR-ORIENTE
2496,-98.194864,19.040321,2498,HEROES DEL 5 DE MAYO,5 ORIENTE,0,P-300,C-3000,1,0,0,SUR-ORIENTE
2497,-98.194848,19.040137,2499,HEROES DEL 5 DE MAYO,5 ORIENTE,0,P-300,C-3000,2,0,0,SUR-ORIENTE
2498,-98.194783,19.040072,2500,HEROES DEL 5 DE MAYO,5 ORIENTE,0,P-300,C-3000,2,0,0,SUR-ORIENTE
2499,-98.194662,19.039957,2501,HEROES DEL 5 DE MAYO,5 ORIENTE,0,P-300,C-3000,1,0,1,SUR-ORIENTE
2500,-98.194601,19.040232,2502,HEROES DEL 5 DE MAYO,5 ORIENTE,0,P-300,C-3000,2,0,0,SUR-ORIENTE
2501,-98.194566,19.040148,2503,HEROES DEL 5 DE MAYO,5 ORIENTE,0,P-300,C-3000,2,0,0,SUR-ORIENTE
2502,-98.189773,19.050271,2504,HEROES DEL 5 DE MAYO,6 NORTE,4 NORTE,PEDESTAL,C-3000,0,1,0,NOR-ORIENTE
2503,-98.189641,19.050321,2505,HEROES DEL 5 DE MAYO,6 NORTE,4 NORTE,P-300,C-3000,2,0,0,NOR-ORIENTE
2504,-98.189635,19.050323,2506,HEROES DEL 5 DE MAYO,6 NORTE,4 NORTE,P-300,C-3000,2,0,0,NOR-ORIENTE
2505,-98.189632,19.050312,2507,HEROES DEL 5 DE MAYO,6 NORTE,4 NORTE,PEDESTAL,C-3000,0,2,0,NOR-ORIENTE
2506,-98.189204,19.049689,2508,HEROES DEL 5 DE MAYO,6 NORTE,0,P-300,C-3000,2,0,0,NOR-ORIENTE
2507,-98.189185,19.049545,2509,HEROES DEL 5 DE MAYO,6 NORTE,0,PEDESTAL,C-3000,0,1,0,NOR-ORIENTE
2508,-98.191544,19.066637,2510,HEROES DEL 5 DE MAYO,7 NORTE,0,P-300,C-3000,1,0,1,NOR-PONIENTE
2509,-98.191522,19.06694,2511,HEROES DEL 5 DE MAYO,7 NORTE,0,P-300,C-3000,2,0,0,NOR-PONIENTE
2510,-98.191434,19.067076,2512,HEROES DEL 5 DE MAYO,7 NORTE,0,PEDESTAL,C-3000,0,2,0,NOR-ORIENTE
2511,-98.1914,19.066727,2513,HEROES DEL 5 DE MAYO,7 NORTE,0,P-300,C-3000,2,2,0,NOR-PONIENTE
2512,-98.191354,19.066952,2514,HEROES DEL 5 DE MAYO,7 NORTE,0,PEDESTAL,C-3000,1,0,0,NOR-ORIENTE
2513,-98.191805,19.044846,2515,HEROES DEL 5 DE MAYO,8 ORIENTE,0,P-300,C-3000,2,1,0,NOR-ORIENTE
2514,-98.191734,19.04496,2516,HEROES DEL 5 DE MAYO,8 ORIENTE,0,PEDESTAL,C-3000,0,1,0,NOR-ORIENTE
2515,-98.191639,19.044752,2517,HEROES DEL 5 DE MAYO,8 ORIENTE,0,P-300,C-3000,2,0,0,NOR-ORIENTE
2516,-98.19151,19.044914,2518,HEROES DEL 5 DE MAYO,8 ORIENTE,0,P-300,C-3000,2,1,0,NOR-ORIENTE
2517,-98.192207,19.068325,2519,HEROES DEL 5 DE MAYO,9 NORTE,0,PEDESTAL,C-3000,0,1,0,NOR-PONIENTE
2518,-98.19213,19.068712,2520,HEROES DEL 5 DE MAYO,9 NORTE,0,P-300,C-3000,2,0,0,NOR-PONIENTE
2519,-98.192122,19.068741,2521,HEROES DEL 5 DE MAYO,9 NORTE,0,P-300,C-3000,2,0,0,NOR-PONIENTE
2520,-98.192108,19.068461,2522,HEROES DEL 5 DE MAYO,9 NORTE,0,P-300,C-3000,2,1,0,NOR-PONIENTE
2521,-98.192071,19.068471,2523,HEROES DEL 5 DE MAYO,9 NORTE,0,P-300,C-3000,2,1,0,NOR-ORIENTE
2522,-98.191957,19.068542,2524,HEROES DEL 5 DE MAYO,9 NORTE,0,P-300,C-3000,1,1,1,NOR-ORIENTE
2523,-98.196125,19.039098,2525,HEROES DEL 5 DE MAYO,9 ORIENTE,0,PEDESTAL,C-3000,1,2,0,SUR-ORIENTE
2524,-98.195988,19.039245,2526,HEROES DEL 5 DE MAYO,9 ORIENTE,0,PEDESTAL,C-3000,0,1,0,SUR-ORIENTE
2525,-98.195929,19.039013,2527,HEROES DEL 5 DE MAYO,9 ORIENTE,0,P-300,C-3000,2,1,0,SUR-ORIENTE
2526,-98.195858,19.039116,2528,HEROES DEL 5 DE MAYO,9 ORIENTE,0,P-300,C-3000,2,0,0,SUR-ORIENTE
2527,-98.195769,19.038922,2529,HEROES DEL 5 DE MAYO,9 ORIENTE,0,PEDESTAL,C-3000,0,1,0,SUR-ORIENTE
2528,-98.195713,19.039031,2530,HEROES DEL 5 DE MAYO,9 ORIENTE,0,P-300,C-3000,1,0,1,SUR-ORIENTE
2529,-98.191401,19.044831,2531,HEROES DEL 5 DE MAYO,CALLEJON 8 ORIENTE,0,PEDESTAL,C-3000,1,1,0,NOR-ORIENTE
2530,-98.213887,19.026038,2532,HEROES DEL 5 DE MAYO,CARLOS CAMACHO ESPIRITU,0,P-300,C-3000,2,1,0,SUR-PONIENTE
2531,-98.213859,19.026023,2533,HEROES DEL 5 DE MAYO,CARLOS CAMACHO ESPIRITU,0,P-300,C-3000,2,0,0,SUR-PONIENTE
2532,-98.213833,19.025625,2534,HEROES DEL 5 DE MAYO,CARLOS CAMACHO ESPIRITU,0,PEDESTAL,C-3000,1,1,0,SUR-PONIENTE
2533,-98.213748,19.025554,2535,HEROES DEL 5 DE MAYO,CARLOS CAMACHO ESPIRITU,0,PEDESTAL,C-3000,0,2,0,SUR-PONIENTE
2534,-98.213646,19.025511,2536,HEROES DEL 5 DE MAYO,CARLOS CAMACHO ESPIRITU,0,P-300,C-3000,2,1,0,SUR-PONIENTE
2535,-98.213604,19.025536,2537,HEROES DEL 5 DE MAYO,CARLOS CAMACHO ESPIRITU,0,P-300,C-3000,2,0,0,SUR-PONIENTE
2536,-98.213582,19.025538,2538,HEROES DEL 5 DE MAYO,CARLOS CAMACHO ESPIRITU,0,PEDESTAL,C-3000,0,2,0,SUR-PONIENTE
2537,-98.213452,19.026163,2539,HEROES DEL 5 DE MAYO,CARLOS CAMACHO ESPIRITU,0,P-300,C-3000,2,1,0,SUR-PONIENTE
2538,-98.213449,19.025581,2540,HEROES DEL 5 DE MAYO,CARLOS CAMACHO ESPIRITU,0,PEDESTAL,C-3000,1,2,0,SUR-PONIENTE
2539,-98.21343,19.026168,2541,HEROES DEL 5 DE MAYO,CARLOS CAMACHO ESPIRITU,0,PEDESTAL,C-3000,1,1,0,SUR-PONIENTE
2540,-98.213285,19.025803,2542,HEROES DEL 5 DE MAYO,CARLOS CAMACHO ESPIRITU,0,P-300,C-3000,2,0,0,SUR-PONIENTE
2541,-98.213272,19.02559,2543,HEROES DEL 5 DE MAYO,CARLOS CAMACHO ESPIRITU,0,PEDESTAL,C-3000,0,2,0,SUR-PONIENTE
2542,-98.213244,19.025798,2544,HEROES DEL 5 DE MAYO,CARLOS CAMACHO ESPIRITU,0,P-300,C-3000,2,1,0,SUR-PONIENTE
2543,-98.193765,19.040184,2545,HEROES DEL 5 DE MAYO,JUAN DE PALAFOX Y MENDOZA,0,PEDESTAL,C-3000,0,1,0,SUR-ORIENTE
2544,-98.193762,19.040176,2546,HEROES DEL 5 DE MAYO,JUAN DE PALAFOX Y MENDOZA,0,P-300,C-3000,2,0,0,SUR-ORIENTE
2545,-98.193529,19.041165,2547,HEROES DEL 5 DE MAYO,JUAN DE PALAFOX Y MENDOZA,3 ORIENTE,P-300,C-3000,2,0,1,SUR-ORIENTE
2546,-98.193416,19.041045,2548,HEROES DEL 5 DE MAYO,JUAN DE PALAFOX Y MENDOZA,3 ORIENTE,P-300,C-3000,2,0,0,SUR-ORIENTE
2547,-98.204505,19.027894,2549,HEROES DEL 5 DE MAYO,ENTRADA A PLAZA DORADA,0,PEDESTAL,C-3000,0,1,0,SUR-ORIENTE
2548,-98.204365,19.027769,2550,HEROES DEL 5 DE MAYO,ENTRADA A PLAZA DORADA,0,PEDESTAL,C-3000,0,1,0,SUR-ORIENTE
2549,-98.204363,19.027802,2551,HEROES DEL 5 DE MAYO,ENTRADA A PLAZA DORADA,0,P-300,C-3000,2,0,0,SUR-ORIENTE
2550,-98.204333,19.027774,2552,HEROES DEL 5 DE MAYO,ENTRADA A PLAZA DORADA,0,P-300,C-3000,2,0,0,SUR-ORIENTE
2551,-98.204238,19.027632,2553,HEROES DEL 5 DE MAYO,ENTRADA A PLAZA DORADA,0,PEDESTAL,C-3000,0,1,0,SUR-ORIENTE
2552,-98.192762,19.041477,2554,HEROES DEL 5 DE MAYO,JUAN DE PALAFOX Y MENDOZA,0,P-300,C-3000,2,0,0,NOR-ORIENTE
2553,-98.189865,19.056159,2555,GENERAL IGNACIO ZARAGOZA,34 ORIENTE,32 ORIENTE,DESTELLADOR,N/A,1,0,1,NOR-ORIENTE
2554,-98.172028,19.072951,2556,GENERAL IGNACIO ZARAGOZA,ADOLFO LOPES MATEOS,0,P-300,C-210,1,0,0,NOR-ORIENTE
2555,-98.172355,19.072862,2557,GENERAL IGNACIO ZARAGOZA,ADOLFO LOPEZ MATEOS,0,DOBLE P-300,C-210,2,2,1,NOR-ORIENTE
2556,-98.172234,19.07318,2558,GENERAL IGNACIO ZARAGOZA,ADOLFO LOPEZ MATEOS,0,PEDESTAL,C-210,0,1,0,NOR-ORIENTE
2557,-98.172118,19.0731,2559,GENERAL IGNACIO ZARAGOZA,ADOLFO LOPEZ MATEOS,0,P-300,C-210,1,2,1,NOR-ORIENTE
2558,-98.172011,19.073029,2560,GENERAL IGNACIO ZARAGOZA,ADOLFO LOPEZ MATEOS,0,PEDESTAL,C-210,0,1,0,NOR-ORIENTE
2559,-98.182292,19.061853,2561,GENERAL IGNACIO ZARAGOZA,BALLONES DE ZACAPOAXTLA,0,P-300,C-208,1,1,0,NOR-ORIENTE
2560,-98.182205,19.061787,2562,GENERAL IGNACIO ZARAGOZA,BALLONES DE ZACAPOAXTLA,0,PEDESTAL,C-208,0,1,0,NOR-ORIENTE
2561,-98.182081,19.061699,2563,GENERAL IGNACIO ZARAGOZA,BALLONES DE ZACAPOAXTLA,0,P-300,C-208,1,1,0,NOR-ORIENTE
2562,-98.182012,19.061722,2564,GENERAL IGNACIO ZARAGOZA,BALLONES DE ZACAPOAXTLA,0,PEDESTAL,C-208,1,0,0,NOR-ORIENTE
2563,-98.182007,19.062078,2565,GENERAL IGNACIO ZARAGOZA,BALLONES DE ZACAPOAXTLA,0,P-300,C-208,1,0,0,NOR-ORIENTE
2564,-98.181952,19.062077,2566,GENERAL IGNACIO ZARAGOZA,BALLONES DE ZACAPOAXTLA,0,PEDESTAL,C-208,0,2,0,NOR-ORIENTE
2565,-98.181947,19.062032,2567,GENERAL IGNACIO ZARAGOZA,BALLONES DE ZACAPOAXTLA,0,P-300,C-208,1,0,1,NOR-ORIENTE
2566,-98.181835,19.061984,2568,GENERAL IGNACIO ZARAGOZA,BALLONES DE ZACAPOAXTLA,0,PEDESTAL,C-208,0,1,0,NOR-ORIENTE
2567,-98.177354,19.067439,2569,GENERAL IGNACIO ZARAGOZA,CORREGIDORA,0,PEDESTAL,C-208,0,1,0,NOR-ORIENTE
2568,-98.177224,19.067398,2570,GENERAL IGNACIO ZARAGOZA,CORREGIDORA,0,LATIGO,C-208,1,1,0,NOR-ORIENTE
2569,-98.177208,19.067597,2571,GENERAL IGNACIO ZARAGOZA,CORREGIDORA,0,PEDESTAL,C-208,0,1,0,NOR-ORIENTE
2570,-98.177202,19.067401,2572,GENERAL IGNACIO ZARAGOZA,CORREGIDORA,0,LATIGO,C-208,1,0,0,NOR-ORIENTE
2571,-98.177191,19.067375,2573,GENERAL IGNACIO ZARAGOZA,CORREGIDORA,0,P-300,C-208,1,1,0,NOR-ORIENTE
2572,-98.177069,19.067546,2574,GENERAL IGNACIO ZARAGOZA,CORREGIDORA,0,P-300,C-208,1,1,1,NOR-ORIENTE
2573,-98.177064,19.067327,2575,GENERAL IGNACIO ZARAGOZA,CORREGIDORA,0,PEDESTAL,C-208,0,1,0,NOR-ORIENTE
2574,-98.176956,19.067469,2576,GENERAL IGNACIO ZARAGOZA,CORREGIDORA,0,PEDESTAL,C-208,0,1,0,NOR-ORIENTE
2575,-98.181133,19.063171,2577,GENERAL IGNACIO ZARAGOZA,LOMA HERMOSA,0,P-300,C-208,1,1,0,NOR-ORIENTE
2576,-98.181045,19.06311,2578,GENERAL IGNACIO ZARAGOZA,LOMA HERMOSA,0,PEDESTAL,C-208,0,2,0,NOR-ORIENTE
2577,-98.181029,19.063297,2579,GENERAL IGNACIO ZARAGOZA,LOMA HERMOSA,0,PEDESTAL,C-208,0,1,0,NOR-ORIENTE
2578,-98.180945,19.063233,2580,GENERAL IGNACIO ZARAGOZA,LOMA HERMOSA,0,PEDESTAL,C-208,0,2,0,NOR-ORIENTE
2579,-98.18091,19.063018,2581,GENERAL IGNACIO ZARAGOZA,LOMA HERMOSA,0,PEDESTAL,C-208,0,1,0,NOR-ORIENTE
2580,-98.180816,19.063139,2582,GENERAL IGNACIO ZARAGOZA,LOMA HERMOSA,0,P-300,C-208,1,1,1,NOR-ORIENTE
2581,-98.173502,19.071753,2583,GENERAL IGNACIO ZARAGOZA,PARQUE PUEBLA,0,P-300,C-208,1,0,0,NOR-ORIENTE
2582,-98.173486,19.071608,2584,GENERAL IGNACIO ZARAGOZA,PARQUE PUEBLA,0,P-300,C-208,1,2,0,NOR-ORIENTE
2583,-98.173413,19.071857,2585,GENERAL IGNACIO ZARAGOZA,PARQUE PUEBLA,0,PEDESTAL,C-208,1,1,0,NOR-ORIENTE
2584,-98.173361,19.071519,2586,GENERAL IGNACIO ZARAGOZA,PARQUE PUEBLA,0,PEDESTAL,C-208,0,1,0,NOR-ORIENTE
2585,-98.173358,19.071498,2587,GENERAL IGNACIO ZARAGOZA,PARQUE PUEBLA,0,PEDESTAL,C-208,0,1,0,NOR-ORIENTE
2586,-98.173301,19.071783,2588,GENERAL IGNACIO ZARAGOZA,PARQUE PUEBLA,0,P-300,C-208,1,0,1,NOR-ORIENTE
2587,-98.173245,19.071631,2589,GENERAL IGNACIO ZARAGOZA,PARQUE PUEBLA,0,PEDESTAL,C-208,0,1,0,NOR-ORIENTE
2588,-98.173202,19.071692,2590,GENERAL IGNACIO ZARAGOZA,PARQUE PUEBLA,0,PEDESTAL,C-208,0,1,0,NOR-ORIENTE
2589,-98.175855,19.069116,2591,GENERAL IGNACIO ZARAGOZA,VALLADOLID,0,PEDESTAL,C-208,0,1,0,NOR-ORIENTE
2590,-98.175751,19.069055,2592,GENERAL IGNACIO ZARAGOZA,VALLADOLID,0,PEDESTAL,C-208,1,2,0,NOR-ORIENTE
2591,-98.175742,19.069233,2593,GENERAL IGNACIO ZARAGOZA,VALLADOLID,0,P-300,C-208,1,0,0,NOR-ORIENTE
2592,-98.175651,19.069148,2594,GENERAL IGNACIO ZARAGOZA,VALLADOLID,0,PEDESTAL,C-208,1,0,0,NOR-ORIENTE
2593,-98.175621,19.069147,2595,GENERAL IGNACIO ZARAGOZA,VALLADOLID,0,PEDESTAL,C-208,1,0,0,NOR-ORIENTE
2594,-98.233227,19.05904,2596,JALPAN,RECTA CHOLULA,0,PEDESTAL,C-26,1,0,0,SUR-PONIENTE
2595,-98.23312,19.059243,2597,JALPAN,RECTA CHOLULA,0,LATIGO,C-26,1,0,1,SUR-PONIENTE
2596,-98.233116,19.059003,2598,JALPAN,RECTA CHOLULA,0,LATIGO,C-26,1,0,0,SUR-PONIENTE
2597,-98.210997,19.072674,2599,JESUS REYES HEROLES,35 NORTE,0,LATIGO,C-26,1,0,0,NOR-PONIENTE
2598,-98.210976,19.072481,2600,JESUS REYES HEROLES,35 NORTE,0,LATIGO,C-26,1,0,0,NOR-PONIENTE
2599,-98.215156,19.088201,2601,JOSEFA ORTIZ DE DOMINGUEZ,MATAMOROS NORTE,0,PEDESTAL,EYSSA,1,0,0,NOR-PONIENTE
2600,-98.21515,19.088298,2602,JOSEFA ORTIZ DE DOMINGUEZ,MATAMOROS NORTE,0,PEDESTAL,EYSSA,1,0,0,NOR-PONIENTE
2601,-98.215046,19.088161,2603,JOSEFA ORTIZ DE DOMINGUEZ,MATAMOROS NORTE,0,PEDESTAL,EYSSA,1,0,0,NOR-PONIENTE
2602,-98.190443,19.040255,2604,JUAN DE PALAFOX Y MENDOZA,14 NORTE,0,PEDESTAL,C-26,1,0,0,NOR-ORIENTE
2603,-98.190319,19.040188,2605,JUAN DE PALAFOX Y MENDOZA,14 NORTE,0,PEDESTAL,C-26,1,0,0,NOR-ORIENTE
2604,-98.188756,19.039288,2606,JUAN DE PALAFOX Y MENDOZA,16 NORTE,0,PEDESTAL,C-26,1,0,0,NOR-ORIENTE
2605,-98.1887,19.039367,2607,JUAN DE PALAFOX Y MENDOZA,16 NORTE,0,PEDESTAL,C-26,1,0,0,NOR-ORIENTE
2606,-98.187149,19.038617,2608,JUAN DE PALAFOX Y MENDOZA,18 NORTE,0,DOBLE LATIGO,C-26,2,0,2,NOR-ORIENTE
2607,-98.197115,19.043621,2609,JUAN DE PALAFOX Y MENDOZA,2 NORTE,0,PEDESTAL,C-26,2,1,1,NOR-ORIENTE
2608,-98.184169,19.037003,2610,JUAN DE PALAFOX Y MENDOZA,24 NORTE,0,PEDESTAL,C-26,1,0,0,SUR-ORIENTE
2609,-98.184042,19.036986,2611,JUAN DE PALAFOX Y MENDOZA,24 NORTE,0,PEDESTAL,C-26,1,0,0,NOR-ORIENTE
2610,-98.183976,19.037066,2612,JUAN DE PALAFOX Y MENDOZA,24 NORTE,0,PEDESTAL,C-26,1,0,0,NOR-ORIENTE
2611,-98.182475,19.036348,2613,JUAN DE PALAFOX Y MENDOZA,26 NORTE,26 NORTE,PEDESTAL,C-26,1,0,1,NOR-ORIENTE
2612,-98.182378,19.03625,2614,JUAN DE PALAFOX Y MENDOZA,26 NORTE,26 NORTE,PEDESTAL,C-26,1,0,0,NOR-ORIENTE
2613,-98.181115,19.035487,2615,JUAN DE PALAFOX Y MENDOZA,28 NORTE,0,LATIGO,C-26,1,0,0,SUR-ORIENTE
2614,-98.181061,19.035384,2616,JUAN DE PALAFOX Y MENDOZA,28 NORTE,0,PEDESTAL,C-26,1,0,0,SUR-ORIENTE
2615,-98.180976,19.035415,2617,JUAN DE PALAFOX Y MENDOZA,28 NORTE,0,LATIGO,C-26,1,0,0,SUR-ORIENTE
2616,-98.195738,19.042885,2618,JUAN DE PALAFOX Y MENDOZA,4 NORTE,0,PEDESTAL,C-26,0,1,0,SUR-ORIENTE
2617,-98.195624,19.042956,2619,JUAN DE PALAFOX Y MENDOZA,4 NORTE,0,PEDESTAL,C-26,0,1,0,NOR-ORIENTE
2618,-98.195509,19.042891,2620,JUAN DE PALAFOX Y MENDOZA,4 NORTE,0,PEDESTAL,C-26,1,1,0,NOR-ORIENTE
2619,-98.194132,19.042082,2621,JUAN DE PALAFOX Y MENDOZA,6 NORTE,0,PEDESTAL,C-26,1,0,0,NOR-ORIENTE
2620,-98.194037,19.042105,2622,JUAN DE PALAFOX Y MENDOZA,6 NORTE,0,PEDESTAL,C-26,1,0,0,NOR-ORIENTE
2621,-98.197961,19.043994,2623,JUAN DE PALAFOX Y MENDOZA,PASAJE,0,PEDESTAL,C-26,1,1,0,SUR-ORIENTE
2622,-98.197873,19.043947,2624,JUAN DE PALAFOX Y MENDOZA,PASAJE,0,PEDESTAL,C-26,1,1,0,SUR-ORIENTE
2623,-98.19785,19.044046,2625,JUAN DE PALAFOX Y MENDOZA,PASAJE,0,PEDESTAL,C-26,0,1,0,NOR-ORIENTE
2624,-98.233432,19.043305,2626,JUAN PABLO II,19 PONIENTE,0,MP-01,C-208,1,0,0,SUR-PONIENTE
2625,-98.233241,19.043182,2627,JUAN PABLO II,19 PONIENTE,0,LATIGO,C-208,1,0,0,SUR-PONIENTE
2626,-98.233165,19.043181,2628,JUAN PABLO II,19 PONIENTE,0,LATIGO,C-208,1,0,1,SUR-PONIENTE
2627,-98.232996,19.043062,2629,JUAN PABLO II,19 PONIENTE,0,LATIGO,C-208,1,0,0,SUR-PONIENTE
2628,-98.232927,19.043172,2630,JUAN PABLO II,19 PONIENTE,0,PEDESTAL,C-208,1,0,0,SUR-PONIENTE
2629,-98.229957,19.041453,2631,JUAN PABLO II,31 SUR,0,PEDESTAL,C-208,1,0,0,SUR-PONIENTE
2630,-98.229901,19.041558,2632,JUAN PABLO II,31 SUR,0,LATIGO,C-208,1,0,0,SUR-PONIENTE
2631,-98.229899,19.041266,2633,JUAN PABLO II,31 SUR,0,PEDESTAL,C-208,1,0,0,SUR-PONIENTE
2632,-98.229869,19.041275,2634,JUAN PABLO II,31 SUR,0,PEDESTAL,C-208,1,0,0,SUR-PONIENTE
2633,-98.229795,19.041367,2635,JUAN PABLO II,31 SUR,0,PEDESTAL,C-208,1,0,0,SUR-PONIENTE
2634,-98.212773,19.022941,2636,JUAN PABLO II,CARLOS CAMACHO ESPIRITU,0,PEDESTAL,C-3000,0,1,0,SUR-PONIENTE
2635,-98.212733,19.02284,2637,JUAN PABLO II,CARLOS CAMACHO ESPIRITU,0,P-300,C-3000,1,0,1,SUR-PONIENTE
2636,-98.212688,19.022727,2638,JUAN PABLO II,CARLOS CAMACHO ESPIRITU,0,PEDESTAL,C-3000,0,1,0,SUR-PONIENTE
2637,-98.212611,19.023007,2639,JUAN PABLO II,CARLOS CAMACHO ESPIRITU,0,SRP,C-3000,4,0,0,SUR-PONIENTE
2638,-98.212611,19.022538,2640,JUAN PABLO II,CARLOS CAMACHO ESPIRITU,0,PEDESTAL,C-3000,0,1,0,SUR-PONIENTE
2639,-98.212445,19.022557,2641,JUAN PABLO II,CARLOS CAMACHO ESPIRITU,0,SRP,C-3000,4,2,0,SUR-PONIENTE
2640,-98.212371,19.022812,2642,JUAN PABLO II,CARLOS CAMACHO ESPIRITU,0,PEDESTAL,C-3000,0,1,0,SUR-PONIENTE
2641,-98.212336,19.022767,2643,JUAN PABLO II,CARLOS CAMACHO ESPIRITU,0,P-300,C-3000,1,0,1,SUR-PONIENTE
2642,-98.212243,19.022564,2644,JUAN PABLO II,CARLOS CAMACHO ESPIRITU,0,P-300,C-3000,1,0,1,SUR-PONIENTE
2643,-98.189636,19.011931,2645,JUAN PABLO II,PRIMER JARDIN CORRALEJO,0,PEDESTAL,C-26,1,0,0,SUR-ORIENTE
2644,-98.189627,19.011923,2646,JUAN PABLO II,PRIMER JARDIN CORRALEJO,0,LATIGO,C-26,2,0,2,SUR-ORIENTE
2645,-98.221478,19.014864,2647,LAS MARGARITAS,5 B SUR,0,LATIGO,C-26,1,0,1,SUR-PONIENTE
2646,-98.221355,19.014708,2648,LAS MARGARITAS,5 B SUR,0,LATIGO,C-26,1,0,0,SUR-PONIENTE
2647,-98.221339,19.014717,2649,LAS MARGARITAS,5 B SUR,0,LATIGO,C-26,1,0,1,SUR-PONIENTE
2648,-98.220497,19.014533,2650,LAS MARGARITAS,5 SUR,0,LATIGO,C-26,1,0,1,SUR-PONIENTE
2649,-98.220473,19.014357,2651,LAS MARGARITAS,5 SUR,0,LATIGO,C-26,1,0,0,SUR-PONIENTE
2650,-98.22046,19.014536,2652,LAS MARGARITAS,5 SUR,0,PEDESTAL,C-26,1,0,0,SUR-PONIENTE
2651,-98.207909,19.009297,2653,LAS MARGARITAS,CARLOS CAMACHO ESPIRITU,0,P-300,C-216,1,2,1,SUR-ORIENTE
2652,-98.207824,19.009001,2654,LAS MARGARITAS,CARLOS CAMACHO ESPIRITU,0,PEDESTAL,C-216,0,1,0,SUR-ORIENTE
2653,-98.207803,19.008951,2655,LAS MARGARITAS,CARLOS CAMACHO ESPIRITU,0,P-300,C-216,0,1,0,SUR-ORIENTE
2654,-98.207746,19.008773,2656,LAS MARGARITAS,CARLOS CAMACHO ESPIRITU,0,P-300,C-216,0,1,0,SUR-ORIENTE
2655,-98.20772,19.009236,2657,LAS MARGARITAS,CARLOS CAMACHO ESPIRITU,0,P-300,C-216,2,0,0,SUR-ORIENTE
2656,-98.207701,19.009245,2658,LAS MARGARITAS,CARLOS CAMACHO ESPIRITU,0,P-300,C-216,2,0,0,SUR-ORIENTE
2657,-98.20757,19.008748,2659,LAS MARGARITAS,CARLOS CAMACHO ESPIRITU,0,P-300,C-216,2,0,0,SUR-ORIENTE
2658,-98.207545,19.008754,2660,LAS MARGARITAS,CARLOS CAMACHO ESPIRITU,0,P-300,C-216,2,0,0,SUR-ORIENTE
2659,-98.207375,19.008814,2661,LAS MARGARITAS,CARLOS CAMACHO ESPIRITU,0,P-300,C-216,1,1,0,SUR-ORIENTE
2660,-98.214002,19.011811,2662,LAS MARGARITAS,BUGAMBILIAS,0,LATIGO,C-26,1,0,0,SUR-ORIENTE
2661,-98.213938,19.011582,2663,LAS MARGARITAS,BUGAMBILIAS,0,PEDESTAL,C-26,1,0,0,SUR-ORIENTE
2662,-98.213924,19.011603,2664,LAS MARGARITAS,BUGAMBILIAS,0,LATIGO,C-26,1,0,0,SUR-ORIENTE
2663,-98.210342,19.01,2665,LAS MARGARITAS,DEL LAGO,0,PEDESTAL,C-26,1,0,0,SUR-ORIENTE
2664,-98.210335,19.01031,2666,LAS MARGARITAS,DEL LAGO,0,LATIGO,C-26,1,0,0,SUR-ORIENTE
2665,-98.210236,19.010117,2667,LAS MARGARITAS,DEL LAGO,0,LATIGO,C-26,1,0,0,SUR-ORIENTE
2666,-98.212903,18.993984,2668,MUNICIPIO LIBRE,14 SUR,0,LATIGO,C-26,1,0,0,SUR-ORIENTE
2667,-98.212877,18.994158,2669,MUNICIPIO LIBRE,14 SUR,0,LATIGO,C-26,1,0,1,SUR-ORIENTE
2668,-98.212659,18.994193,2670,MUNICIPIO LIBRE,14 SUR,0,LATIGO,C-26,1,0,1,SUR-ORIENTE
2669,-98.212649,18.994045,2671,MUNICIPIO LIBRE,14 SUR,0,LATIGO,C-26,1,0,1,SUR-ORIENTE
2670,-98.208784,18.992764,2672,MUNICIPIO LIBRE,16 A SUR,0,LATIGO,C-26,1,0,0,SUR-ORIENTE
2671,-98.208729,18.992493,2673,MUNICIPIO LIBRE,16 A SUR,0,LATIGO,C-26,1,0,0,SUR-ORIENTE
2672,-98.195423,18.995573,2674,MUNICIPIO LIBRE,24 SUR,0,LATIGO,C-26,1,0,0,SUR-ORIENTE
2673,-98.195408,18.995839,2675,MUNICIPIO LIBRE,24 SUR,0,LATIGO,C-26,1,0,0,SUR-ORIENTE
2674,-98.195304,18.995599,2676,MUNICIPIO LIBRE,24 SUR,0,PEDESTAL,C-26,1,0,0,SUR-ORIENTE
2675,-98.195141,18.995659,2677,MUNICIPIO LIBRE,24 SUR,0,LATIGO,C-26,1,0,1,SUR-ORIENTE
2676,-98.195138,18.995929,2678,MUNICIPIO LIBRE,24 SUR,0,LATIGO,C-26,1,0,1,SUR-ORIENTE
2677,-98.202407,18.993854,2679,MUNICIPIO LIBRE,CARLOS CAMACHO ESPIRITU,0,PEDESTAL,C-3000,0,1,0,SUR-ORIENTE
2678,-98.202391,18.993728,2680,MUNICIPIO LIBRE,CARLOS CAMACHO ESPIRITU,0,P-300,C-3000,1,0,1,SUR-ORIENTE
2679,-98.202334,18.993879,2681,MUNICIPIO LIBRE,CARLOS CAMACHO ESPIRITU,0,SRP,C-3000,4,0,0,SUR-ORIENTE
2680,-98.202324,18.993597,2682,MUNICIPIO LIBRE,CARLOS CAMACHO ESPIRITU,0,PEDESTAL,C-3000,0,2,0,SUR-ORIENTE
2681,-98.202227,18.99362,2683,MUNICIPIO LIBRE,CARLOS CAMACHO ESPIRITU,0,SRP,C-3000,4,2,0,SUR-ORIENTE
2682,-98.202093,18.993779,2684,MUNICIPIO LIBRE,CARLOS CAMACHO ESPIRITU,0,P-300,C-3000,1,0,1,SUR-ORIENTE
2683,-98.202086,18.993648,2685,MUNICIPIO LIBRE,CARLOS CAMACHO ESPIRITU,0,PEDESTAL,C-3000,0,1,0,SUR-ORIENTE
2684,-98.189333,18.99746,2686,MUNICIPIO LIBRE,NEZAHUALCOYOTL,0,LATIGO,C-26,1,0,1,SUR-ORIENTE
2685,-98.189264,18.9976,2687,MUNICIPIO LIBRE,NEZAHUALCOYOTL,0,PEDESTAL,C-26,1,0,0,SUR-ORIENTE
2686,-98.189099,18.997503,2688,MUNICIPIO LIBRE,NEZAHUALCOYOTL,0,MP-01,C-26,1,0,1,SUR-ORIENTE
2687,-98.189827,18.997329,2689,MUNICIPIO LIBRE,SAN LORENZO,0,LATIGO,C-26,1,0,1,SUR-ORIENTE
2688,-98.189722,18.997183,2690,MUNICIPIO LIBRE,SAN LORENZO,0,PEDESTAL,C-26,1,0,0,SUR-ORIENTE
2689,-98.189675,18.997323,2691,MUNICIPIO LIBRE,SAN LORENZO,0,LATIGO,C-26,1,0,1,SUR-ORIENTE
2690,-98.24023,18.997737,2692,NACIONAL,105 PONIENTE,0,LATIGO,C-26,1,0,0,SUR-PONIENTE
2691,-98.240198,18.997878,2693,NACIONAL,105 PONIENTE,0,LATIGO,C-26,1,0,0,SUR-PONIENTE
2692,-98.240132,18.997681,2694,NACIONAL,105 PONIENTE,0,LATIGO,C-26,1,0,1,SUR-PONIENTE
2693,-98.240039,18.997809,2695,NACIONAL,105 PONIENTE,0,LATIGO,C-26,1,0,0,SUR-PONIENTE
2694,-98.229596,19.011987,2696,NACIONAL,73 PONIENTE,0,LATIGO,C-26,1,0,0,SUR-PONIENTE
2695,-98.229593,19.012016,2697,NACIONAL,73 PONIENTE,0,PEDESTAL,C-26,1,0,0,SUR-PONIENTE
2696,-98.229426,19.012022,2698,NACIONAL,73 PONIENTE,0,LATIGO,C-26,2,0,0,SUR-PONIENTE
2697,-98.231027,19.00915,2699,NACIONAL,77 PONIENTE,0,LATIGO,C-26,1,0,1,SUR-PONIENTE
2698,-98.230866,19.009181,2700,NACIONAL,77 PONIENTE,0,LATIGO,C-26,1,0,1,SUR-PONIENTE
2699,-98.233932,19.004967,2701,NACIONAL,83 PONIENTE,0,LATIGO,C-26,1,0,0,SUR-PONIENTE
2700,-98.233739,19.00501,2702,NACIONAL,83 PONIENTE,0,PEDESTAL,C-26,1,0,0,SUR-PONIENTE
2701,-98.233713,19.005056,2703,NACIONAL,83 PONIENTE,0,LATIGO,C-26,1,0,0,SUR-PONIENTE
2702,-98.234956,19.003598,2704,NACIONAL,DE LAS TORRES,0,LATIGO,C-26,1,0,0,SUR-PONIENTE
2703,-98.234829,19.003864,2705,NACIONAL,DE LAS TORRES,0,LATIGO,C-26,1,0,0,SUR-PONIENTE
2704,-98.234684,19.003524,2706,NACIONAL,DE LAS TORRES,0,LATIGO,C-26,1,0,0,SUR-PONIENTE
2705,-98.234603,19.003794,2707,NACIONAL,DE LAS TORRES,0,LATIGO,C-26,1,0,0,SUR-PONIENTE
2706,-98.227725,19.016045,2708,NACIONAL,LAS MARGARITAS,0,LATIGO,C-26,1,0,0,SUR-PONIENTE
2707,-98.227682,19.016239,2709,NACIONAL,LAS MARGARITAS,0,LATIGO,C-26,1,0,0,SUR-PONIENTE
2708,-98.227492,19.016078,2710,NACIONAL,LAS MARGARITAS,0,LATIGO,C-26,1,0,1,SUR-PONIENTE
2709,-98.227426,19.016282,2711,NACIONAL,LAS MARGARITAS,0,LATIGO,C-26,1,0,0,SUR-PONIENTE
2710,-98.218656,19.05952,2712,NORTE,10 PONIENTE,0,LATIGO,C-208,1,0,0,NOR-PONIENTE
2711,-98.218624,19.059632,2713,NORTE,10 PONIENTE,0,MG-10,C-208,2,0,0,NOR-PONIENTE
2712,-98.218298,19.0597,2714,NORTE,10 PONIENTE,0,MG-10,C-208,3,0,0,NOR-PONIENTE
2713,-98.218282,19.059457,2715,NORTE,10 PONIENTE,0,MG-10,C-208,4,0,0,NOR-PONIENTE
2714,-98.217751,19.060464,2716,NORTE,10 PONIENTE,0,LATIGO,C-208,1,0,1,NOR-PONIENTE
2715,-98.217561,19.060667,2717,NORTE,10 PONIENTE,0,LATIGO,C-208,1,0,0,NOR-PONIENTE
2716,-98.217522,19.060512,2718,NORTE,10 PONIENTE,0,PEDESTAL,C-208,1,0,0,NOR-PONIENTE
2717,-98.216629,19.0623,2719,NORTE,14 PONIENTE,0,PEDESTAL,C-26,1,0,0,NOR-PONIENTE
2718,-98.216561,19.062074,2720,NORTE,14 PONIENTE,0,LATIGO,C-26,1,0,1,NOR-PONIENTE
2719,-98.216523,19.062424,2721,NORTE,14 PONIENTE,0,PEDESTAL,C-26,1,0,0,NOR-PONIENTE
2720,-98.216412,19.061989,2722,NORTE,14 PONIENTE,0,LATIGO,C-26,1,0,0,NOR-PONIENTE
2721,-98.216332,19.062345,2723,NORTE,14 PONIENTE,0,LATIGO,C-26,1,0,1,NOR-PONIENTE
2722,-98.214613,19.06492,2724,NORTE,15 DE MAYO,0,PEDESTAL,C-216,1,0,0,NOR-PONIENTE
2723,-98.214587,19.064951,2725,NORTE,15 DE MAYO,0,PEDESTAL,C-216,0,1,0,NOR-PONIENTE
2724,-98.214505,19.064843,2726,NORTE,15 DE MAYO,0,MP-01,C-216,1,0,1,NOR-PONIENTE
2725,-98.21448,19.065163,2727,NORTE,15 DE MAYO,0,LATIGO,C-216,1,0,1,NOR-PONIENTE
2726,-98.214394,19.065139,2728,NORTE,15 DE MAYO,0,PEDESTAL,C-216,0,1,0,NOR-PONIENTE
2727,-98.214373,19.064744,2729,NORTE,15 DE MAYO,0,PEDESTAL,C-216,0,1,0,NOR-PONIENTE
2728,-98.21433,19.064754,2730,NORTE,15 DE MAYO,0,PEDESTAL,C-216,0,1,0,NOR-PONIENTE
2729,-98.214246,19.065045,2731,NORTE,15 DE MAYO,0,MP-01,C-216,1,0,1,NOR-PONIENTE
2730,-98.214243,19.064828,2732,NORTE,15 DE MAYO,0,LATIGO,C-216,1,0,1,NOR-PONIENTE
2731,-98.194266,19.071983,2733,NORTE,15 NORTE,0,P-300,C-216,1,0,1,NOR-PONIENTE
2732,-98.194264,19.072177,2734,NORTE,15 NORTE,0,P-300,C-216,2,0,0,NOR-PONIENTE
2733,-98.194243,19.072169,2735,NORTE,15 NORTE,0,PEDESTAL,C-216,1,0,0,NOR-PONIENTE
2734,-98.194162,19.072276,2736,NORTE,15 NORTE,0,LATIGO,C-216,1,0,1,NOR-PONIENTE
2735,-98.194047,19.072272,2737,NORTE,15 NORTE,0,PEDESTAL,C-216,0,1,0,NOR-PONIENTE
2736,-98.193988,19.072015,2738,NORTE,15 NORTE,0,P-300,C-216,2,0,1,NOR-PONIENTE
2737,-98.193921,19.072225,2739,NORTE,15 NORTE,0,P-300,C-216,1,0,1,NOR-PONIENTE
2738,-98.193905,19.072159,2740,NORTE,15 NORTE,0,PEDESTAL,C-216,0,1,0,NOR-PONIENTE
2739,-98.212264,19.066803,2741,NORTE,26 PONIENTE,0,LATIGO,C-208,1,0,0,NOR-PONIENTE
2740,-98.212107,19.066732,2742,NORTE,26 PONIENTE,0,PEDESTAL,C-208,1,0,0,NOR-PONIENTE
2741,-98.212076,19.06693,2743,NORTE,26 PONIENTE,0,PEDESTAL,C-208,1,0,0,NOR-PONIENTE
2742,-98.211863,19.066903,2744,NORTE,26 PONIENTE,0,PEDESTAL,C-208,1,0,0,NOR-PONIENTE
2743,-98.211843,19.066691,2745,NORTE,26 PONIENTE,0,PEDESTAL,C-208,1,0,0,NOR-PONIENTE
2744,-98.211734,19.066832,2746,NORTE,26 PONIENTE,0,LATIGO,C-208,1,0,0,NOR-PONIENTE
2745,-98.209818,19.068556,2747,NORTE,32 PONIENTE,0,LATIGO,C-208,1,0,1,NOR-PONIENTE
2746,-98.209594,19.068691,2748,NORTE,32 PONIENTE,0,LATIGO,C-208,1,0,1,NOR-PONIENTE
2747,-98.208256,19.070015,2749,NORTE,36 PONIENTE,0,LATIGO,C-208,1,0,0,NOR-PONIENTE
2748,-98.208169,19.070106,2750,NORTE,36 PONIENTE,0,PEDESTAL,C-208,1,0,0,NOR-PONIENTE
2749,-98.208153,19.069912,2751,NORTE,36 PONIENTE,0,PEDESTAL,C-208,1,0,0,NOR-PONIENTE
2750,-98.207975,19.070025,2752,NORTE,36 PONIENTE,0,PEDESTAL,C-208,1,0,0,NOR-PONIENTE
2751,-98.207877,19.069931,2753,NORTE,36 PONIENTE,0,LATIGO,C-208,1,0,0,NOR-PONIENTE
2752,-98.198787,19.074011,2754,NORTE,ENTRADA DE SAM'S,0,PEDESTAL,C-216,0,1,0,NOR-PONIENTE
2753,-98.198786,19.073725,2755,NORTE,ENTRADA DE SAM'S,0,PEDESTAL,C-216,0,1,0,NOR-PONIENTE
2754,-98.198779,19.073867,2756,NORTE,ENTRADA DE SAM'S,0,PEDESTAL,C-216,0,2,0,NOR-PONIENTE
2755,-98.19876,19.073856,2757,NORTE,ENTRADA DE SAM'S,0,P-300,C-216,2,0,0,NOR-PONIENTE
2756,-98.198758,19.073883,2758,NORTE,ENTRADA DE SAM'S,0,P-300,C-216,2,0,0,NOR-PONIENTE
2757,-98.196958,19.073561,2759,NORTE,HEROES DE NACOZARI,0,LATIGO,C-208,1,0,0,NOR-PONIENTE
2758,-98.196899,19.073737,2760,NORTE,HEROES DE NACOZARI,0,LATIGO,C-208,1,0,0,NOR-PONIENTE
2759,-98.19685,19.073769,2761,NORTE,HEROES DE NACOZARI,0,LATIGO,C-208,1,0,0,NOR-PONIENTE
2760,-98.196644,19.073214,2762,NORTE,HEROES DE NACOZARI,0,LATIGO,C-208,1,0,0,NOR-PONIENTE
2761,-98.196642,19.07338,2763,NORTE,HEROES DE NACOZARI,0,MP-01,C-208,1,0,1,NOR-PONIENTE
2762,-98.206578,19.071356,2764,NORTE,PLAZA LOS GALLOS,0,PEDESTAL,C-208,0,1,0,NOR-PONIENTE
2763,-98.206513,19.071226,2765,NORTE,PLAZA LOS GALLOS,0,LATIGO,C-208,1,0,0,NOR-PONIENTE
2764,-98.20648,19.071246,2766,NORTE,PLAZA LOS GALLOS,0,PEDESTAL,C-208,0,2,0,NOR-PONIENTE
2765,-98.206443,19.071268,2767,NORTE,PLAZA LOS GALLOS,0,LATIGO,C-208,1,0,0,NOR-PONIENTE
2766,-98.206382,19.071135,2768,NORTE,PLAZA LOS GALLOS,0,PEDESTAL,C-208,0,1,0,NOR-PONIENTE
2767,-98.203596,19.076895,2769,PINO SUAREZ,CARMEN SERDAN,0,LATIGO,C-208,1,0,0,NOR-PONIENTE
2768,-98.203462,19.076912,2770,PINO SUAREZ,CARMEN SERDAN,0,PEDESTAL,C-208,1,0,0,NOR-PONIENTE
2769,-98.203374,19.07731,2771,PINO SUAREZ,CARMEN SERDAN,0,LATIGO,C-208,1,0,0,NOR-PONIENTE
2770,-98.20327,19.076966,2772,PINO SUAREZ,CARMEN SERDAN,0,LATIGO,C-208,1,0,0,NOR-PONIENTE
2771,-98.179936,19.044916,2773,PROFESOR FRITZ THEISS,28 NORTE,20 ORIENTE,PEDESTAL,C-26,0,1,0,NOR-ORIENTE
2772,-98.179773,19.044869,2774,PROFESOR FRITZ THEISS,28 NORTE,20 ORIENTE,LATIGO,C-26,1,1,1,NOR-ORIENTE
2773,-98.137897,19.042346,2775,PUEBLA-TEHUACAN,ENTRADA A CHEDRUAHUI,SORIANA,LATIGO,C-26,1,0,2,NOR-ORIENTE
2774,-98.137767,19.042204,2776,PUEBLA-TEHUACAN,ENTRADA A CHEDRUAHUI,SORIANA,PEDESTAL,C-26,1,0,0,NOR-ORIENTE
2775,-98.137566,19.042381,2777,PUEBLA-TEHUACAN,ENTRADA A CHEDRUAHUI,SORIANA,LATIGO,C-26,1,0,1,NOR-ORIENTE
2776,-98.145759,19.041842,2778,PUEBLA-TEHUACAN,PLAZUELA DE BOLICHE,0,LATIGO,C-26,1,0,0,NOR-ORIENTE
2777,-98.145744,19.041926,2779,PUEBLA-TEHUACAN,PLAZUELA DE BOLICHE,0,PEDESTAL,C-26,1,0,0,NOR-ORIENTE
2778,-98.145487,19.041818,2780,PUEBLA-TEHUACAN,PLAZUELA DE BOLICHE,0,LATIGO,C-26,1,0,0,NOR-ORIENTE
2779,-98.206704,19.091377,2781,PUEBLA-TLAXCALA,5 DE MAYO,0,LATIGO,C-26,1,0,0,NOR-PONIENTE
2780,-98.206598,19.091128,2782,PUEBLA-TLAXCALA,5 DE MAYO,0,P-300,C-26,2,0,0,NOR-PONIENTE
2781,-98.20639,19.091444,2783,PUEBLA-TLAXCALA,5 DE MAYO,0,P-300,C-26,2,0,0,NOR-PONIENTE
2782,-98.206285,19.091253,2784,PUEBLA-TLAXCALA,5 DE MAYO,0,LATIGO,C-26,1,0,1,NOR-PONIENTE
2783,-98.207692,19.099743,2785,PUEBLA-TLAXCALA,AXOXOCATL,0,PEDESTAL,C-26,1,0,0,NOR-PONIENTE
2784,-98.207643,19.100001,2786,PUEBLA-TLAXCALA,AXOXOCATL,0,MG-10,C-26,2,0,0,NOR-PONIENTE
2785,-98.207412,19.099454,2787,PUEBLA-TLAXCALA,AXOXOCATL,0,MG-10,C-26,2,0,0,NOR-PONIENTE
2786,-98.207391,19.099851,2788,PUEBLA-TLAXCALA,AXOXOCATL,0,LATIGO,C-26,1,0,0,NOR-PONIENTE
2787,-98.207359,19.099602,2789,PUEBLA-TLAXCALA,AXOXOCATL,0,PEDESTAL,C-26,1,0,0,NOR-PONIENTE
2788,-98.207255,19.096014,2790,PUEBLA-TLAXCALA,DE LOS PALOS,0,PEDESTAL,C-26,1,0,0,NOR-PONIENTE
2789,-98.207164,19.095903,2791,PUEBLA-TLAXCALA,DE LOS PALOS,0,LATIGO,C-26,1,0,0,NOR-PONIENTE
2790,-98.207046,19.096217,2792,PUEBLA-TLAXCALA,DE LOS PALOS,0,LATIGO,C-26,1,0,1,NOR-PONIENTE
2791,-98.208168,19.103478,2793,PUEBLA-TLAXCALA,IGNACIO MARISCAL,0,PEDESTAL,C-26,1,0,0,NOR-PONIENTE
2792,-98.208007,19.103023,2794,PUEBLA-TLAXCALA,IGNACIO MARISCAL,0,MG-10,C-26,2,0,1,NOR-PONIENTE
2793,-98.207911,19.103515,2795,PUEBLA-TLAXCALA,IGNACIO MARISCAL,0,LATIGO,C-26,1,0,0,NOR-PONIENTE
2794,-98.228782,19.100853,2796,PUEBLA-TLAXCALA,REAL A SAN JERONIMO,0,LATIGO,C-26,1,0,0,NOR-PONIENTE
2795,-98.228649,19.101065,2797,PUEBLA-TLAXCALA,REAL A SAN JERONIMO,0,LATIGO,C-26,1,0,0,NOR-PONIENTE
2796,-98.22865,19.100737,2798,PUEBLA-TLAXCALA,REAL A SAN JERONIMO,0,LATIGO,C-26,1,0,0,NOR-PONIENTE
2797,-98.208469,19.106109,2799,PUEBLA-TLAXCALA,SAN JUAN TULCINGO,0,LATIGO,C-26,1,0,1,NOR-PONIENTE
2798,-98.208382,19.105994,2800,PUEBLA-TLAXCALA,SAN JUAN TULCINGO,0,LATIGO,C-26,1,0,0,NOR-PONIENTE
2799,-98.208273,19.106435,2801,PUEBLA-TLAXCALA,SAN JUAN TULCINGO,0,DOBLE LATIGO,C-26,2,0,0,NOR-PONIENTE
2800,-98.208178,19.106341,2802,PUEBLA-TLAXCALA,SAN JUAN TULCINGO,0,PEDESTAL,C-26,1,0,0,NOR-PONIENTE
2801,-98.235445,19.059825,2803,RECTA CHOLULA,53 SUR,0,LATIGO,C-26,1,0,0,SUR-PONIENTE
2802,-98.235335,19.059966,2804,RECTA CHOLULA,53 SUR,0,LATIGO,C-26,1,0,1,SUR-PONIENTE
2803,-98.235285,19.059818,2805,RECTA CHOLULA,53 SUR,0,PEDESTAL,C-26,2,0,0,SUR-PONIENTE
2804,-98.235232,19.059772,2806,RECTA CHOLULA,53 SUR,0,LATIGO,C-26,1,0,0,SUR-PONIENTE
2805,-98.206345,19.048223,2807,REFORMA,11 NORTE,0,LATIGO,C-216,2,0,1,SUR-PONIENTE
2806,-98.206226,19.048373,2808,REFORMA,11 NORTE,0,PEDESTAL,C-216,0,2,0,NOR-PONIENTE
2807,-98.206218,19.048164,2809,REFORMA,11 NORTE,0,PEDESTAL,C-216,1,0,0,SUR-PONIENTE
2808,-98.206185,19.048415,2810,REFORMA,11 NORTE,0,LATIGO,C-216,2,0,1,NOR-PONIENTE
2809,-98.206146,19.048302,2811,REFORMA,11 NORTE,0,PEDESTAL,C-216,1,0,0,NOR-PONIENTE
2810,-98.207328,19.048957,2812,REFORMA,13 NORTE,0,PEDESTAL,C-26,1,0,0,NOR-PONIENTE
2811,-98.2072,19.048881,2813,REFORMA,13 NORTE,0,PEDESTAL,C-26,2,0,1,NOR-PONIENTE
2812,-98.208824,19.049536,2814,REFORMA,15 NORTE,0,PEDESTAL,C-26,1,0,0,SUR-PONIENTE
2813,-98.208736,19.049655,2815,REFORMA,15 NORTE,0,PEDESTAL,C-26,1,0,0,NOR-PONIENTE
2814,-98.21033,19.05051,2816,REFORMA,17 NORTE,0,PEDESTAL,C-26,1,0,0,NOR-PONIENTE
2815,-98.210202,19.050391,2817,REFORMA,17 NORTE,0,PEDESTAL,C-26,1,0,0,NOR-PONIENTE
2816,-98.211957,19.051142,2818,REFORMA,19 NORTE,0,PEDESTAL,C-26,1,0,0,SUR-PONIENTE
2817,-98.211893,19.051231,2819,REFORMA,19 NORTE,0,PEDESTAL,C-26,1,0,0,NOR-PONIENTE
2818,-98.213422,19.052015,2820,REFORMA,21 NORTE,0,PEDESTAL,C-26,1,0,0,NOR-PONIENTE
2819,-98.213316,19.051963,2821,REFORMA,21 NORTE,0,LATIGO,C-26,1,0,0,NOR-PONIENTE
2820,-98.215057,19.05286,2822,REFORMA,23 NORTE,0,PEDESTAL,C-26,1,0,0,NOR-PONIENTE
2821,-98.215047,19.052738,2823,REFORMA,23 NORTE,0,PEDESTAL,C-26,1,0,0,SUR-PONIENTE
2822,-98.216619,19.053502,2824,REFORMA,25 NORTE,0,PEDESTAL,C-26,1,0,0,SUR-PONIENTE
2823,-98.216555,19.053565,2825,REFORMA,25 NORTE,0,PEDESTAL,C-26,1,0,0,SUR-PONIENTE
2824,-98.200146,19.04512,2826,REFORMA,3 NORTE,0,PEDESTAL,C-26,1,0,0,SUR-PONIENTE
2825,-98.200082,19.045211,2827,REFORMA,3 NORTE,0,PEDESTAL,C-26,1,0,0,NOR-PONIENTE
2826,-98.22353,19.058598,2828,REFORMA,37 NORTE,0,LATIGO,C-208,1,0,0,NOR-PONIENTE
2827,-98.223437,19.058342,2829,REFORMA,37 NORTE,0,PEDESTAL,C-208,1,0,0,SUR-PONIENTE
2828,-98.223341,19.058624,2830,REFORMA,37 NORTE,0,LATIGO,C-208,1,0,0,NOR-PONIENTE
2829,-98.223209,19.058364,2831,REFORMA,37 NORTE,0,LATIGO,C-208,2,0,1,NOR-PONIENTE
2830,-98.233809,19.064411,2832,REFORMA,4 SUR,0,LATIGO,C-208,1,0,0,NOR-PONIENTE
2831,-98.233769,19.064035,2833,REFORMA,4 SUR,0,PEDESTAL,C-208,1,0,0,SUR-PONIENTE
2832,-98.233758,19.064222,2834,REFORMA,4 SUR,0,PEDESTAL,C-208,1,0,0,SUR-PONIENTE
2833,-98.233618,19.063949,2835,REFORMA,4 SUR,0,LATIGO,C-208,1,0,0,SUR-PONIENTE
2834,-98.233604,19.064273,2836,REFORMA,4 SUR,0,PEDESTAL,C-208,1,0,0,NOR-PONIENTE
2835,-98.23353,19.064072,2837,REFORMA,4 SUR,0,PEDESTAL,C-208,2,0,0,SUR-PONIENTE
2836,-98.231378,19.062958,2838,REFORMA,49 NORTE,0,LATIGO,C-26,1,0,0,NOR-PONIENTE
2837,-98.231244,19.062722,2839,REFORMA,49 NORTE,0,LATIGO,C-26,1,0,0,SUR-PONIENTE
2838,-98.198635,19.044386,2840,REFORMA,5 DE MAYO,0,PEDESTAL,C-26,0,1,0,SUR-PONIENTE
2839,-98.198576,19.044457,2841,REFORMA,5 DE MAYO,0,PEDESTAL,C-26,0,1,0,NOR-PONIENTE
2840,-98.198531,19.044399,2842,REFORMA,5 DE MAYO,0,PEDESTAL,C-26,2,0,0,NOR-ORIENTE
2841,-98.201659,19.046041,2843,REFORMA,5 NORTE,0,PEDESTAL,C-26,1,0,0,NOR-PONIENTE
2842,-98.20155,19.045956,2844,REFORMA,5 NORTE,0,PEDESTAL,C-26,1,0,0,NOR-PONIENTE
2843,-98.203144,19.046645,2845,REFORMA,7 NORTE,0,LATIGO,C-26,1,0,0,SUR-PONIENTE
2844,-98.203066,19.046747,2846,REFORMA,7 NORTE,0,PEDESTAL,C-26,1,0,0,NOR-PONIENTE
2845,-98.204671,19.047561,2847,REFORMA,9 NORTE,0,PEDESTAL,C-26,1,0,0,NOR-PONIENTE
2846,-98.204569,19.047496,2848,REFORMA,9 NORTE,0,PEDESTAL,C-26,1,0,0,NOR-PONIENTE
2847,-98.220913,19.056501,2849,REFORMA,NORTE,0,MP-01,C-208,2,0,1,SUR-PONIENTE
2848,-98.220857,19.05678,2850,REFORMA,NORTE,0,MP-01,C-208,2,0,1,NOR-PONIENTE
2849,-98.220684,19.056343,2851,REFORMA,NORTE,0,MP-01,C-208,2,0,1,SUR-PONIENTE
2850,-98.220533,19.056506,2852,REFORMA,NORTE,0,MP-01,C-208,2,0,1,NOR-PONIENTE
2851,-98.218882,19.055095,2853,REFORMA,DEFENSORES DE LA REPUBLICA,0,LATIGO,C-208,2,0,1,SUR-PONIENTE
2852,-98.21856,19.055133,2854,REFORMA,DEFENSORES DE LA REPUBLICA,0,LATIGO,C-208,2,0,1,NOR-PONIENTE
2853,-98.218437,19.054998,2855,REFORMA,DEFENSORES DE LA REPUBLICA,0,PEDESTAL,C-208,1,0,0,NOR-PONIENTE
2854,-98.238923,19.067227,2856,REFORMA,GLORIA,0,LATIGO,C-26,1,0,0,SUR-PONIENTE
2855,-98.238893,19.067215,2857,REFORMA,GLORIA,0,PEDESTAL,C-26,1,0,0,SUR-PONIENTE
2856,-98.225132,19.059569,2858,REFORMA,GUADALUPE,0,LATIGO,C-208,2,0,1,NOR-PONIENTE
2857,-98.224891,19.059586,2859,REFORMA,GUADALUPE,0,PEDESTAL,C-208,1,0,0,NOR-PONIENTE
2858,-98.2248,19.059352,2860,REFORMA,GUADALUPE,0,LATIGO,C-208,2,0,1,NOR-PONIENTE
2859,-98.235424,19.065207,2861,REFORMA,MIGUEL HIDALGO,0,LATIGO,C-208,2,0,0,SUR-PONIENTE
2860,-98.235284,19.065238,2862,REFORMA,MIGUEL HIDALGO,0,PEDESTAL,C-208,1,0,0,NOR-PONIENTE
2861,-98.23523,19.065075,2863,REFORMA,MIGUEL HIDALGO,0,LATIGO,C-208,2,0,0,SUR-PONIENTE
2862,-98.2277,19.06069,2864,REFORMA,SAN MARTIN TEXMELUCAN,0,LATIGO,C-208,2,0,0,SUR-PONIENTE
2863,-98.227435,19.06074,2865,REFORMA,SAN MARTIN TEXMELUCAN,0,PEDESTAL,C-208,1,0,0,NOR-PONIENTE
2864,-98.227369,19.060568,2866,REFORMA,SAN MARTIN TEXMELUCAN,0,LATIGO,C-208,1,0,0,SUR-PONIENTE
2865,-98.230137,19.062067,2867,REFORMA,TEZIUTLAN SUR,0,PEDESTAL,C-208,1,0,0,SUR-PONIENTE
2866,-98.230083,19.062187,2868,REFORMA,TEZIUTLAN SUR,0,LATIGO,C-208,1,0,0,NOR-PONIENTE
2867,-98.229913,19.061768,2869,REFORMA,TEZIUTLAN SUR,0,LATIGO,C-208,1,0,0,SUR-PONIENTE
2868,-98.229893,19.062076,2870,REFORMA,TEZIUTLAN SUR,0,PEDESTAL,C-208,1,0,0,NOR-PONIENTE
2869,-98.229814,19.06186,2871,REFORMA,TEZIUTLAN SUR,0,PEDESTAL,C-208,1,0,0,SUR-PONIENTE
2870,-98.193369,18.996318,2872,RIO PAPAGAYO,MUNICIPIO LIBRE,0,LATIGO,C-26,1,0,1,SUR-ORIENTE
2871,-98.193207,18.996329,2873,RIO PAPAGAYO,MUNICIPIO LIBRE,0,LATIGO,C-26,1,0,1,SUR-ORIENTE
2872,-98.232948,19.055279,2874,RODENDO MARQUEZ,SAN MARTIN TEXMELUCAN,0,LATIGO,C-26,1,0,0,SUR-PONIENTE
2873,-98.232811,19.05549,2875,RODENDO MARQUEZ,SAN MARTIN TEXMELUCAN,0,PEDESTAL,C-26,1,0,0,SUR-PONIENTE
2874,-98.232713,19.055251,2876,RODENDO MARQUEZ,SAN MARTIN TEXMELUCAN,0,PEDESTAL,C-26,1,0,0,SUR-PONIENTE
2875,-98.232474,19.055719,2877,RODENDO MARQUEZ,SAN MARTIN TEXMELUCAN,0,LATIGO,C-26,1,0,0,SUR-PONIENTE
2876,-98.234477,19.052563,2878,ROSENDO MARQUEZ,21 PONIENTE,0,LATIGO,C-26,1,0,1,SUR-PONIENTE
2877,-98.234424,19.052702,2879,ROSENDO MARQUEZ,21 PONIENTE,0,PEDESTAL,C-26,1,0,0,SUR-PONIENTE
2878,-98.234391,19.052493,2880,ROSENDO MARQUEZ,21 PONIENTE,0,PEDESTAL,C-26,1,0,0,SUR-PONIENTE
2879,-98.234296,19.052659,2881,ROSENDO MARQUEZ,21 PONIENTE,0,PEDESTAL,C-26,1,0,0,SUR-PONIENTE
2880,-98.234271,19.052478,2882,ROSENDO MARQUEZ,21 PONIENTE,0,LATIGO,C-26,1,0,1,SUR-PONIENTE
2881,-98.234197,19.052629,2883,ROSENDO MARQUEZ,21 PONIENTE,0,LATIGO,C-26,1,0,1,SUR-PONIENTE
2882,-98.235415,19.050851,2884,ROSENDO MARQUEZ,25 PONIENTE,0,LATIGO,C-26,1,0,0,SUR-PONIENTE
2883,-98.235185,19.050759,2885,ROSENDO MARQUEZ,25 PONIENTE,0,LATIGO,C-26,1,0,1,SUR-PONIENTE
2884,-98.235143,19.050932,2886,ROSENDO MARQUEZ,25 PONIENTE,0,LATIGO,C-26,1,0,1,SUR-PONIENTE
2885,-98.204903,19.005874,2887,SAN CLAUDIO,14 SUR,0,PEDESTAL,C-210,0,1,0,SUR-ORIENTE
2886,-98.204875,19.005913,2888,SAN CLAUDIO,14 SUR,0,LATIGO,C-210,1,0,0,SUR-ORIENTE
2887,-98.204863,19.005983,2889,SAN CLAUDIO,14 SUR,0,PEDESTAL,C-210,0,1,0,SUR-ORIENTE
2888,-98.204817,19.006071,2890,SAN CLAUDIO,14 SUR,0,PEDESTAL,C-210,0,1,0,SUR-ORIENTE
2889,-98.204806,19.005834,2891,SAN CLAUDIO,14 SUR,0,PEDESTAL,C-210,0,1,0,SUR-ORIENTE
2890,-98.204798,19.005849,2892,SAN CLAUDIO,14 SUR,0,LATIGO,C-210,1,0,1,SUR-ORIENTE
2891,-98.204782,19.006079,2893,SAN CLAUDIO,14 SUR,0,PEDESTAL,C-210,0,1,0,SUR-ORIENTE
2892,-98.204755,19.005764,2894,SAN CLAUDIO,14 SUR,0,PEDESTAL,C-210,0,1,0,SUR-ORIENTE
2893,-98.204664,19.006005,2895,SAN CLAUDIO,14 SUR,0,PEDESTAL,C-210,0,2,0,SUR-ORIENTE
2894,-98.204639,19.005735,2896,SAN CLAUDIO,14 SUR,0,PEDESTAL,C-210,0,1,0,SUR-ORIENTE
2895,-98.204622,19.005727,2897,SAN CLAUDIO,14 SUR,0,PEDESTAL,C-210,0,1,0,SUR-ORIENTE
2896,-98.204609,19.005601,2898,SAN CLAUDIO,14 SUR,0,LATIGO,C-210,1,1,0,SUR-ORIENTE
2897,-98.204525,19.005941,2899,SAN CLAUDIO,14 SUR,0,LATIGO,C-210,1,1,0,SUR-ORIENTE
2898,-98.204494,19.005882,2900,SAN CLAUDIO,14 SUR,0,PEDESTAL,C-210,0,1,0,SUR-ORIENTE
2899,-98.201906,19.004487,2901,SAN CLAUDIO,18 SUR,0,PEDESTAL,C-26,0,1,0,SUR-ORIENTE
2900,-98.201826,19.004613,2902,SAN CLAUDIO,18 SUR,0,LATIGO,C-26,1,0,0,SUR-ORIENTE
2901,-98.201808,19.004667,2903,SAN CLAUDIO,18 SUR,0,PEDESTAL,C-26,0,2,0,SUR-ORIENTE
2902,-98.201789,19.004434,2904,SAN CLAUDIO,18 SUR,0,LATIGO,C-26,1,0,1,SUR-ORIENTE
2903,-98.201646,19.00436,2905,SAN CLAUDIO,18 SUR,0,PEDESTAL,C-26,0,2,0,SUR-ORIENTE
2904,-98.201591,19.004502,2906,SAN CLAUDIO,18 SUR,0,PEDESTAL,C-26,0,2,0,SUR-ORIENTE
2905,-98.201558,19.004589,2907,SAN CLAUDIO,18 SUR,0,PEDESTAL,C-26,0,2,0,SUR-ORIENTE
2906,-98.199381,19.003234,2908,SAN CLAUDIO,ENTRADA A FACULTAD DE DERECHO,0,PEDESTAL,C-26,0,1,0,SUR-ORIENTE
2907,-98.199326,19.003341,2909,SAN CLAUDIO,ENTRADA A FACULTAD DE DERECHO,0,LATIGO,C-26,1,1,1,SUR-ORIENTE
2908,-98.199254,19.003475,2910,SAN CLAUDIO,ENTRADA A FACULTAD DE DERECHO,0,LATIGO,C-26,1,1,1,SUR-ORIENTE
2909,-98.199223,19.003538,2911,SAN CLAUDIO,ENTRADA A FACULTAD DE DERECHO,0,PEDESTAL,C-26,0,1,0,SUR-ORIENTE
2910,-98.219886,19.069457,2912,SAN FELIPE,15 DE MAYO,0,LATIGO,C-26,1,0,1,NOR-PONIENTE
2911,-98.219884,19.069773,2913,SAN FELIPE,15 DE MAYO,0,PEDESTAL,C-26,1,0,0,NOR-PONIENTE
2912,-98.219659,19.069665,2914,SAN FELIPE,15 DE MAYO,0,LATIGO,C-26,1,0,1,NOR-PONIENTE
2913,-98.219646,19.069346,2915,SAN FELIPE,15 DE MAYO,0,PEDESTAL,C-26,1,0,0,NOR-PONIENTE
2914,-98.218494,19.073894,2916,SAN FELIPE,34 PONIENTE,0,MP-01,C-208,1,0,1,NOR-PONIENTE
2915,-98.218316,19.073947,2917,SAN FELIPE,34 PONIENTE,0,PEDESTAL,C-208,1,0,0,NOR-PONIENTE
2916,-98.218264,19.074135,2918,SAN FELIPE,34 PONIENTE,0,MP-01,C-208,1,0,1,NOR-PONIENTE
2917,-98.213923,19.087041,2919,SAN FELIPE,5 DE FEBRERO PONIENTE,0,LATIGO,C-26,1,0,1,NOR-PONIENTE
2918,-98.21384,19.087,2920,SAN FELIPE,5 DE FEBRERO PONIENTE,0,LATIGO,C-26,1,0,1,NOR-PONIENTE
2919,-98.217872,19.075849,2921,SAN FELIPE,ENTRADA A POLICIA MUNICIPAL,0,LATIGO,C-26,1,0,1,NOR-PONIENTE
2920,-98.217868,19.07587,2922,SAN FELIPE,ENTRADA A POLICIA MUNICIPAL,0,PEDESTAL,C-26,1,0,0,NOR-PONIENTE
2921,-98.217695,19.075911,2923,SAN FELIPE,ENTRADA A POLICIA MUNICIPAL,0,DOBLE LATIGO,C-26,2,0,1,NOR-PONIENTE
2922,-98.216813,19.079392,2924,SAN FELIPE,MARIA DEL CARMEN MILLAN,0,MG-10,C-26,4,0,1,NOR-PONIENTE
2923,-98.216407,19.079698,2925,SAN FELIPE,MARIA DEL CARMEN MILLAN,0,PEDESTAL,C-26,2,0,0,NOR-PONIENTE
2924,-98.218843,19.072804,2926,SAN FELIPE,VALLE DEL ANGEL,0,DOBLE LATIGO,C-26,2,0,0,NOR-PONIENTE
2925,-98.218619,19.073008,2927,SAN FELIPE,VALLE DEL ANGEL,0,DOBLE LATIGO,C-26,2,0,0,NOR-PONIENTE
2926,-98.200272,19.065444,2928,SAN MIGUEL,15 NORTE,0,LATIGO,C-26,2,0,0,NOR-PONIENTE
2927,-98.200213,19.065613,2929,SAN MIGUEL,15 NORTE,0,LATIGO,C-26,1,0,0,NOR-PONIENTE
2928,-98.229096,19.057958,2930,TEZIUTLAN NORTE,SAN MARTIN TEXMELUCAN,0,LATIGO,C-26,1,0,0,SUR-PONIENTE
2929,-98.229068,19.058101,2931,TEZIUTLAN NORTE,SAN MARTIN TEXMELUCAN,0,PEDESTAL,C-26,1,0,0,SUR-PONIENTE
2930,-98.228945,19.058241,2932,TEZIUTLAN NORTE,SAN MARTIN TEXMELUCAN,0,LATIGO,C-26,1,0,0,SUR-PONIENTE
2931,-98.228756,19.058079,2933,TEZIUTLAN NORTE,SAN MARTIN TEXMELUCAN,0,LATIGO,C-26,1,0,0,SUR-PONIENTE
2932,-98.228637,19.05835,2934,TEZIUTLAN NORTE,SAN MARTIN TEXMELUCAN,0,LATIGO,C-26,1,0,0,SUR-PONIENTE
2933,-98.231292,19.058052,2935,TEZIUTLAN NORTE,TEZIUTLAN SUR,0,LATIGO,C-26,1,0,0,SUR-PONIENTE
2934,-98.231186,19.05828,2936,TEZIUTLAN NORTE,TEZIUTLAN SUR,0,LATIGO,C-26,1,0,0,SUR-PONIENTE
2935,-98.23118,19.057917,2937,TEZIUTLAN NORTE,TEZIUTLAN SUR,0,PEDESTAL,C-26,1,0,0,SUR-PONIENTE
2936,-98.231001,19.058247,2938,TEZIUTLAN NORTE,TEZIUTLAN SUR,0,LATIGO,C-26,1,0,1,SUR-PONIENTE
2937,-98.230973,19.057839,2939,TEZIUTLAN NORTE,TEZIUTLAN SUR,0,LATIGO,C-26,1,0,1,SUR-PONIENTE
2938,-98.230861,19.057994,2940,TEZIUTLAN NORTE,TEZIUTLAN SUR,0,MP-01,C-26,1,0,0,SUR-PONIENTE
2939,-98.230797,19.060646,2941,TEZIUTLAN SUR,REFORMA SUR,0,LATIGO,C-26,1,0,0,SUR-PONIENTE
2940,-98.230773,19.060771,2942,TEZIUTLAN SUR,REFORMA SUR,0,PEDESTAL,C-26,1,0,0,SUR-PONIENTE
2941,-98.230719,19.060854,2943,TEZIUTLAN SUR,REFORMA SUR,0,LATIGO,C-26,1,0,0,SUR-PONIENTE
2942,-98.230695,19.060585,2944,TEZIUTLAN SUR,REFORMA SUR,0,PEDESTAL,C-26,1,0,0,SUR-PONIENTE
2943,-98.230575,19.060799,2945,TEZIUTLAN SUR,REFORMA SUR,0,PEDESTAL,C-26,1,0,0,SUR-PONIENTE
2944,-98.230562,19.060547,2946,TEZIUTLAN SUR,REFORMA SUR,0,LATIGO,C-26,1,0,0,SUR-PONIENTE
2945,-98.230517,19.060643,2947,TEZIUTLAN SUR,REFORMA SUR,0,PEDESTAL,C-26,1,0,0,SUR-PONIENTE
2946,-98.230469,19.060755,2948,TEZIUTLAN SUR,REFORMA SUR,0,LATIGO,C-26,1,0,0,SUR-PONIENTE
2947,-98.211307,19.080895,2949,TULIPAN,MARIA DEL CARMEN MILLAN,0,LATIGO,C-26,1,0,1,NOR-PONIENTE
2948,-98.211042,19.080844,2950,TULIPAN,MARIA DEL CARMEN MILLAN,0,LATIGO,C-26,1,0,0,NOR-PONIENTE
2949,-98.211016,19.080943,2951,TULIPAN,MARIA DEL CARMEN MILLAN,0,DOBLE LATIGO,C-26,2,0,0,NOR-PONIENTE
2950,-98.18135,19.009241,2952,VICENTE SUAREZ,FIDEL VELAZQUEZ,0,LATIGO,C-210,1,0,0,SUR-ORIENTE
2951,-98.181331,19.009071,2953,VICENTE SUAREZ,FIDEL VELAZQUEZ,0,LATIGO,C-210,1,0,0,SUR-ORIENTE
2952,-98.181164,19.009357,2954,VICENTE SUAREZ,FIDEL VELAZQUEZ,0,PEDESTAL,C-210,1,0,0,SUR-ORIENTE
2953,-98.181008,19.009323,2955,VICENTE SUAREZ,FIDEL VELAZQUEZ,0,LATIGO,C-210,1,0,1,SUR-ORIENTE
2954,-98.180917,19.009152,2956,VICENTE SUAREZ,FIDEL VELAZQUEZ,0,LATIGO,C-210,1,0,1,SUR-ORIENTE
2955,-98.184783,19.044506,2957,XONACA,18 NORTE,18 NORTE,LATIGO,C-26,1,0,1,NOR-ORIENTE
2956,-98.184746,19.044343,2958,XONACA,18 NORTE,18 NORTE,LATIGO,C-26,1,0,0,NOR-ORIENTE
2957,-98.181818,19.045322,2959,XONACA,20 ORIENTE,0,LATIGO,C-208,1,0,0,NOR-ORIENTE
2958,-98.181537,19.045178,2960,XONACA,20 ORIENTE,0,PEDESTAL,C-208,1,0,0,NOR-ORIENTE
2959,-98.181532,19.045192,2961,XONACA,20 ORIENTE,0,LATIGO,C-208,1,0,0,NOR-ORIENTE
2960,-98.179423,19.045902,2962,XONACA,24 SUR,0,PEDESTAL,C-208,1,0,0,NOR-ORIENTE
2961,-98.175078,19.046442,2963,XONACA,30 NORTE,BLVD XONACA,LATIGO,C-208,1,0,0,NOR-ORIENTE
2962,-98.174955,19.046531,2964,XONACA,30 NORTE,0,PEDESTAL,C-208,0,1,0,NOR-ORIENTE
2963,-98.174852,19.046538,2965,XONACA,30 NORTE,0,PEDESTAL,C-208,0,1,0,NOR-ORIENTE
2964,-98.174846,19.046299,2966,XONACA,30 NORTE,30 NORTE,PEDESTAL,C-208,1,0,0,NOR-ORIENTE
2965,-98.174825,19.046323,2967,XONACA,30 NORTE,0,PEDESTAL,C-208,0,1,0,NOR-ORIENTE
2966,-98.17478,19.046328,2968,XONACA,30 NORTE,0,LATIGO,C-208,1,0,0,NOR-ORIENTE
2967,-98.173543,19.046864,2969,XONACA,32 NORTE BIS,0,LATIGO,C-208,1,0,0,NOR-ORIENTE
2968,-98.173478,19.046882,2970,XONACA,32 NORTE BIS,0,PEDESTAL,C-208,1,0,0,NOR-ORIENTE
2969,-98.173291,19.046721,2971,XONACA,32 NORTE BIS,0,LATIGO,C-208,1,0,0,NOR-ORIENTE
2970,-98.179501,19.045864,2972,XONACA,XONACA,24 NORTE,LATIGO,C-26,1,0,0,NOR-ORIENTE
2971,-98.135665,19.055522,2973,XONACATEPEC,ATEMPAN,0,MG-10,C-216,2,0,0,NOR-ORIENTE
2972,-98.135599,19.055658,2974,XONACATEPEC,ATEMPAN,0,MG-10,C-216,2,0,0,NOR-ORIENTE
2973,-98.135592,19.055395,2975,XONACATEPEC,ATEMPAN,ATEMPAN,PEDESTAL,C-216,1,0,0,NOR-ORIENTE
2974,-98.135398,19.05548,2976,XONACATEPEC,ATEMPAN,0,MG-10,C-216,3,0,1,NOR-ORIENTE
2975,-98.135359,19.055817,2977,XONACATEPEC,ATEMPAN,0,MG-10,C-216,1,0,0,NOR-ORIENTE
2976,-98.13532,19.055576,2978,XONACATEPEC,ATEMPAN,0,MG-10,C-216,1,0,0,NOR-ORIENTE
2977,-98.135117,19.05585,2979,XONACATEPEC,ATEMPAN,0,PEDESTAL,C-216,1,0,0,NOR-ORIENTE
2978,-98.13509,19.05573,2980,XONACATEPEC,ATEMPAN,0,MG-10,C-216,4,0,0,NOR-ORIENTE
2979,-98.128643,19.060617,2981,XONACATEPEC,DE LAS ROSAS,0,LATIGO,C-26,1,0,0,NOR-ORIENTE
2980,-98.128537,19.060538,2982,XONACATEPEC,DE LAS ROSAS,0,PEDESTAL,C-26,1,0,0,NOR-ORIENTE
2981,-98.128345,19.060687,2983,XONACATEPEC,DE LAS ROSAS,UH5,PEDESTAL,C-26,1,0,0,NOR-ORIENTE
2982,-98.128275,19.060583,2984,XONACATEPEC,DE LAS ROSAS,0,PEDESTAL,C-26,1,0,0,NOR-ORIENTE
2983,-98.12826,19.060613,2985,XONACATEPEC,DE LAS ROSAS,0,LATIGO,C-26,1,0,0,NOR-ORIENTE
2984,-98.128186,19.060508,2986,XONACATEPEC,DE LAS ROSAS,0,LATIGO,C-26,1,0,0,NOR-ORIENTE
2985,-98.147259,19.05254,2987,XONACATEPEC,DE LAS TORRES,0,LATIGO,C-26,1,0,0,NOR-ORIENTE
2986,-98.147134,19.052351,2988,XONACATEPEC,DE LAS TORRES,0,PEDESTAL,C-26,1,0,0,NOR-ORIENTE
2987,-98.147106,19.052802,2989,XONACATEPEC,DE LAS TORRES,0,PEDESTAL,C-26,1,0,0,NOR-ORIENTE
2988,-98.146928,19.052528,2990,XONACATEPEC,DE LAS TORRES,0,PEDESTAL,C-26,2,0,0,NOR-ORIENTE
2989,-98.146915,19.052743,2991,XONACATEPEC,DE LAS TORRES,0,LATIGO,C-26,1,0,0,NOR-ORIENTE
2990,-98.14404,19.054352,2992,XONACATEPEC,DEL ABEDUL,0,LATIGO,C-26,1,0,0,NOR-ORIENTE
2991,-98.143958,19.054408,2993,XONACATEPEC,DEL ABEDUL,FEDERAL 4,PEDESTAL,C-26,1,0,0,NOR-ORIENTE
2992,-98.14375,19.054473,2994,XONACATEPEC,DEL ABEDUL,CALLE ENCINOS,LATIGO,C-26,1,0,0,NOR-ORIENTE
2993,-98.141061,19.05568,2995,XONACATEPEC,MEXICO,U-15,PEDESTAL,C-26,1,0,0,NOR-ORIENTE
2994,-98.141009,19.055584,2996,XONACATEPEC,MEXICO,U-15,LATIGO,C-26,1,0,0,NOR-ORIENTE
2995,-98.140581,19.055754,2997,XONACATEPEC,MEXICO,U-15,LATIGO,C-26,1,0,0,NOR-ORIENTE
2996,-98.133185,19.057357,2998,XONACATEPEC,MONTERREY,0,LATIGO,C-26,1,0,0,NOR-ORIENTE
2997,-98.133097,19.057265,2999,XONACATEPEC,MONTERREY,0,PEDESTAL,C-26,1,0,0,NOR-ORIENTE
2998,-98.132908,19.057262,3000,XONACATEPEC,MONTERREY,0,PEDESTAL,C-26,1,0,0,NOR-ORIENTE
2999,-98.1329,19.057401,3001,XONACATEPEC,MONTERREY,0,PEDESTAL,C-26,1,0,1,NOR-ORIENTE
3000,-98.132803,19.05734,3002,XONACATEPEC,MONTERREY,0,LATIGO,C-26,1,0,1,NOR-ORIENTE
3001,-98.126734,19.061954,3003,XONACATEPEC,PUEBLA,0,LATIGO,C-26,1,0,1,NOR-ORIENTE
3002,-98.126706,19.061825,3004,XONACATEPEC,PUEBLA,0,LATIGO,C-26,1,0,2,NOR-ORIENTE
3003,-98.126476,19.061771,3005,XONACATEPEC,PUEBLA,0,LATIGO,C-26,1,0,0,NOR-ORIENTE
3004,-98.126158,19.062016,3006,XONACATEPEC,PUEBLA,0,LATIGO,C-26,1,0,2,NOR-ORIENTE
3005,-98.12615,19.061893,3007,XONACATEPEC,PUEBLA,BLVD PUEBLA,LATIGO,C-26,1,0,1,NOR-ORIENTE
3006,-98.249468,19.069333,3008,ZAVALETA,DEL ARCO,0,PEDESTAL,C-26,1,0,0,SUR-PONIENTE
3007,-98.249453,19.069511,3009,ZAVALETA,DEL ARCO,0,LATIGO,C-26,1,0,1,SUR-PONIENTE
3008,-98.19973,19.059172,3010,11 NORTE,28 PONIENTE,0,LATIGO,C-26,1,0,0,NOR-PONIENTE
3009,-98.213942,19.068997,3011,26 A PONIENTE,35 NORTE,0,PEDESTAL,C-26,1,0,0,NOR-PONIENTE
3010,-98.121719,19.065176,3012,XONACATEPEC,CASCO,0,LATIGO,C-26,1,0,2,NOR-ORIENTE
3011,-98.121531,19.065188,3013,XONACATEPEC,CASCO,0,PEDESTAL,C-26,1,0,0,NOR-ORIENTE
3012,-98.121491,19.065338,3014,XONACATEPEC,CASCO,0,LATIGO,C-26,1,0,1,NOR-ORIENTE
3013,-98.213839,19.086906,3015,AQUILES SERDAN,5 DE FEBRERO,0,REPETIDORA,C-26,1,0,0,NOR-ORIENTE
3014,-98.213839,19.086906,3016,AQUILES SERDAN,5 DE FEBRERO,0,PEDESTAL,C-26,1,0,0,NOR-PONIENTE
3015,-98.215654,19.028769,3017,9 SUR,47 PONIENTE,0,PEDESTAL,C-26,1,0,0,SUR-PONIENTE
3016,-98.166527,19.049567,3018,42 NORTE,20 ORIENTE,0,LATIGO,C-26,1,0,1,NOR-ORIENTE
3017,-98.166395,19.049781,3019,42 NORTE,20 ORIENTE,0,LATIGO,C-26,1,0,1,NOR-ORIENTE
3018,-98.221803,19.091408,3020,FRANCISCO VILLA,AUTOPISTA MÉXICO PUEBLA,0,PEDESTAL,C-26,1,0,0,NOR-PONEINTE
3019,-98.209682,19.042308,3021,11 SUR,17 PONIENTE,0,PEDESTAL,C-26,1,0,0,SUR-PONIENTE
3020,-98.221643,19.092185,3022,31 DE OCTUBRE,AUTOPISTA MÉXICO PUEBLA,0,PEDESTAL,C-26,1,0,0,NOR-PONIENTE
3021,-98.193127,19.06726,3023,52 PONIENTE,9 NORTE,0,LATIGO,C-26,1,0,1,NOR-PONIENTE
3022,-98.134556,19.06274,3024,MÉXICO,PUEBLA,0,LATIGO,C-26,1,0,0,NOR-ORIENTE
3023,-98.134276,19.06282,3025,MÉXICO,PUEBLA,0,LATIGO,C-26,1,0,0,NOR-ORIENTE
3024,-98.134264,19.062712,3026,MÉXICO,PUEBLA,0,LATIGO,C-26,1,0,0,NOR-ORIENTE
3025,-98.134515,19.062623,3027,MÉXICO,PUEBLA,0,LATIGO,C-26,1,0,0,NOR-ORIENTE
3026,-98.178348,19.024038,3028,CINCO DE MAYO,ZONA MILITAR,0,LATIGO,C-26,1,0,1,SUR-ORIENTE
3027,-98.223259,18.999795,3029,TEPEXI,16 DE SEPTIEMBRE,0,PEDESTAL,C-26,1,0,0,SUR-ORIENTE
3028,-98.130636,19.043719,3030,FEDERAL PUEBLA,DEL PINO,0,LATIGO,C-26,1,0,1,NOR-ORIENTE
3029,-98.130394,19.043575,3031,DEL PINO,FEDERAL PUEBLA,0,LATIGO,C-26,1,0,2,NOR-ORIENTE
3030,-98.158048,19.055522,3032,18 DE NOVIEMBRE,MIGUEL HIDALGO,0,PEDESTAL,C-216,1,0,0,NOR-ORIENTE
3031,-98.219264,19.045161,3033,23 SUR,21 PONIENTE,0,LATIGO,C-26,1,0,0,SUR-PONIENTE
3032,-98.219228,19.045129,3034,21 PONIENTE,23 SUR,0,PEDESTAL,C-26,1,0,0,SUR-PONIENTE
3033,-98.222388,19.063743,3035,HERMANOS SERDAN,SAN FELIPE,0,PEDESTAL,C-216,1,0,0,NOR-PONIENTE
3034,-98.205076,19.084261,3036,CARMEN SERDÁN,5 DE FEBRERO,0,PEDESTAL,C-210,0,2,0,NOR-PONIENTE
3035,-98.205029,19.084387,3037,CARMEN SERDAN,5 DE FEBRERO,0,PEDESTAL,C-210,0,1,0,NOR-PONIENTE
3036,-98.205065,19.084433,3038,CARMEN SERDAN,5 DE FEBRERO,0,PEDESTAL,C-210,0,1,0,NOR-PONIENTE
3037,-98.205191,19.084455,3039,CARMEN SERDAN,5 DE FEBRERO,0,PEDESTAL,C-210,0,2,0,NOR-PONIENTE
3038,-98.205338,19.084485,3040,CARMEN SERDÁN,5 DE FEBRERO,0,PEDESTAL,C-210,0,1,0,NOR-PONIENTE
3039,-98.205381,19.084453,3041,CARMEN SERDÁN,5 DE FEBRERO,0,PEDESTAL,C-210,0,1,0,NOR-PONIENTE
3040,-98.205361,19.084359,3042,CARMEN SERDÁN,5 DE FEBRERO,0,PEDESTAL,C-210,0,2,0,NOR-PONIENTE
3041,-98.205205,19.084294,3043,CARMEN SERDÁN,5 DE FEBRERO,0,PEDESTAL,C-210,0,2,0,NOR-PONIENTE
3042,-98.221479,19.063561,3044,HERMANOS SERDÁN,SAN FELIPE,0,PEDESTAL,C-213,1,1,0,NOR-PONIENTE
3043,-98.221553,19.063248,3045,HERMANOS SERDÁN,SAN FELIPE,0,LÁTIGO,C-216,1,1,1,NOR-PONIENTE
3044,-98.245781,19.054135,3046,RAFAEL ÁVILA CAMACHO,PINOS,0,PEDESTAL,C-26,1,0,0,NOR-PONIENTE
3045,-98.245795,19.054116,3047,PINOS,RAFAEL ÁVILA CAMACHO,0,LÁTIGO,C-26,1,0,1,NOR-PONIENTE
3046,-98.245724,19.053959,3048,PINOS,RAFAEL ÁVILA CAMACHO,0,LÁTIGO,C-26,1,0,0,NOR-PONIENTE
3047,-98.24575,19.053941,3049,RAFAEL ÁVILA CAMACHO,PINOS,0,PEDESTAL,C-26,1,0,0,NOR-PONIENTE
3048,-98.240529,18.963646,3050,3 SUR,EJE VÍAL K,0,LÁTIGO,C-26,1,0,0,SUR-PONIENTE
3049,-98.240663,18.963658,3051,3 SUR,EJE VÍAL K,0,PEDESTAL,C-26,1,0,0,SUR-PONIENTE
3050,-98.240676,18.963458,3051,3 SUR,POPOCATEPETL,0,LÁTIGO,C-26,1,0,1,SUR-PONIENTE
3051,-98.240466,18.963409,3052,3 SUR,POPOCATEPETL,0,PEDESTAL,C-26,1,0,0,SUR-PONIENTE
3052,-98.240463,18.963347,3053,3 SUR,POPOCATEPETL,0,LÁTIGO,C-26,1,0,1,SUR-PONIENTE
3053,-98.197924,19.062422,3054,36 PONIENTE,11 NORTE,0,PEDESTAL,C-208,1,0,0,NOR-PONIENTE
